edition;exercise;topic;perimeter;sheet;cell;row_label;column_label;raw;source_unit;unit_eur;amount_cents;explicit_zero;period_status;url
2025;2022;comptes_fonds_reserves;FRR;FRR tab_3;C4;PRODUITS NETS;2022;2205;MEUR;1000000;220500000000;False;serie_documentaire_etape_non_inferree;https://www.securite-sociale.fr/files/live/sites/SSFR/files/medias/PLACSS/2025/Annexe%207_Donn%c3%a9es_2025.xlsx
2025;2023;comptes_fonds_reserves;FRR;FRR tab_3;D4;PRODUITS NETS;2023;2630;MEUR;1000000;263000000000;False;serie_documentaire_etape_non_inferree;https://www.securite-sociale.fr/files/live/sites/SSFR/files/medias/PLACSS/2025/Annexe%207_Donn%c3%a9es_2025.xlsx
2025;2024;comptes_fonds_reserves;FRR;FRR tab_3;E4;PRODUITS NETS;2024;2323.6000000000004;MEUR;1000000;232360000000;False;serie_documentaire_etape_non_inferree;https://www.securite-sociale.fr/files/live/sites/SSFR/files/medias/PLACSS/2025/Annexe%207_Donn%c3%a9es_2025.xlsx
2025;2025;comptes_fonds_reserves;FRR;FRR tab_3;F4;PRODUITS NETS;2025;2339;MEUR;1000000;233900000000;False;serie_documentaire_etape_non_inferree;https://www.securite-sociale.fr/files/live/sites/SSFR/files/medias/PLACSS/2025/Annexe%207_Donn%c3%a9es_2025.xlsx
2025;2022;comptes_fonds_reserves;FRR;FRR tab_3;C5;Abondements;2022;0;MEUR;1000000;0;True;serie_documentaire_etape_non_inferree;https://www.securite-sociale.fr/files/live/sites/SSFR/files/medias/PLACSS/2025/Annexe%207_Donn%c3%a9es_2025.xlsx
2025;2023;comptes_fonds_reserves;FRR;FRR tab_3;D5;Abondements;2023;0;MEUR;1000000;0;True;serie_documentaire_etape_non_inferree;https://www.securite-sociale.fr/files/live/sites/SSFR/files/medias/PLACSS/2025/Annexe%207_Donn%c3%a9es_2025.xlsx
2025;2024;comptes_fonds_reserves;FRR;FRR tab_3;E5;Abondements;2024;0;MEUR;1000000;0;True;serie_documentaire_etape_non_inferree;https://www.securite-sociale.fr/files/live/sites/SSFR/files/medias/PLACSS/2025/Annexe%207_Donn%c3%a9es_2025.xlsx
2025;2025;comptes_fonds_reserves;FRR;FRR tab_3;F5;Abondements;2025;0;MEUR;1000000;0;True;serie_documentaire_etape_non_inferree;https://www.securite-sociale.fr/files/live/sites/SSFR/files/medias/PLACSS/2025/Annexe%207_Donn%c3%a9es_2025.xlsx
2025;2022;comptes_fonds_reserves;FRR;FRR tab_3;C6;Prélèvement de 2% sur les revenus du capital;2022;0;MEUR;1000000;0;True;serie_documentaire_etape_non_inferree;https://www.securite-sociale.fr/files/live/sites/SSFR/files/medias/PLACSS/2025/Annexe%207_Donn%c3%a9es_2025.xlsx
2025;2023;comptes_fonds_reserves;FRR;FRR tab_3;D6;Prélèvement de 2% sur les revenus du capital;2023;0;MEUR;1000000;0;True;serie_documentaire_etape_non_inferree;https://www.securite-sociale.fr/files/live/sites/SSFR/files/medias/PLACSS/2025/Annexe%207_Donn%c3%a9es_2025.xlsx
2025;2024;comptes_fonds_reserves;FRR;FRR tab_3;E6;Prélèvement de 2% sur les revenus du capital;2024;0;MEUR;1000000;0;True;serie_documentaire_etape_non_inferree;https://www.securite-sociale.fr/files/live/sites/SSFR/files/medias/PLACSS/2025/Annexe%207_Donn%c3%a9es_2025.xlsx
2025;2025;comptes_fonds_reserves;FRR;FRR tab_3;F6;Prélèvement de 2% sur les revenus du capital;2025;0;MEUR;1000000;0;True;serie_documentaire_etape_non_inferree;https://www.securite-sociale.fr/files/live/sites/SSFR/files/medias/PLACSS/2025/Annexe%207_Donn%c3%a9es_2025.xlsx
2025;2022;comptes_fonds_reserves;FRR;FRR tab_3;C7;UMTS;2022;0;MEUR;1000000;0;True;serie_documentaire_etape_non_inferree;https://www.securite-sociale.fr/files/live/sites/SSFR/files/medias/PLACSS/2025/Annexe%207_Donn%c3%a9es_2025.xlsx
2025;2023;comptes_fonds_reserves;FRR;FRR tab_3;D7;UMTS;2023;0;MEUR;1000000;0;True;serie_documentaire_etape_non_inferree;https://www.securite-sociale.fr/files/live/sites/SSFR/files/medias/PLACSS/2025/Annexe%207_Donn%c3%a9es_2025.xlsx
2025;2024;comptes_fonds_reserves;FRR;FRR tab_3;E7;UMTS;2024;0;MEUR;1000000;0;True;serie_documentaire_etape_non_inferree;https://www.securite-sociale.fr/files/live/sites/SSFR/files/medias/PLACSS/2025/Annexe%207_Donn%c3%a9es_2025.xlsx
2025;2025;comptes_fonds_reserves;FRR;FRR tab_3;F7;UMTS;2025;0;MEUR;1000000;0;True;serie_documentaire_etape_non_inferree;https://www.securite-sociale.fr/files/live/sites/SSFR/files/medias/PLACSS/2025/Annexe%207_Donn%c3%a9es_2025.xlsx
2025;2022;comptes_fonds_reserves;FRR;FRR tab_3;C8;Contribution de 8,2% (PPESV) et consignations   ;2022;0;MEUR;1000000;0;True;serie_documentaire_etape_non_inferree;https://www.securite-sociale.fr/files/live/sites/SSFR/files/medias/PLACSS/2025/Annexe%207_Donn%c3%a9es_2025.xlsx
2025;2023;comptes_fonds_reserves;FRR;FRR tab_3;D8;Contribution de 8,2% (PPESV) et consignations   ;2023;0;MEUR;1000000;0;True;serie_documentaire_etape_non_inferree;https://www.securite-sociale.fr/files/live/sites/SSFR/files/medias/PLACSS/2025/Annexe%207_Donn%c3%a9es_2025.xlsx
2025;2024;comptes_fonds_reserves;FRR;FRR tab_3;E8;Contribution de 8,2% (PPESV) et consignations   ;2024;0;MEUR;1000000;0;True;serie_documentaire_etape_non_inferree;https://www.securite-sociale.fr/files/live/sites/SSFR/files/medias/PLACSS/2025/Annexe%207_Donn%c3%a9es_2025.xlsx
2025;2025;comptes_fonds_reserves;FRR;FRR tab_3;F8;Contribution de 8,2% (PPESV) et consignations   ;2025;0;MEUR;1000000;0;True;serie_documentaire_etape_non_inferree;https://www.securite-sociale.fr/files/live/sites/SSFR/files/medias/PLACSS/2025/Annexe%207_Donn%c3%a9es_2025.xlsx
2025;2022;comptes_fonds_reserves;FRR;FRR tab_3;C10;Produits financiers;2022;2172;MEUR;1000000;217200000000;False;serie_documentaire_etape_non_inferree;https://www.securite-sociale.fr/files/live/sites/SSFR/files/medias/PLACSS/2025/Annexe%207_Donn%c3%a9es_2025.xlsx
2025;2023;comptes_fonds_reserves;FRR;FRR tab_3;D10;Produits financiers;2023;2604;MEUR;1000000;260400000000;False;serie_documentaire_etape_non_inferree;https://www.securite-sociale.fr/files/live/sites/SSFR/files/medias/PLACSS/2025/Annexe%207_Donn%c3%a9es_2025.xlsx
2025;2024;comptes_fonds_reserves;FRR;FRR tab_3;E10;Produits financiers;2024;2310.3000000000002;MEUR;1000000;231030000000;False;serie_documentaire_etape_non_inferree;https://www.securite-sociale.fr/files/live/sites/SSFR/files/medias/PLACSS/2025/Annexe%207_Donn%c3%a9es_2025.xlsx
2025;2025;comptes_fonds_reserves;FRR;FRR tab_3;F10;Produits financiers;2025;2327;MEUR;1000000;232700000000;False;serie_documentaire_etape_non_inferree;https://www.securite-sociale.fr/files/live/sites/SSFR/files/medias/PLACSS/2025/Annexe%207_Donn%c3%a9es_2025.xlsx
2025;2022;comptes_fonds_reserves;FRR;FRR tab_3;C11;Produits de trésorerie courante;2022;0;MEUR;1000000;0;True;serie_documentaire_etape_non_inferree;https://www.securite-sociale.fr/files/live/sites/SSFR/files/medias/PLACSS/2025/Annexe%207_Donn%c3%a9es_2025.xlsx
2025;2023;comptes_fonds_reserves;FRR;FRR tab_3;D11;Produits de trésorerie courante;2023;0;MEUR;1000000;0;True;serie_documentaire_etape_non_inferree;https://www.securite-sociale.fr/files/live/sites/SSFR/files/medias/PLACSS/2025/Annexe%207_Donn%c3%a9es_2025.xlsx
2025;2024;comptes_fonds_reserves;FRR;FRR tab_3;E11;Produits de trésorerie courante;2024;0;MEUR;1000000;0;True;serie_documentaire_etape_non_inferree;https://www.securite-sociale.fr/files/live/sites/SSFR/files/medias/PLACSS/2025/Annexe%207_Donn%c3%a9es_2025.xlsx
2025;2025;comptes_fonds_reserves;FRR;FRR tab_3;F11;Produits de trésorerie courante;2025;0;MEUR;1000000;0;True;serie_documentaire_etape_non_inferree;https://www.securite-sociale.fr/files/live/sites/SSFR/files/medias/PLACSS/2025/Annexe%207_Donn%c3%a9es_2025.xlsx
2025;2022;comptes_fonds_reserves;FRR;FRR tab_3;C12;Produits de gestion financière;2022;2172;MEUR;1000000;217200000000;False;serie_documentaire_etape_non_inferree;https://www.securite-sociale.fr/files/live/sites/SSFR/files/medias/PLACSS/2025/Annexe%207_Donn%c3%a9es_2025.xlsx
2025;2023;comptes_fonds_reserves;FRR;FRR tab_3;D12;Produits de gestion financière;2023;2604;MEUR;1000000;260400000000;False;serie_documentaire_etape_non_inferree;https://www.securite-sociale.fr/files/live/sites/SSFR/files/medias/PLACSS/2025/Annexe%207_Donn%c3%a9es_2025.xlsx
2025;2024;comptes_fonds_reserves;FRR;FRR tab_3;E12;Produits de gestion financière;2024;2310;MEUR;1000000;231000000000;False;serie_documentaire_etape_non_inferree;https://www.securite-sociale.fr/files/live/sites/SSFR/files/medias/PLACSS/2025/Annexe%207_Donn%c3%a9es_2025.xlsx
2025;2025;comptes_fonds_reserves;FRR;FRR tab_3;F12;Produits de gestion financière;2025;2327;MEUR;1000000;232700000000;False;serie_documentaire_etape_non_inferree;https://www.securite-sociale.fr/files/live/sites/SSFR/files/medias/PLACSS/2025/Annexe%207_Donn%c3%a9es_2025.xlsx
2025;2022;comptes_fonds_reserves;FRR;FRR tab_3;C13;Produits d’exploitation;2022;33;MEUR;1000000;3300000000;False;serie_documentaire_etape_non_inferree;https://www.securite-sociale.fr/files/live/sites/SSFR/files/medias/PLACSS/2025/Annexe%207_Donn%c3%a9es_2025.xlsx
2025;2023;comptes_fonds_reserves;FRR;FRR tab_3;D13;Produits d’exploitation;2023;26;MEUR;1000000;2600000000;False;serie_documentaire_etape_non_inferree;https://www.securite-sociale.fr/files/live/sites/SSFR/files/medias/PLACSS/2025/Annexe%207_Donn%c3%a9es_2025.xlsx
2025;2024;comptes_fonds_reserves;FRR;FRR tab_3;E13;Produits d’exploitation;2024;13.3;MEUR;1000000;1330000000;False;serie_documentaire_etape_non_inferree;https://www.securite-sociale.fr/files/live/sites/SSFR/files/medias/PLACSS/2025/Annexe%207_Donn%c3%a9es_2025.xlsx
2025;2025;comptes_fonds_reserves;FRR;FRR tab_3;F13;Produits d’exploitation;2025;12;MEUR;1000000;1200000000;False;serie_documentaire_etape_non_inferree;https://www.securite-sociale.fr/files/live/sites/SSFR/files/medias/PLACSS/2025/Annexe%207_Donn%c3%a9es_2025.xlsx
2025;2022;comptes_fonds_reserves;FRR;FRR tab_3;C14;Produits exceptionnels;2022;0;MEUR;1000000;0;True;serie_documentaire_etape_non_inferree;https://www.securite-sociale.fr/files/live/sites/SSFR/files/medias/PLACSS/2025/Annexe%207_Donn%c3%a9es_2025.xlsx
2025;2023;comptes_fonds_reserves;FRR;FRR tab_3;D14;Produits exceptionnels;2023;0;MEUR;1000000;0;True;serie_documentaire_etape_non_inferree;https://www.securite-sociale.fr/files/live/sites/SSFR/files/medias/PLACSS/2025/Annexe%207_Donn%c3%a9es_2025.xlsx
2025;2024;comptes_fonds_reserves;FRR;FRR tab_3;E14;Produits exceptionnels;2024;0;MEUR;1000000;0;True;serie_documentaire_etape_non_inferree;https://www.securite-sociale.fr/files/live/sites/SSFR/files/medias/PLACSS/2025/Annexe%207_Donn%c3%a9es_2025.xlsx
2025;2025;comptes_fonds_reserves;FRR;FRR tab_3;F14;Produits exceptionnels;2025;0;MEUR;1000000;0;True;serie_documentaire_etape_non_inferree;https://www.securite-sociale.fr/files/live/sites/SSFR/files/medias/PLACSS/2025/Annexe%207_Donn%c3%a9es_2025.xlsx
2025;2022;comptes_fonds_reserves;FRR;FRR tab_3;C15;CHARGES NETTES;2022;2767;MEUR;1000000;276700000000;False;serie_documentaire_etape_non_inferree;https://www.securite-sociale.fr/files/live/sites/SSFR/files/medias/PLACSS/2025/Annexe%207_Donn%c3%a9es_2025.xlsx
2025;2023;comptes_fonds_reserves;FRR;FRR tab_3;D15;CHARGES NETTES;2023;1623;MEUR;1000000;162300000000;False;serie_documentaire_etape_non_inferree;https://www.securite-sociale.fr/files/live/sites/SSFR/files/medias/PLACSS/2025/Annexe%207_Donn%c3%a9es_2025.xlsx
2025;2024;comptes_fonds_reserves;FRR;FRR tab_3;E15;CHARGES NETTES;2024;1132;MEUR;1000000;113200000000;False;serie_documentaire_etape_non_inferree;https://www.securite-sociale.fr/files/live/sites/SSFR/files/medias/PLACSS/2025/Annexe%207_Donn%c3%a9es_2025.xlsx
2025;2025;comptes_fonds_reserves;FRR;FRR tab_3;F15;CHARGES NETTES;2025;1336;MEUR;1000000;133600000000;False;serie_documentaire_etape_non_inferree;https://www.securite-sociale.fr/files/live/sites/SSFR/files/medias/PLACSS/2025/Annexe%207_Donn%c3%a9es_2025.xlsx
2025;2022;comptes_fonds_reserves;FRR;FRR tab_3;C16;Charges de fonctionnement;2022;2767;MEUR;1000000;276700000000;False;serie_documentaire_etape_non_inferree;https://www.securite-sociale.fr/files/live/sites/SSFR/files/medias/PLACSS/2025/Annexe%207_Donn%c3%a9es_2025.xlsx
2025;2023;comptes_fonds_reserves;FRR;FRR tab_3;D16;Charges de fonctionnement;2023;1623;MEUR;1000000;162300000000;False;serie_documentaire_etape_non_inferree;https://www.securite-sociale.fr/files/live/sites/SSFR/files/medias/PLACSS/2025/Annexe%207_Donn%c3%a9es_2025.xlsx
2025;2024;comptes_fonds_reserves;FRR;FRR tab_3;E16;Charges de fonctionnement;2024;1132;MEUR;1000000;113200000000;False;serie_documentaire_etape_non_inferree;https://www.securite-sociale.fr/files/live/sites/SSFR/files/medias/PLACSS/2025/Annexe%207_Donn%c3%a9es_2025.xlsx
2025;2025;comptes_fonds_reserves;FRR;FRR tab_3;F16;Charges de fonctionnement;2025;1336;MEUR;1000000;133600000000;False;serie_documentaire_etape_non_inferree;https://www.securite-sociale.fr/files/live/sites/SSFR/files/medias/PLACSS/2025/Annexe%207_Donn%c3%a9es_2025.xlsx
2025;2022;comptes_fonds_reserves;FRR;FRR tab_3;C17;Frais de gestion administrative;2022;87;MEUR;1000000;8700000000;False;serie_documentaire_etape_non_inferree;https://www.securite-sociale.fr/files/live/sites/SSFR/files/medias/PLACSS/2025/Annexe%207_Donn%c3%a9es_2025.xlsx
2025;2023;comptes_fonds_reserves;FRR;FRR tab_3;D17;Frais de gestion administrative;2023;92;MEUR;1000000;9200000000;False;serie_documentaire_etape_non_inferree;https://www.securite-sociale.fr/files/live/sites/SSFR/files/medias/PLACSS/2025/Annexe%207_Donn%c3%a9es_2025.xlsx
2025;2024;comptes_fonds_reserves;FRR;FRR tab_3;E17;Frais de gestion administrative;2024;84;MEUR;1000000;8400000000;False;serie_documentaire_etape_non_inferree;https://www.securite-sociale.fr/files/live/sites/SSFR/files/medias/PLACSS/2025/Annexe%207_Donn%c3%a9es_2025.xlsx
2025;2025;comptes_fonds_reserves;FRR;FRR tab_3;F17;Frais de gestion administrative;2025;78;MEUR;1000000;7800000000;False;serie_documentaire_etape_non_inferree;https://www.securite-sociale.fr/files/live/sites/SSFR/files/medias/PLACSS/2025/Annexe%207_Donn%c3%a9es_2025.xlsx
2025;2022;comptes_fonds_reserves;FRR;FRR tab_3;C18;Charges de gestion financière;2022;2680;MEUR;1000000;268000000000;False;serie_documentaire_etape_non_inferree;https://www.securite-sociale.fr/files/live/sites/SSFR/files/medias/PLACSS/2025/Annexe%207_Donn%c3%a9es_2025.xlsx
2025;2023;comptes_fonds_reserves;FRR;FRR tab_3;D18;Charges de gestion financière;2023;1531;MEUR;1000000;153100000000;False;serie_documentaire_etape_non_inferree;https://www.securite-sociale.fr/files/live/sites/SSFR/files/medias/PLACSS/2025/Annexe%207_Donn%c3%a9es_2025.xlsx
2025;2024;comptes_fonds_reserves;FRR;FRR tab_3;E18;Charges de gestion financière;2024;1048;MEUR;1000000;104800000000;False;serie_documentaire_etape_non_inferree;https://www.securite-sociale.fr/files/live/sites/SSFR/files/medias/PLACSS/2025/Annexe%207_Donn%c3%a9es_2025.xlsx
2025;2025;comptes_fonds_reserves;FRR;FRR tab_3;F18;Charges de gestion financière;2025;1258;MEUR;1000000;125800000000;False;serie_documentaire_etape_non_inferree;https://www.securite-sociale.fr/files/live/sites/SSFR/files/medias/PLACSS/2025/Annexe%207_Donn%c3%a9es_2025.xlsx
2025;2022;comptes_fonds_reserves;FRR;FRR tab_3;C19;Charges exceptionnelles;2022;0;MEUR;1000000;0;True;serie_documentaire_etape_non_inferree;https://www.securite-sociale.fr/files/live/sites/SSFR/files/medias/PLACSS/2025/Annexe%207_Donn%c3%a9es_2025.xlsx
2025;2023;comptes_fonds_reserves;FRR;FRR tab_3;D19;Charges exceptionnelles;2023;0;MEUR;1000000;0;True;serie_documentaire_etape_non_inferree;https://www.securite-sociale.fr/files/live/sites/SSFR/files/medias/PLACSS/2025/Annexe%207_Donn%c3%a9es_2025.xlsx
2025;2024;comptes_fonds_reserves;FRR;FRR tab_3;E19;Charges exceptionnelles;2024;0;MEUR;1000000;0;True;serie_documentaire_etape_non_inferree;https://www.securite-sociale.fr/files/live/sites/SSFR/files/medias/PLACSS/2025/Annexe%207_Donn%c3%a9es_2025.xlsx
2025;2025;comptes_fonds_reserves;FRR;FRR tab_3;F19;Charges exceptionnelles;2025;0;MEUR;1000000;0;True;serie_documentaire_etape_non_inferree;https://www.securite-sociale.fr/files/live/sites/SSFR/files/medias/PLACSS/2025/Annexe%207_Donn%c3%a9es_2025.xlsx
2025;2022;comptes_fonds_reserves;FRR;FRR tab_3;C21;RESULTAT FINANCIER ;2022;-508;MEUR;1000000;-50800000000;False;serie_documentaire_etape_non_inferree;https://www.securite-sociale.fr/files/live/sites/SSFR/files/medias/PLACSS/2025/Annexe%207_Donn%c3%a9es_2025.xlsx
2025;2023;comptes_fonds_reserves;FRR;FRR tab_3;D21;RESULTAT FINANCIER ;2023;1073;MEUR;1000000;107300000000;False;serie_documentaire_etape_non_inferree;https://www.securite-sociale.fr/files/live/sites/SSFR/files/medias/PLACSS/2025/Annexe%207_Donn%c3%a9es_2025.xlsx
2025;2024;comptes_fonds_reserves;FRR;FRR tab_3;E21;RESULTAT FINANCIER ;2024;1262;MEUR;1000000;126200000000;False;serie_documentaire_etape_non_inferree;https://www.securite-sociale.fr/files/live/sites/SSFR/files/medias/PLACSS/2025/Annexe%207_Donn%c3%a9es_2025.xlsx
2025;2025;comptes_fonds_reserves;FRR;FRR tab_3;F21;RESULTAT FINANCIER ;2025;1069;MEUR;1000000;106900000000;False;serie_documentaire_etape_non_inferree;https://www.securite-sociale.fr/files/live/sites/SSFR/files/medias/PLACSS/2025/Annexe%207_Donn%c3%a9es_2025.xlsx
2025;2022;comptes_fonds_reserves;FRR;FRR tab_3;C23;RESULTAT DE L’EXERCICE ;2022;-562;MEUR;1000000;-56200000000;False;serie_documentaire_etape_non_inferree;https://www.securite-sociale.fr/files/live/sites/SSFR/files/medias/PLACSS/2025/Annexe%207_Donn%c3%a9es_2025.xlsx
2025;2023;comptes_fonds_reserves;FRR;FRR tab_3;D23;RESULTAT DE L’EXERCICE ;2023;1007;MEUR;1000000;100700000000;False;serie_documentaire_etape_non_inferree;https://www.securite-sociale.fr/files/live/sites/SSFR/files/medias/PLACSS/2025/Annexe%207_Donn%c3%a9es_2025.xlsx
2025;2024;comptes_fonds_reserves;FRR;FRR tab_3;E23;RESULTAT DE L’EXERCICE ;2024;1191.6000000000004;MEUR;1000000;119160000000;False;serie_documentaire_etape_non_inferree;https://www.securite-sociale.fr/files/live/sites/SSFR/files/medias/PLACSS/2025/Annexe%207_Donn%c3%a9es_2025.xlsx
2025;2025;comptes_fonds_reserves;FRR;FRR tab_3;F23;RESULTAT DE L’EXERCICE ;2025;1003;MEUR;1000000;100300000000;False;serie_documentaire_etape_non_inferree;https://www.securite-sociale.fr/files/live/sites/SSFR/files/medias/PLACSS/2025/Annexe%207_Donn%c3%a9es_2025.xlsx
2025;2017;dette_sociale;CADES;CADES tab_3;C25;2017;Dette reprise cumulée;260496.10457733815;MEUR;1000000;26049610457734;False;serie_documentaire_etape_non_inferree;https://www.securite-sociale.fr/files/live/sites/SSFR/files/medias/PLACSS/2025/Annexe%207_Donn%c3%a9es_2025.xlsx
2025;2017;dette_sociale;CADES;CADES tab_3;D25;2017;Amortissement annuel;15044;MEUR;1000000;1504400000000;False;serie_documentaire_etape_non_inferree;https://www.securite-sociale.fr/files/live/sites/SSFR/files/medias/PLACSS/2025/Annexe%207_Donn%c3%a9es_2025.xlsx
2025;2017;dette_sociale;CADES;CADES tab_3;E25;2017;Amortissement cumulé;139706.06357733815;MEUR;1000000;13970606357734;False;serie_documentaire_etape_non_inferree;https://www.securite-sociale.fr/files/live/sites/SSFR/files/medias/PLACSS/2025/Annexe%207_Donn%c3%a9es_2025.xlsx
2025;2017;dette_sociale;CADES;CADES tab_3;F25;2017;Situation nette de l'année;-120790.041;MEUR;1000000;-12079004100000;False;serie_documentaire_etape_non_inferree;https://www.securite-sociale.fr/files/live/sites/SSFR/files/medias/PLACSS/2025/Annexe%207_Donn%c3%a9es_2025.xlsx
2025;2018;dette_sociale;CADES;CADES tab_3;C26;2018;Dette reprise cumulée;260496.10457733815;MEUR;1000000;26049610457734;False;serie_documentaire_etape_non_inferree;https://www.securite-sociale.fr/files/live/sites/SSFR/files/medias/PLACSS/2025/Annexe%207_Donn%c3%a9es_2025.xlsx
2025;2018;dette_sociale;CADES;CADES tab_3;D26;2018;Amortissement annuel;15444;MEUR;1000000;1544400000000;False;serie_documentaire_etape_non_inferree;https://www.securite-sociale.fr/files/live/sites/SSFR/files/medias/PLACSS/2025/Annexe%207_Donn%c3%a9es_2025.xlsx
2025;2018;dette_sociale;CADES;CADES tab_3;E26;2018;Amortissement cumulé;155150.06357733815;MEUR;1000000;15515006357734;False;serie_documentaire_etape_non_inferree;https://www.securite-sociale.fr/files/live/sites/SSFR/files/medias/PLACSS/2025/Annexe%207_Donn%c3%a9es_2025.xlsx
2025;2018;dette_sociale;CADES;CADES tab_3;F26;2018;Situation nette de l'année;-105346.041;MEUR;1000000;-10534604100000;False;serie_documentaire_etape_non_inferree;https://www.securite-sociale.fr/files/live/sites/SSFR/files/medias/PLACSS/2025/Annexe%207_Donn%c3%a9es_2025.xlsx
2025;2019;dette_sociale;CADES;CADES tab_3;C27;2019;Dette reprise cumulée;260496.10457733815;MEUR;1000000;26049610457734;False;serie_documentaire_etape_non_inferree;https://www.securite-sociale.fr/files/live/sites/SSFR/files/medias/PLACSS/2025/Annexe%207_Donn%c3%a9es_2025.xlsx
2025;2019;dette_sociale;CADES;CADES tab_3;D27;2019;Amortissement annuel;16253;MEUR;1000000;1625300000000;False;serie_documentaire_etape_non_inferree;https://www.securite-sociale.fr/files/live/sites/SSFR/files/medias/PLACSS/2025/Annexe%207_Donn%c3%a9es_2025.xlsx
2025;2019;dette_sociale;CADES;CADES tab_3;E27;2019;Amortissement cumulé;171403.06357733815;MEUR;1000000;17140306357734;False;serie_documentaire_etape_non_inferree;https://www.securite-sociale.fr/files/live/sites/SSFR/files/medias/PLACSS/2025/Annexe%207_Donn%c3%a9es_2025.xlsx
2025;2019;dette_sociale;CADES;CADES tab_3;F27;2019;Situation nette de l'année;-89093.040999999997;MEUR;1000000;-8909304100000;False;serie_documentaire_etape_non_inferree;https://www.securite-sociale.fr/files/live/sites/SSFR/files/medias/PLACSS/2025/Annexe%207_Donn%c3%a9es_2025.xlsx
2025;2020;dette_sociale;CADES;CADES tab_3;C28;2020;Dette reprise cumulée;280496.10457733815;MEUR;1000000;28049610457734;False;serie_documentaire_etape_non_inferree;https://www.securite-sociale.fr/files/live/sites/SSFR/files/medias/PLACSS/2025/Annexe%207_Donn%c3%a9es_2025.xlsx
2025;2020;dette_sociale;CADES;CADES tab_3;D28;2020;Amortissement annuel;16089;MEUR;1000000;1608900000000;False;serie_documentaire_etape_non_inferree;https://www.securite-sociale.fr/files/live/sites/SSFR/files/medias/PLACSS/2025/Annexe%207_Donn%c3%a9es_2025.xlsx
2025;2020;dette_sociale;CADES;CADES tab_3;E28;2020;Amortissement cumulé;187492.06357733815;MEUR;1000000;18749206357734;False;serie_documentaire_etape_non_inferree;https://www.securite-sociale.fr/files/live/sites/SSFR/files/medias/PLACSS/2025/Annexe%207_Donn%c3%a9es_2025.xlsx
2025;2020;dette_sociale;CADES;CADES tab_3;F28;2020;Situation nette de l'année;-93004.040999999997;MEUR;1000000;-9300404100000;False;serie_documentaire_etape_non_inferree;https://www.securite-sociale.fr/files/live/sites/SSFR/files/medias/PLACSS/2025/Annexe%207_Donn%c3%a9es_2025.xlsx
2025;2021;dette_sociale;CADES;CADES tab_3;C29;2021;Dette reprise cumulée;320496.10457733815;MEUR;1000000;32049610457734;False;serie_documentaire_etape_non_inferree;https://www.securite-sociale.fr/files/live/sites/SSFR/files/medias/PLACSS/2025/Annexe%207_Donn%c3%a9es_2025.xlsx
2025;2021;dette_sociale;CADES;CADES tab_3;D29;2021;Amortissement annuel;17812;MEUR;1000000;1781200000000;False;serie_documentaire_etape_non_inferree;https://www.securite-sociale.fr/files/live/sites/SSFR/files/medias/PLACSS/2025/Annexe%207_Donn%c3%a9es_2025.xlsx
2025;2021;dette_sociale;CADES;CADES tab_3;E29;2021;Amortissement cumulé;205304.06357733815;MEUR;1000000;20530406357734;False;serie_documentaire_etape_non_inferree;https://www.securite-sociale.fr/files/live/sites/SSFR/files/medias/PLACSS/2025/Annexe%207_Donn%c3%a9es_2025.xlsx
2025;2021;dette_sociale;CADES;CADES tab_3;F29;2021;Situation nette de l'année;-115192.041;MEUR;1000000;-11519204100000;False;serie_documentaire_etape_non_inferree;https://www.securite-sociale.fr/files/live/sites/SSFR/files/medias/PLACSS/2025/Annexe%207_Donn%c3%a9es_2025.xlsx
2025;2022;dette_sociale;CADES;CADES tab_3;C30;2022;Dette reprise cumulée;360496.10457733815;MEUR;1000000;36049610457734;False;serie_documentaire_etape_non_inferree;https://www.securite-sociale.fr/files/live/sites/SSFR/files/medias/PLACSS/2025/Annexe%207_Donn%c3%a9es_2025.xlsx
2025;2022;dette_sociale;CADES;CADES tab_3;D30;2022;Amortissement annuel;18960.899999999994;MEUR;1000000;1896090000000;False;serie_documentaire_etape_non_inferree;https://www.securite-sociale.fr/files/live/sites/SSFR/files/medias/PLACSS/2025/Annexe%207_Donn%c3%a9es_2025.xlsx
2025;2022;dette_sociale;CADES;CADES tab_3;E30;2022;Amortissement cumulé;224264.96357733815;MEUR;1000000;22426496357734;False;serie_documentaire_etape_non_inferree;https://www.securite-sociale.fr/files/live/sites/SSFR/files/medias/PLACSS/2025/Annexe%207_Donn%c3%a9es_2025.xlsx
2025;2022;dette_sociale;CADES;CADES tab_3;F30;2022;Situation nette de l'année;-136231.141;MEUR;1000000;-13623114100000;False;serie_documentaire_etape_non_inferree;https://www.securite-sociale.fr/files/live/sites/SSFR/files/medias/PLACSS/2025/Annexe%207_Donn%c3%a9es_2025.xlsx
2025;2023;dette_sociale;CADES;CADES tab_3;C31;2023;Dette reprise cumulée;387728.10457733815;MEUR;1000000;38772810457734;False;serie_documentaire_etape_non_inferree;https://www.securite-sociale.fr/files/live/sites/SSFR/files/medias/PLACSS/2025/Annexe%207_Donn%c3%a9es_2025.xlsx
2025;2023;dette_sociale;CADES;CADES tab_3;D31;2023;Amortissement annuel;18305;MEUR;1000000;1830500000000;False;serie_documentaire_etape_non_inferree;https://www.securite-sociale.fr/files/live/sites/SSFR/files/medias/PLACSS/2025/Annexe%207_Donn%c3%a9es_2025.xlsx
2025;2023;dette_sociale;CADES;CADES tab_3;E31;2023;Amortissement cumulé;242569.96357733815;MEUR;1000000;24256996357734;False;serie_documentaire_etape_non_inferree;https://www.securite-sociale.fr/files/live/sites/SSFR/files/medias/PLACSS/2025/Annexe%207_Donn%c3%a9es_2025.xlsx
2025;2023;dette_sociale;CADES;CADES tab_3;F31;2023;Situation nette de l'année;-145158.141;MEUR;1000000;-14515814100000;False;serie_documentaire_etape_non_inferree;https://www.securite-sociale.fr/files/live/sites/SSFR/files/medias/PLACSS/2025/Annexe%207_Donn%c3%a9es_2025.xlsx
2025;2024;dette_sociale;CADES;CADES tab_3;C32;2024;Dette reprise cumulée;396496.10457733815;MEUR;1000000;39649610457734;False;serie_documentaire_etape_non_inferree;https://www.securite-sociale.fr/files/live/sites/SSFR/files/medias/PLACSS/2025/Annexe%207_Donn%c3%a9es_2025.xlsx
2025;2024;dette_sociale;CADES;CADES tab_3;D32;2024;Amortissement annuel;15988.660000000003;MEUR;1000000;1598866000000;False;serie_documentaire_etape_non_inferree;https://www.securite-sociale.fr/files/live/sites/SSFR/files/medias/PLACSS/2025/Annexe%207_Donn%c3%a9es_2025.xlsx
2025;2024;dette_sociale;CADES;CADES tab_3;E32;2024;Amortissement cumulé;258558.62357733815;MEUR;1000000;25855862357734;False;serie_documentaire_etape_non_inferree;https://www.securite-sociale.fr/files/live/sites/SSFR/files/medias/PLACSS/2025/Annexe%207_Donn%c3%a9es_2025.xlsx
2025;2024;dette_sociale;CADES;CADES tab_3;F32;2024;Situation nette de l'année;-137937.481;MEUR;1000000;-13793748100000;False;serie_documentaire_etape_non_inferree;https://www.securite-sociale.fr/files/live/sites/SSFR/files/medias/PLACSS/2025/Annexe%207_Donn%c3%a9es_2025.xlsx
2025;2025;dette_sociale;CADES;CADES tab_3;C33;2025;Dette reprise cumulée;396496.10457733815;MEUR;1000000;39649610457734;False;serie_documentaire_etape_non_inferree;https://www.securite-sociale.fr/files/live/sites/SSFR/files/medias/PLACSS/2025/Annexe%207_Donn%c3%a9es_2025.xlsx
2025;2025;dette_sociale;CADES;CADES tab_3;D33;2025;Amortissement annuel;16212.876648999605;MEUR;1000000;1621287664900;False;serie_documentaire_etape_non_inferree;https://www.securite-sociale.fr/files/live/sites/SSFR/files/medias/PLACSS/2025/Annexe%207_Donn%c3%a9es_2025.xlsx
2025;2025;dette_sociale;CADES;CADES tab_3;E33;2025;Amortissement cumulé;274771.50022633775;MEUR;1000000;27477150022634;False;serie_documentaire_etape_non_inferree;https://www.securite-sociale.fr/files/live/sites/SSFR/files/medias/PLACSS/2025/Annexe%207_Donn%c3%a9es_2025.xlsx
2025;2025;dette_sociale;CADES;CADES tab_3;F33;2025;Situation nette de l'année;-121724.60435100039;MEUR;1000000;-12172460435100;False;serie_documentaire_etape_non_inferree;https://www.securite-sociale.fr/files/live/sites/SSFR/files/medias/PLACSS/2025/Annexe%207_Donn%c3%a9es_2025.xlsx
2026;2021;comptes_fonds_reserves;FRR;FRR tab 1;C4;PRODUITS NETS;2021;2931;MEUR;1000000;293100000000;False;serie_documentaire_etape_non_inferree;https://www.securite-sociale.fr/files/live/sites/SSFR/files/medias/PLFSS/2026/000.%20Annexe%202%20-%20Tableaux%202026%20v181225.xlsx
2026;2022;comptes_fonds_reserves;FRR;FRR tab 1;D4;PRODUITS NETS;2022;2205;MEUR;1000000;220500000000;False;serie_documentaire_etape_non_inferree;https://www.securite-sociale.fr/files/live/sites/SSFR/files/medias/PLFSS/2026/000.%20Annexe%202%20-%20Tableaux%202026%20v181225.xlsx
2026;2023;comptes_fonds_reserves;FRR;FRR tab 1;E4;PRODUITS NETS;2023;2630;MEUR;1000000;263000000000;False;serie_documentaire_etape_non_inferree;https://www.securite-sociale.fr/files/live/sites/SSFR/files/medias/PLFSS/2026/000.%20Annexe%202%20-%20Tableaux%202026%20v181225.xlsx
2026;2024;comptes_fonds_reserves;FRR;FRR tab 1;F4;PRODUITS NETS;2024;2323.6000000000004;MEUR;1000000;232360000000;False;serie_documentaire_etape_non_inferree;https://www.securite-sociale.fr/files/live/sites/SSFR/files/medias/PLFSS/2026/000.%20Annexe%202%20-%20Tableaux%202026%20v181225.xlsx
2026;2025;comptes_fonds_reserves;FRR;FRR tab 1;G4;PRODUITS NETS;2025 (p);2464;MEUR;1000000;246400000000;False;prevision_explicitement_etiquetee;https://www.securite-sociale.fr/files/live/sites/SSFR/files/medias/PLFSS/2026/000.%20Annexe%202%20-%20Tableaux%202026%20v181225.xlsx
2026;2021;comptes_fonds_reserves;FRR;FRR tab 1;C5;Abondements;2021;0;MEUR;1000000;0;True;serie_documentaire_etape_non_inferree;https://www.securite-sociale.fr/files/live/sites/SSFR/files/medias/PLFSS/2026/000.%20Annexe%202%20-%20Tableaux%202026%20v181225.xlsx
2026;2022;comptes_fonds_reserves;FRR;FRR tab 1;D5;Abondements;2022;0;MEUR;1000000;0;True;serie_documentaire_etape_non_inferree;https://www.securite-sociale.fr/files/live/sites/SSFR/files/medias/PLFSS/2026/000.%20Annexe%202%20-%20Tableaux%202026%20v181225.xlsx
2026;2023;comptes_fonds_reserves;FRR;FRR tab 1;E5;Abondements;2023;0;MEUR;1000000;0;True;serie_documentaire_etape_non_inferree;https://www.securite-sociale.fr/files/live/sites/SSFR/files/medias/PLFSS/2026/000.%20Annexe%202%20-%20Tableaux%202026%20v181225.xlsx
2026;2024;comptes_fonds_reserves;FRR;FRR tab 1;F5;Abondements;2024;0;MEUR;1000000;0;True;serie_documentaire_etape_non_inferree;https://www.securite-sociale.fr/files/live/sites/SSFR/files/medias/PLFSS/2026/000.%20Annexe%202%20-%20Tableaux%202026%20v181225.xlsx
2026;2025;comptes_fonds_reserves;FRR;FRR tab 1;G5;Abondements;2025 (p);0;MEUR;1000000;0;True;prevision_explicitement_etiquetee;https://www.securite-sociale.fr/files/live/sites/SSFR/files/medias/PLFSS/2026/000.%20Annexe%202%20-%20Tableaux%202026%20v181225.xlsx
2026;2021;comptes_fonds_reserves;FRR;FRR tab 1;C6;Prélèvement de 2% sur les revenus du capital;2021;0;MEUR;1000000;0;True;serie_documentaire_etape_non_inferree;https://www.securite-sociale.fr/files/live/sites/SSFR/files/medias/PLFSS/2026/000.%20Annexe%202%20-%20Tableaux%202026%20v181225.xlsx
2026;2022;comptes_fonds_reserves;FRR;FRR tab 1;D6;Prélèvement de 2% sur les revenus du capital;2022;0;MEUR;1000000;0;True;serie_documentaire_etape_non_inferree;https://www.securite-sociale.fr/files/live/sites/SSFR/files/medias/PLFSS/2026/000.%20Annexe%202%20-%20Tableaux%202026%20v181225.xlsx
2026;2023;comptes_fonds_reserves;FRR;FRR tab 1;E6;Prélèvement de 2% sur les revenus du capital;2023;0;MEUR;1000000;0;True;serie_documentaire_etape_non_inferree;https://www.securite-sociale.fr/files/live/sites/SSFR/files/medias/PLFSS/2026/000.%20Annexe%202%20-%20Tableaux%202026%20v181225.xlsx
2026;2024;comptes_fonds_reserves;FRR;FRR tab 1;F6;Prélèvement de 2% sur les revenus du capital;2024;0;MEUR;1000000;0;True;serie_documentaire_etape_non_inferree;https://www.securite-sociale.fr/files/live/sites/SSFR/files/medias/PLFSS/2026/000.%20Annexe%202%20-%20Tableaux%202026%20v181225.xlsx
2026;2025;comptes_fonds_reserves;FRR;FRR tab 1;G6;Prélèvement de 2% sur les revenus du capital;2025 (p);0;MEUR;1000000;0;True;prevision_explicitement_etiquetee;https://www.securite-sociale.fr/files/live/sites/SSFR/files/medias/PLFSS/2026/000.%20Annexe%202%20-%20Tableaux%202026%20v181225.xlsx
2026;2021;comptes_fonds_reserves;FRR;FRR tab 1;C7;UMTS;2021;0;MEUR;1000000;0;True;serie_documentaire_etape_non_inferree;https://www.securite-sociale.fr/files/live/sites/SSFR/files/medias/PLFSS/2026/000.%20Annexe%202%20-%20Tableaux%202026%20v181225.xlsx
2026;2022;comptes_fonds_reserves;FRR;FRR tab 1;D7;UMTS;2022;0;MEUR;1000000;0;True;serie_documentaire_etape_non_inferree;https://www.securite-sociale.fr/files/live/sites/SSFR/files/medias/PLFSS/2026/000.%20Annexe%202%20-%20Tableaux%202026%20v181225.xlsx
2026;2023;comptes_fonds_reserves;FRR;FRR tab 1;E7;UMTS;2023;0;MEUR;1000000;0;True;serie_documentaire_etape_non_inferree;https://www.securite-sociale.fr/files/live/sites/SSFR/files/medias/PLFSS/2026/000.%20Annexe%202%20-%20Tableaux%202026%20v181225.xlsx
2026;2024;comptes_fonds_reserves;FRR;FRR tab 1;F7;UMTS;2024;0;MEUR;1000000;0;True;serie_documentaire_etape_non_inferree;https://www.securite-sociale.fr/files/live/sites/SSFR/files/medias/PLFSS/2026/000.%20Annexe%202%20-%20Tableaux%202026%20v181225.xlsx
2026;2025;comptes_fonds_reserves;FRR;FRR tab 1;G7;UMTS;2025 (p);0;MEUR;1000000;0;True;prevision_explicitement_etiquetee;https://www.securite-sociale.fr/files/live/sites/SSFR/files/medias/PLFSS/2026/000.%20Annexe%202%20-%20Tableaux%202026%20v181225.xlsx
2026;2021;comptes_fonds_reserves;FRR;FRR tab 1;C8;Contribution de 8,2% (PPESV) et consignations   ;2021;0;MEUR;1000000;0;True;serie_documentaire_etape_non_inferree;https://www.securite-sociale.fr/files/live/sites/SSFR/files/medias/PLFSS/2026/000.%20Annexe%202%20-%20Tableaux%202026%20v181225.xlsx
2026;2022;comptes_fonds_reserves;FRR;FRR tab 1;D8;Contribution de 8,2% (PPESV) et consignations   ;2022;0;MEUR;1000000;0;True;serie_documentaire_etape_non_inferree;https://www.securite-sociale.fr/files/live/sites/SSFR/files/medias/PLFSS/2026/000.%20Annexe%202%20-%20Tableaux%202026%20v181225.xlsx
2026;2023;comptes_fonds_reserves;FRR;FRR tab 1;E8;Contribution de 8,2% (PPESV) et consignations   ;2023;0;MEUR;1000000;0;True;serie_documentaire_etape_non_inferree;https://www.securite-sociale.fr/files/live/sites/SSFR/files/medias/PLFSS/2026/000.%20Annexe%202%20-%20Tableaux%202026%20v181225.xlsx
2026;2024;comptes_fonds_reserves;FRR;FRR tab 1;F8;Contribution de 8,2% (PPESV) et consignations   ;2024;0;MEUR;1000000;0;True;serie_documentaire_etape_non_inferree;https://www.securite-sociale.fr/files/live/sites/SSFR/files/medias/PLFSS/2026/000.%20Annexe%202%20-%20Tableaux%202026%20v181225.xlsx
2026;2025;comptes_fonds_reserves;FRR;FRR tab 1;G8;Contribution de 8,2% (PPESV) et consignations   ;2025 (p);0;MEUR;1000000;0;True;prevision_explicitement_etiquetee;https://www.securite-sociale.fr/files/live/sites/SSFR/files/medias/PLFSS/2026/000.%20Annexe%202%20-%20Tableaux%202026%20v181225.xlsx
2026;2021;comptes_fonds_reserves;FRR;FRR tab 1;C10;Produits financiers;2021;2931;MEUR;1000000;293100000000;False;serie_documentaire_etape_non_inferree;https://www.securite-sociale.fr/files/live/sites/SSFR/files/medias/PLFSS/2026/000.%20Annexe%202%20-%20Tableaux%202026%20v181225.xlsx
2026;2022;comptes_fonds_reserves;FRR;FRR tab 1;D10;Produits financiers;2022;2172;MEUR;1000000;217200000000;False;serie_documentaire_etape_non_inferree;https://www.securite-sociale.fr/files/live/sites/SSFR/files/medias/PLFSS/2026/000.%20Annexe%202%20-%20Tableaux%202026%20v181225.xlsx
2026;2023;comptes_fonds_reserves;FRR;FRR tab 1;E10;Produits financiers;2023;2604;MEUR;1000000;260400000000;False;serie_documentaire_etape_non_inferree;https://www.securite-sociale.fr/files/live/sites/SSFR/files/medias/PLFSS/2026/000.%20Annexe%202%20-%20Tableaux%202026%20v181225.xlsx
2026;2024;comptes_fonds_reserves;FRR;FRR tab 1;F10;Produits financiers;2024;2310.3000000000002;MEUR;1000000;231030000000;False;serie_documentaire_etape_non_inferree;https://www.securite-sociale.fr/files/live/sites/SSFR/files/medias/PLFSS/2026/000.%20Annexe%202%20-%20Tableaux%202026%20v181225.xlsx
2026;2025;comptes_fonds_reserves;FRR;FRR tab 1;G10;Produits financiers;2025 (p);2464;MEUR;1000000;246400000000;False;prevision_explicitement_etiquetee;https://www.securite-sociale.fr/files/live/sites/SSFR/files/medias/PLFSS/2026/000.%20Annexe%202%20-%20Tableaux%202026%20v181225.xlsx
2026;2021;comptes_fonds_reserves;FRR;FRR tab 1;C11;Produits de trésorerie courante;2021;0;MEUR;1000000;0;True;serie_documentaire_etape_non_inferree;https://www.securite-sociale.fr/files/live/sites/SSFR/files/medias/PLFSS/2026/000.%20Annexe%202%20-%20Tableaux%202026%20v181225.xlsx
2026;2022;comptes_fonds_reserves;FRR;FRR tab 1;D11;Produits de trésorerie courante;2022;0;MEUR;1000000;0;True;serie_documentaire_etape_non_inferree;https://www.securite-sociale.fr/files/live/sites/SSFR/files/medias/PLFSS/2026/000.%20Annexe%202%20-%20Tableaux%202026%20v181225.xlsx
2026;2023;comptes_fonds_reserves;FRR;FRR tab 1;E11;Produits de trésorerie courante;2023;0;MEUR;1000000;0;True;serie_documentaire_etape_non_inferree;https://www.securite-sociale.fr/files/live/sites/SSFR/files/medias/PLFSS/2026/000.%20Annexe%202%20-%20Tableaux%202026%20v181225.xlsx
2026;2024;comptes_fonds_reserves;FRR;FRR tab 1;F11;Produits de trésorerie courante;2024;0;MEUR;1000000;0;True;serie_documentaire_etape_non_inferree;https://www.securite-sociale.fr/files/live/sites/SSFR/files/medias/PLFSS/2026/000.%20Annexe%202%20-%20Tableaux%202026%20v181225.xlsx
2026;2025;comptes_fonds_reserves;FRR;FRR tab 1;G11;Produits de trésorerie courante;2025 (p);0;MEUR;1000000;0;True;prevision_explicitement_etiquetee;https://www.securite-sociale.fr/files/live/sites/SSFR/files/medias/PLFSS/2026/000.%20Annexe%202%20-%20Tableaux%202026%20v181225.xlsx
2026;2021;comptes_fonds_reserves;FRR;FRR tab 1;C12;Produits de gestion financière;2021;2931;MEUR;1000000;293100000000;False;serie_documentaire_etape_non_inferree;https://www.securite-sociale.fr/files/live/sites/SSFR/files/medias/PLFSS/2026/000.%20Annexe%202%20-%20Tableaux%202026%20v181225.xlsx
2026;2022;comptes_fonds_reserves;FRR;FRR tab 1;D12;Produits de gestion financière;2022;2172;MEUR;1000000;217200000000;False;serie_documentaire_etape_non_inferree;https://www.securite-sociale.fr/files/live/sites/SSFR/files/medias/PLFSS/2026/000.%20Annexe%202%20-%20Tableaux%202026%20v181225.xlsx
2026;2023;comptes_fonds_reserves;FRR;FRR tab 1;E12;Produits de gestion financière;2023;2604;MEUR;1000000;260400000000;False;serie_documentaire_etape_non_inferree;https://www.securite-sociale.fr/files/live/sites/SSFR/files/medias/PLFSS/2026/000.%20Annexe%202%20-%20Tableaux%202026%20v181225.xlsx
2026;2024;comptes_fonds_reserves;FRR;FRR tab 1;F12;Produits de gestion financière;2024;2310;MEUR;1000000;231000000000;False;serie_documentaire_etape_non_inferree;https://www.securite-sociale.fr/files/live/sites/SSFR/files/medias/PLFSS/2026/000.%20Annexe%202%20-%20Tableaux%202026%20v181225.xlsx
2026;2025;comptes_fonds_reserves;FRR;FRR tab 1;G12;Produits de gestion financière;2025 (p);2464;MEUR;1000000;246400000000;False;prevision_explicitement_etiquetee;https://www.securite-sociale.fr/files/live/sites/SSFR/files/medias/PLFSS/2026/000.%20Annexe%202%20-%20Tableaux%202026%20v181225.xlsx
2026;2021;comptes_fonds_reserves;FRR;FRR tab 1;C13;Produits d’exploitation;2021;0;MEUR;1000000;0;True;serie_documentaire_etape_non_inferree;https://www.securite-sociale.fr/files/live/sites/SSFR/files/medias/PLFSS/2026/000.%20Annexe%202%20-%20Tableaux%202026%20v181225.xlsx
2026;2022;comptes_fonds_reserves;FRR;FRR tab 1;D13;Produits d’exploitation;2022;33;MEUR;1000000;3300000000;False;serie_documentaire_etape_non_inferree;https://www.securite-sociale.fr/files/live/sites/SSFR/files/medias/PLFSS/2026/000.%20Annexe%202%20-%20Tableaux%202026%20v181225.xlsx
2026;2023;comptes_fonds_reserves;FRR;FRR tab 1;E13;Produits d’exploitation;2023;26;MEUR;1000000;2600000000;False;serie_documentaire_etape_non_inferree;https://www.securite-sociale.fr/files/live/sites/SSFR/files/medias/PLFSS/2026/000.%20Annexe%202%20-%20Tableaux%202026%20v181225.xlsx
2026;2024;comptes_fonds_reserves;FRR;FRR tab 1;F13;Produits d’exploitation;2024;13.3;MEUR;1000000;1330000000;False;serie_documentaire_etape_non_inferree;https://www.securite-sociale.fr/files/live/sites/SSFR/files/medias/PLFSS/2026/000.%20Annexe%202%20-%20Tableaux%202026%20v181225.xlsx
2026;2025;comptes_fonds_reserves;FRR;FRR tab 1;G13;Produits d’exploitation;2025 (p);0;MEUR;1000000;0;True;prevision_explicitement_etiquetee;https://www.securite-sociale.fr/files/live/sites/SSFR/files/medias/PLFSS/2026/000.%20Annexe%202%20-%20Tableaux%202026%20v181225.xlsx
2026;2021;comptes_fonds_reserves;FRR;FRR tab 1;C14;Produits exceptionnels;2021;0;MEUR;1000000;0;True;serie_documentaire_etape_non_inferree;https://www.securite-sociale.fr/files/live/sites/SSFR/files/medias/PLFSS/2026/000.%20Annexe%202%20-%20Tableaux%202026%20v181225.xlsx
2026;2022;comptes_fonds_reserves;FRR;FRR tab 1;D14;Produits exceptionnels;2022;0;MEUR;1000000;0;True;serie_documentaire_etape_non_inferree;https://www.securite-sociale.fr/files/live/sites/SSFR/files/medias/PLFSS/2026/000.%20Annexe%202%20-%20Tableaux%202026%20v181225.xlsx
2026;2023;comptes_fonds_reserves;FRR;FRR tab 1;E14;Produits exceptionnels;2023;0;MEUR;1000000;0;True;serie_documentaire_etape_non_inferree;https://www.securite-sociale.fr/files/live/sites/SSFR/files/medias/PLFSS/2026/000.%20Annexe%202%20-%20Tableaux%202026%20v181225.xlsx
2026;2024;comptes_fonds_reserves;FRR;FRR tab 1;F14;Produits exceptionnels;2024;0;MEUR;1000000;0;True;serie_documentaire_etape_non_inferree;https://www.securite-sociale.fr/files/live/sites/SSFR/files/medias/PLFSS/2026/000.%20Annexe%202%20-%20Tableaux%202026%20v181225.xlsx
2026;2025;comptes_fonds_reserves;FRR;FRR tab 1;G14;Produits exceptionnels;2025 (p);0;MEUR;1000000;0;True;prevision_explicitement_etiquetee;https://www.securite-sociale.fr/files/live/sites/SSFR/files/medias/PLFSS/2026/000.%20Annexe%202%20-%20Tableaux%202026%20v181225.xlsx
2026;2021;comptes_fonds_reserves;FRR;FRR tab 1;C15;CHARGES NETTES;2021;1367;MEUR;1000000;136700000000;False;serie_documentaire_etape_non_inferree;https://www.securite-sociale.fr/files/live/sites/SSFR/files/medias/PLFSS/2026/000.%20Annexe%202%20-%20Tableaux%202026%20v181225.xlsx
2026;2022;comptes_fonds_reserves;FRR;FRR tab 1;D15;CHARGES NETTES;2022;2767;MEUR;1000000;276700000000;False;serie_documentaire_etape_non_inferree;https://www.securite-sociale.fr/files/live/sites/SSFR/files/medias/PLFSS/2026/000.%20Annexe%202%20-%20Tableaux%202026%20v181225.xlsx
2026;2023;comptes_fonds_reserves;FRR;FRR tab 1;E15;CHARGES NETTES;2023;1623;MEUR;1000000;162300000000;False;serie_documentaire_etape_non_inferree;https://www.securite-sociale.fr/files/live/sites/SSFR/files/medias/PLFSS/2026/000.%20Annexe%202%20-%20Tableaux%202026%20v181225.xlsx
2026;2024;comptes_fonds_reserves;FRR;FRR tab 1;F15;CHARGES NETTES;2024;1132;MEUR;1000000;113200000000;False;serie_documentaire_etape_non_inferree;https://www.securite-sociale.fr/files/live/sites/SSFR/files/medias/PLFSS/2026/000.%20Annexe%202%20-%20Tableaux%202026%20v181225.xlsx
2026;2025;comptes_fonds_reserves;FRR;FRR tab 1;G15;CHARGES NETTES;2025 (p);1657;MEUR;1000000;165700000000;False;prevision_explicitement_etiquetee;https://www.securite-sociale.fr/files/live/sites/SSFR/files/medias/PLFSS/2026/000.%20Annexe%202%20-%20Tableaux%202026%20v181225.xlsx
2026;2021;comptes_fonds_reserves;FRR;FRR tab 1;C16;Charges de fonctionnement;2021;1367;MEUR;1000000;136700000000;False;serie_documentaire_etape_non_inferree;https://www.securite-sociale.fr/files/live/sites/SSFR/files/medias/PLFSS/2026/000.%20Annexe%202%20-%20Tableaux%202026%20v181225.xlsx
2026;2022;comptes_fonds_reserves;FRR;FRR tab 1;D16;Charges de fonctionnement;2022;2767;MEUR;1000000;276700000000;False;serie_documentaire_etape_non_inferree;https://www.securite-sociale.fr/files/live/sites/SSFR/files/medias/PLFSS/2026/000.%20Annexe%202%20-%20Tableaux%202026%20v181225.xlsx
2026;2023;comptes_fonds_reserves;FRR;FRR tab 1;E16;Charges de fonctionnement;2023;1623;MEUR;1000000;162300000000;False;serie_documentaire_etape_non_inferree;https://www.securite-sociale.fr/files/live/sites/SSFR/files/medias/PLFSS/2026/000.%20Annexe%202%20-%20Tableaux%202026%20v181225.xlsx
2026;2024;comptes_fonds_reserves;FRR;FRR tab 1;F16;Charges de fonctionnement;2024;1132;MEUR;1000000;113200000000;False;serie_documentaire_etape_non_inferree;https://www.securite-sociale.fr/files/live/sites/SSFR/files/medias/PLFSS/2026/000.%20Annexe%202%20-%20Tableaux%202026%20v181225.xlsx
2026;2025;comptes_fonds_reserves;FRR;FRR tab 1;G16;Charges de fonctionnement;2025 (p);1657;MEUR;1000000;165700000000;False;prevision_explicitement_etiquetee;https://www.securite-sociale.fr/files/live/sites/SSFR/files/medias/PLFSS/2026/000.%20Annexe%202%20-%20Tableaux%202026%20v181225.xlsx
2026;2021;comptes_fonds_reserves;FRR;FRR tab 1;C17;Frais de gestion administrative;2021;85;MEUR;1000000;8500000000;False;serie_documentaire_etape_non_inferree;https://www.securite-sociale.fr/files/live/sites/SSFR/files/medias/PLFSS/2026/000.%20Annexe%202%20-%20Tableaux%202026%20v181225.xlsx
2026;2022;comptes_fonds_reserves;FRR;FRR tab 1;D17;Frais de gestion administrative;2022;87;MEUR;1000000;8700000000;False;serie_documentaire_etape_non_inferree;https://www.securite-sociale.fr/files/live/sites/SSFR/files/medias/PLFSS/2026/000.%20Annexe%202%20-%20Tableaux%202026%20v181225.xlsx
2026;2023;comptes_fonds_reserves;FRR;FRR tab 1;E17;Frais de gestion administrative;2023;92;MEUR;1000000;9200000000;False;serie_documentaire_etape_non_inferree;https://www.securite-sociale.fr/files/live/sites/SSFR/files/medias/PLFSS/2026/000.%20Annexe%202%20-%20Tableaux%202026%20v181225.xlsx
2026;2024;comptes_fonds_reserves;FRR;FRR tab 1;F17;Frais de gestion administrative;2024;84;MEUR;1000000;8400000000;False;serie_documentaire_etape_non_inferree;https://www.securite-sociale.fr/files/live/sites/SSFR/files/medias/PLFSS/2026/000.%20Annexe%202%20-%20Tableaux%202026%20v181225.xlsx
2026;2025;comptes_fonds_reserves;FRR;FRR tab 1;G17;Frais de gestion administrative;2025 (p);76;MEUR;1000000;7600000000;False;prevision_explicitement_etiquetee;https://www.securite-sociale.fr/files/live/sites/SSFR/files/medias/PLFSS/2026/000.%20Annexe%202%20-%20Tableaux%202026%20v181225.xlsx
2026;2021;comptes_fonds_reserves;FRR;FRR tab 1;C18;Charges de gestion financière;2021;1282;MEUR;1000000;128200000000;False;serie_documentaire_etape_non_inferree;https://www.securite-sociale.fr/files/live/sites/SSFR/files/medias/PLFSS/2026/000.%20Annexe%202%20-%20Tableaux%202026%20v181225.xlsx
2026;2022;comptes_fonds_reserves;FRR;FRR tab 1;D18;Charges de gestion financière;2022;2680;MEUR;1000000;268000000000;False;serie_documentaire_etape_non_inferree;https://www.securite-sociale.fr/files/live/sites/SSFR/files/medias/PLFSS/2026/000.%20Annexe%202%20-%20Tableaux%202026%20v181225.xlsx
2026;2023;comptes_fonds_reserves;FRR;FRR tab 1;E18;Charges de gestion financière;2023;1531;MEUR;1000000;153100000000;False;serie_documentaire_etape_non_inferree;https://www.securite-sociale.fr/files/live/sites/SSFR/files/medias/PLFSS/2026/000.%20Annexe%202%20-%20Tableaux%202026%20v181225.xlsx
2026;2024;comptes_fonds_reserves;FRR;FRR tab 1;F18;Charges de gestion financière;2024;1048;MEUR;1000000;104800000000;False;serie_documentaire_etape_non_inferree;https://www.securite-sociale.fr/files/live/sites/SSFR/files/medias/PLFSS/2026/000.%20Annexe%202%20-%20Tableaux%202026%20v181225.xlsx
2026;2025;comptes_fonds_reserves;FRR;FRR tab 1;G18;Charges de gestion financière;2025 (p);1581;MEUR;1000000;158100000000;False;prevision_explicitement_etiquetee;https://www.securite-sociale.fr/files/live/sites/SSFR/files/medias/PLFSS/2026/000.%20Annexe%202%20-%20Tableaux%202026%20v181225.xlsx
2026;2021;comptes_fonds_reserves;FRR;FRR tab 1;C19;Charges exceptionnelles;2021;0;MEUR;1000000;0;True;serie_documentaire_etape_non_inferree;https://www.securite-sociale.fr/files/live/sites/SSFR/files/medias/PLFSS/2026/000.%20Annexe%202%20-%20Tableaux%202026%20v181225.xlsx
2026;2022;comptes_fonds_reserves;FRR;FRR tab 1;D19;Charges exceptionnelles;2022;0;MEUR;1000000;0;True;serie_documentaire_etape_non_inferree;https://www.securite-sociale.fr/files/live/sites/SSFR/files/medias/PLFSS/2026/000.%20Annexe%202%20-%20Tableaux%202026%20v181225.xlsx
2026;2023;comptes_fonds_reserves;FRR;FRR tab 1;E19;Charges exceptionnelles;2023;0;MEUR;1000000;0;True;serie_documentaire_etape_non_inferree;https://www.securite-sociale.fr/files/live/sites/SSFR/files/medias/PLFSS/2026/000.%20Annexe%202%20-%20Tableaux%202026%20v181225.xlsx
2026;2024;comptes_fonds_reserves;FRR;FRR tab 1;F19;Charges exceptionnelles;2024;0;MEUR;1000000;0;True;serie_documentaire_etape_non_inferree;https://www.securite-sociale.fr/files/live/sites/SSFR/files/medias/PLFSS/2026/000.%20Annexe%202%20-%20Tableaux%202026%20v181225.xlsx
2026;2025;comptes_fonds_reserves;FRR;FRR tab 1;G19;Charges exceptionnelles;2025 (p);0;MEUR;1000000;0;True;prevision_explicitement_etiquetee;https://www.securite-sociale.fr/files/live/sites/SSFR/files/medias/PLFSS/2026/000.%20Annexe%202%20-%20Tableaux%202026%20v181225.xlsx
2026;2021;comptes_fonds_reserves;FRR;FRR tab 1;C21;RESULTAT FINANCIER ;2021;1649;MEUR;1000000;164900000000;False;serie_documentaire_etape_non_inferree;https://www.securite-sociale.fr/files/live/sites/SSFR/files/medias/PLFSS/2026/000.%20Annexe%202%20-%20Tableaux%202026%20v181225.xlsx
2026;2022;comptes_fonds_reserves;FRR;FRR tab 1;D21;RESULTAT FINANCIER ;2022;-508;MEUR;1000000;-50800000000;False;serie_documentaire_etape_non_inferree;https://www.securite-sociale.fr/files/live/sites/SSFR/files/medias/PLFSS/2026/000.%20Annexe%202%20-%20Tableaux%202026%20v181225.xlsx
2026;2023;comptes_fonds_reserves;FRR;FRR tab 1;E21;RESULTAT FINANCIER ;2023;1073;MEUR;1000000;107300000000;False;serie_documentaire_etape_non_inferree;https://www.securite-sociale.fr/files/live/sites/SSFR/files/medias/PLFSS/2026/000.%20Annexe%202%20-%20Tableaux%202026%20v181225.xlsx
2026;2024;comptes_fonds_reserves;FRR;FRR tab 1;F21;RESULTAT FINANCIER ;2024;1262;MEUR;1000000;126200000000;False;serie_documentaire_etape_non_inferree;https://www.securite-sociale.fr/files/live/sites/SSFR/files/medias/PLFSS/2026/000.%20Annexe%202%20-%20Tableaux%202026%20v181225.xlsx
2026;2025;comptes_fonds_reserves;FRR;FRR tab 1;G21;RESULTAT FINANCIER ;2025 (p);883;MEUR;1000000;88300000000;False;prevision_explicitement_etiquetee;https://www.securite-sociale.fr/files/live/sites/SSFR/files/medias/PLFSS/2026/000.%20Annexe%202%20-%20Tableaux%202026%20v181225.xlsx
2026;2021;comptes_fonds_reserves;FRR;FRR tab 1;C23;RESULTAT DE L’EXERCICE ;2021;1564;MEUR;1000000;156400000000;False;serie_documentaire_etape_non_inferree;https://www.securite-sociale.fr/files/live/sites/SSFR/files/medias/PLFSS/2026/000.%20Annexe%202%20-%20Tableaux%202026%20v181225.xlsx
2026;2022;comptes_fonds_reserves;FRR;FRR tab 1;D23;RESULTAT DE L’EXERCICE ;2022;-562;MEUR;1000000;-56200000000;False;serie_documentaire_etape_non_inferree;https://www.securite-sociale.fr/files/live/sites/SSFR/files/medias/PLFSS/2026/000.%20Annexe%202%20-%20Tableaux%202026%20v181225.xlsx
2026;2023;comptes_fonds_reserves;FRR;FRR tab 1;E23;RESULTAT DE L’EXERCICE ;2023;1007;MEUR;1000000;100700000000;False;serie_documentaire_etape_non_inferree;https://www.securite-sociale.fr/files/live/sites/SSFR/files/medias/PLFSS/2026/000.%20Annexe%202%20-%20Tableaux%202026%20v181225.xlsx
2026;2024;comptes_fonds_reserves;FRR;FRR tab 1;F23;RESULTAT DE L’EXERCICE ;2024;1191.6000000000004;MEUR;1000000;119160000000;False;serie_documentaire_etape_non_inferree;https://www.securite-sociale.fr/files/live/sites/SSFR/files/medias/PLFSS/2026/000.%20Annexe%202%20-%20Tableaux%202026%20v181225.xlsx
2026;2025;comptes_fonds_reserves;FRR;FRR tab 1;G23;RESULTAT DE L’EXERCICE ;2025 (p);807;MEUR;1000000;80700000000;False;prevision_explicitement_etiquetee;https://www.securite-sociale.fr/files/live/sites/SSFR/files/medias/PLFSS/2026/000.%20Annexe%202%20-%20Tableaux%202026%20v181225.xlsx
2024;2021;comptes_fonds_reserves;FRR;FRR tab_3;C4;PRODUITS NETS;2021;2931;MEUR;1000000;293100000000;False;serie_documentaire_etape_non_inferree;https://www.securite-sociale.fr/files/live/sites/SSFR/files/medias/PLACSS/2024/Donn%c3%a9es%20chiffr%c3%a9es/Annexe%207_Donn%c3%a9es.xlsx
2024;2022;comptes_fonds_reserves;FRR;FRR tab_3;D4;PRODUITS NETS;2022;2205;MEUR;1000000;220500000000;False;serie_documentaire_etape_non_inferree;https://www.securite-sociale.fr/files/live/sites/SSFR/files/medias/PLACSS/2024/Donn%c3%a9es%20chiffr%c3%a9es/Annexe%207_Donn%c3%a9es.xlsx
2024;2023;comptes_fonds_reserves;FRR;FRR tab_3;E4;PRODUITS NETS;2023;2630;MEUR;1000000;263000000000;False;serie_documentaire_etape_non_inferree;https://www.securite-sociale.fr/files/live/sites/SSFR/files/medias/PLACSS/2024/Donn%c3%a9es%20chiffr%c3%a9es/Annexe%207_Donn%c3%a9es.xlsx
2024;2024;comptes_fonds_reserves;FRR;FRR tab_3;F4;PRODUITS NETS;2024;2323.6000000000004;MEUR;1000000;232360000000;False;serie_documentaire_etape_non_inferree;https://www.securite-sociale.fr/files/live/sites/SSFR/files/medias/PLACSS/2024/Donn%c3%a9es%20chiffr%c3%a9es/Annexe%207_Donn%c3%a9es.xlsx
2024;2021;comptes_fonds_reserves;FRR;FRR tab_3;C5;Abondements;2021;0;MEUR;1000000;0;True;serie_documentaire_etape_non_inferree;https://www.securite-sociale.fr/files/live/sites/SSFR/files/medias/PLACSS/2024/Donn%c3%a9es%20chiffr%c3%a9es/Annexe%207_Donn%c3%a9es.xlsx
2024;2022;comptes_fonds_reserves;FRR;FRR tab_3;D5;Abondements;2022;0;MEUR;1000000;0;True;serie_documentaire_etape_non_inferree;https://www.securite-sociale.fr/files/live/sites/SSFR/files/medias/PLACSS/2024/Donn%c3%a9es%20chiffr%c3%a9es/Annexe%207_Donn%c3%a9es.xlsx
2024;2023;comptes_fonds_reserves;FRR;FRR tab_3;E5;Abondements;2023;0;MEUR;1000000;0;True;serie_documentaire_etape_non_inferree;https://www.securite-sociale.fr/files/live/sites/SSFR/files/medias/PLACSS/2024/Donn%c3%a9es%20chiffr%c3%a9es/Annexe%207_Donn%c3%a9es.xlsx
2024;2024;comptes_fonds_reserves;FRR;FRR tab_3;F5;Abondements;2024;0;MEUR;1000000;0;True;serie_documentaire_etape_non_inferree;https://www.securite-sociale.fr/files/live/sites/SSFR/files/medias/PLACSS/2024/Donn%c3%a9es%20chiffr%c3%a9es/Annexe%207_Donn%c3%a9es.xlsx
2024;2021;comptes_fonds_reserves;FRR;FRR tab_3;C6;Prélèvement de 2% sur les revenus du capital;2021;0;MEUR;1000000;0;True;serie_documentaire_etape_non_inferree;https://www.securite-sociale.fr/files/live/sites/SSFR/files/medias/PLACSS/2024/Donn%c3%a9es%20chiffr%c3%a9es/Annexe%207_Donn%c3%a9es.xlsx
2024;2022;comptes_fonds_reserves;FRR;FRR tab_3;D6;Prélèvement de 2% sur les revenus du capital;2022;0;MEUR;1000000;0;True;serie_documentaire_etape_non_inferree;https://www.securite-sociale.fr/files/live/sites/SSFR/files/medias/PLACSS/2024/Donn%c3%a9es%20chiffr%c3%a9es/Annexe%207_Donn%c3%a9es.xlsx
2024;2023;comptes_fonds_reserves;FRR;FRR tab_3;E6;Prélèvement de 2% sur les revenus du capital;2023;0;MEUR;1000000;0;True;serie_documentaire_etape_non_inferree;https://www.securite-sociale.fr/files/live/sites/SSFR/files/medias/PLACSS/2024/Donn%c3%a9es%20chiffr%c3%a9es/Annexe%207_Donn%c3%a9es.xlsx
2024;2024;comptes_fonds_reserves;FRR;FRR tab_3;F6;Prélèvement de 2% sur les revenus du capital;2024;0;MEUR;1000000;0;True;serie_documentaire_etape_non_inferree;https://www.securite-sociale.fr/files/live/sites/SSFR/files/medias/PLACSS/2024/Donn%c3%a9es%20chiffr%c3%a9es/Annexe%207_Donn%c3%a9es.xlsx
2024;2021;comptes_fonds_reserves;FRR;FRR tab_3;C7;UMTS;2021;0;MEUR;1000000;0;True;serie_documentaire_etape_non_inferree;https://www.securite-sociale.fr/files/live/sites/SSFR/files/medias/PLACSS/2024/Donn%c3%a9es%20chiffr%c3%a9es/Annexe%207_Donn%c3%a9es.xlsx
2024;2022;comptes_fonds_reserves;FRR;FRR tab_3;D7;UMTS;2022;0;MEUR;1000000;0;True;serie_documentaire_etape_non_inferree;https://www.securite-sociale.fr/files/live/sites/SSFR/files/medias/PLACSS/2024/Donn%c3%a9es%20chiffr%c3%a9es/Annexe%207_Donn%c3%a9es.xlsx
2024;2023;comptes_fonds_reserves;FRR;FRR tab_3;E7;UMTS;2023;0;MEUR;1000000;0;True;serie_documentaire_etape_non_inferree;https://www.securite-sociale.fr/files/live/sites/SSFR/files/medias/PLACSS/2024/Donn%c3%a9es%20chiffr%c3%a9es/Annexe%207_Donn%c3%a9es.xlsx
2024;2024;comptes_fonds_reserves;FRR;FRR tab_3;F7;UMTS;2024;0;MEUR;1000000;0;True;serie_documentaire_etape_non_inferree;https://www.securite-sociale.fr/files/live/sites/SSFR/files/medias/PLACSS/2024/Donn%c3%a9es%20chiffr%c3%a9es/Annexe%207_Donn%c3%a9es.xlsx
2024;2021;comptes_fonds_reserves;FRR;FRR tab_3;C8;Contribution de 8,2% (PPESV) et consignations   ;2021;0;MEUR;1000000;0;True;serie_documentaire_etape_non_inferree;https://www.securite-sociale.fr/files/live/sites/SSFR/files/medias/PLACSS/2024/Donn%c3%a9es%20chiffr%c3%a9es/Annexe%207_Donn%c3%a9es.xlsx
2024;2022;comptes_fonds_reserves;FRR;FRR tab_3;D8;Contribution de 8,2% (PPESV) et consignations   ;2022;0;MEUR;1000000;0;True;serie_documentaire_etape_non_inferree;https://www.securite-sociale.fr/files/live/sites/SSFR/files/medias/PLACSS/2024/Donn%c3%a9es%20chiffr%c3%a9es/Annexe%207_Donn%c3%a9es.xlsx
2024;2023;comptes_fonds_reserves;FRR;FRR tab_3;E8;Contribution de 8,2% (PPESV) et consignations   ;2023;0;MEUR;1000000;0;True;serie_documentaire_etape_non_inferree;https://www.securite-sociale.fr/files/live/sites/SSFR/files/medias/PLACSS/2024/Donn%c3%a9es%20chiffr%c3%a9es/Annexe%207_Donn%c3%a9es.xlsx
2024;2024;comptes_fonds_reserves;FRR;FRR tab_3;F8;Contribution de 8,2% (PPESV) et consignations   ;2024;0;MEUR;1000000;0;True;serie_documentaire_etape_non_inferree;https://www.securite-sociale.fr/files/live/sites/SSFR/files/medias/PLACSS/2024/Donn%c3%a9es%20chiffr%c3%a9es/Annexe%207_Donn%c3%a9es.xlsx
2024;2021;comptes_fonds_reserves;FRR;FRR tab_3;C10;Produits financiers;2021;2931;MEUR;1000000;293100000000;False;serie_documentaire_etape_non_inferree;https://www.securite-sociale.fr/files/live/sites/SSFR/files/medias/PLACSS/2024/Donn%c3%a9es%20chiffr%c3%a9es/Annexe%207_Donn%c3%a9es.xlsx
2024;2022;comptes_fonds_reserves;FRR;FRR tab_3;D10;Produits financiers;2022;2172;MEUR;1000000;217200000000;False;serie_documentaire_etape_non_inferree;https://www.securite-sociale.fr/files/live/sites/SSFR/files/medias/PLACSS/2024/Donn%c3%a9es%20chiffr%c3%a9es/Annexe%207_Donn%c3%a9es.xlsx
2024;2023;comptes_fonds_reserves;FRR;FRR tab_3;E10;Produits financiers;2023;2604;MEUR;1000000;260400000000;False;serie_documentaire_etape_non_inferree;https://www.securite-sociale.fr/files/live/sites/SSFR/files/medias/PLACSS/2024/Donn%c3%a9es%20chiffr%c3%a9es/Annexe%207_Donn%c3%a9es.xlsx
2024;2024;comptes_fonds_reserves;FRR;FRR tab_3;F10;Produits financiers;2024;2310.3000000000002;MEUR;1000000;231030000000;False;serie_documentaire_etape_non_inferree;https://www.securite-sociale.fr/files/live/sites/SSFR/files/medias/PLACSS/2024/Donn%c3%a9es%20chiffr%c3%a9es/Annexe%207_Donn%c3%a9es.xlsx
2024;2021;comptes_fonds_reserves;FRR;FRR tab_3;C11;Produits de trésorerie courante;2021;0;MEUR;1000000;0;True;serie_documentaire_etape_non_inferree;https://www.securite-sociale.fr/files/live/sites/SSFR/files/medias/PLACSS/2024/Donn%c3%a9es%20chiffr%c3%a9es/Annexe%207_Donn%c3%a9es.xlsx
2024;2022;comptes_fonds_reserves;FRR;FRR tab_3;D11;Produits de trésorerie courante;2022;0;MEUR;1000000;0;True;serie_documentaire_etape_non_inferree;https://www.securite-sociale.fr/files/live/sites/SSFR/files/medias/PLACSS/2024/Donn%c3%a9es%20chiffr%c3%a9es/Annexe%207_Donn%c3%a9es.xlsx
2024;2023;comptes_fonds_reserves;FRR;FRR tab_3;E11;Produits de trésorerie courante;2023;0;MEUR;1000000;0;True;serie_documentaire_etape_non_inferree;https://www.securite-sociale.fr/files/live/sites/SSFR/files/medias/PLACSS/2024/Donn%c3%a9es%20chiffr%c3%a9es/Annexe%207_Donn%c3%a9es.xlsx
2024;2024;comptes_fonds_reserves;FRR;FRR tab_3;F11;Produits de trésorerie courante;2024;0;MEUR;1000000;0;True;serie_documentaire_etape_non_inferree;https://www.securite-sociale.fr/files/live/sites/SSFR/files/medias/PLACSS/2024/Donn%c3%a9es%20chiffr%c3%a9es/Annexe%207_Donn%c3%a9es.xlsx
2024;2021;comptes_fonds_reserves;FRR;FRR tab_3;C12;Produits de gestion financière;2021;2931;MEUR;1000000;293100000000;False;serie_documentaire_etape_non_inferree;https://www.securite-sociale.fr/files/live/sites/SSFR/files/medias/PLACSS/2024/Donn%c3%a9es%20chiffr%c3%a9es/Annexe%207_Donn%c3%a9es.xlsx
2024;2022;comptes_fonds_reserves;FRR;FRR tab_3;D12;Produits de gestion financière;2022;2172;MEUR;1000000;217200000000;False;serie_documentaire_etape_non_inferree;https://www.securite-sociale.fr/files/live/sites/SSFR/files/medias/PLACSS/2024/Donn%c3%a9es%20chiffr%c3%a9es/Annexe%207_Donn%c3%a9es.xlsx
2024;2023;comptes_fonds_reserves;FRR;FRR tab_3;E12;Produits de gestion financière;2023;2604;MEUR;1000000;260400000000;False;serie_documentaire_etape_non_inferree;https://www.securite-sociale.fr/files/live/sites/SSFR/files/medias/PLACSS/2024/Donn%c3%a9es%20chiffr%c3%a9es/Annexe%207_Donn%c3%a9es.xlsx
2024;2024;comptes_fonds_reserves;FRR;FRR tab_3;F12;Produits de gestion financière;2024;2310;MEUR;1000000;231000000000;False;serie_documentaire_etape_non_inferree;https://www.securite-sociale.fr/files/live/sites/SSFR/files/medias/PLACSS/2024/Donn%c3%a9es%20chiffr%c3%a9es/Annexe%207_Donn%c3%a9es.xlsx
2024;2021;comptes_fonds_reserves;FRR;FRR tab_3;C13;Produits d’exploitation;2021;0;MEUR;1000000;0;True;serie_documentaire_etape_non_inferree;https://www.securite-sociale.fr/files/live/sites/SSFR/files/medias/PLACSS/2024/Donn%c3%a9es%20chiffr%c3%a9es/Annexe%207_Donn%c3%a9es.xlsx
2024;2022;comptes_fonds_reserves;FRR;FRR tab_3;D13;Produits d’exploitation;2022;33;MEUR;1000000;3300000000;False;serie_documentaire_etape_non_inferree;https://www.securite-sociale.fr/files/live/sites/SSFR/files/medias/PLACSS/2024/Donn%c3%a9es%20chiffr%c3%a9es/Annexe%207_Donn%c3%a9es.xlsx
2024;2023;comptes_fonds_reserves;FRR;FRR tab_3;E13;Produits d’exploitation;2023;26;MEUR;1000000;2600000000;False;serie_documentaire_etape_non_inferree;https://www.securite-sociale.fr/files/live/sites/SSFR/files/medias/PLACSS/2024/Donn%c3%a9es%20chiffr%c3%a9es/Annexe%207_Donn%c3%a9es.xlsx
2024;2024;comptes_fonds_reserves;FRR;FRR tab_3;F13;Produits d’exploitation;2024;13.3;MEUR;1000000;1330000000;False;serie_documentaire_etape_non_inferree;https://www.securite-sociale.fr/files/live/sites/SSFR/files/medias/PLACSS/2024/Donn%c3%a9es%20chiffr%c3%a9es/Annexe%207_Donn%c3%a9es.xlsx
2024;2021;comptes_fonds_reserves;FRR;FRR tab_3;C14;Produits exceptionnels;2021;0;MEUR;1000000;0;True;serie_documentaire_etape_non_inferree;https://www.securite-sociale.fr/files/live/sites/SSFR/files/medias/PLACSS/2024/Donn%c3%a9es%20chiffr%c3%a9es/Annexe%207_Donn%c3%a9es.xlsx
2024;2022;comptes_fonds_reserves;FRR;FRR tab_3;D14;Produits exceptionnels;2022;0;MEUR;1000000;0;True;serie_documentaire_etape_non_inferree;https://www.securite-sociale.fr/files/live/sites/SSFR/files/medias/PLACSS/2024/Donn%c3%a9es%20chiffr%c3%a9es/Annexe%207_Donn%c3%a9es.xlsx
2024;2023;comptes_fonds_reserves;FRR;FRR tab_3;E14;Produits exceptionnels;2023;0;MEUR;1000000;0;True;serie_documentaire_etape_non_inferree;https://www.securite-sociale.fr/files/live/sites/SSFR/files/medias/PLACSS/2024/Donn%c3%a9es%20chiffr%c3%a9es/Annexe%207_Donn%c3%a9es.xlsx
2024;2024;comptes_fonds_reserves;FRR;FRR tab_3;F14;Produits exceptionnels;2024;0;MEUR;1000000;0;True;serie_documentaire_etape_non_inferree;https://www.securite-sociale.fr/files/live/sites/SSFR/files/medias/PLACSS/2024/Donn%c3%a9es%20chiffr%c3%a9es/Annexe%207_Donn%c3%a9es.xlsx
2024;2021;comptes_fonds_reserves;FRR;FRR tab_3;C15;CHARGES NETTES;2021;1367;MEUR;1000000;136700000000;False;serie_documentaire_etape_non_inferree;https://www.securite-sociale.fr/files/live/sites/SSFR/files/medias/PLACSS/2024/Donn%c3%a9es%20chiffr%c3%a9es/Annexe%207_Donn%c3%a9es.xlsx
2024;2022;comptes_fonds_reserves;FRR;FRR tab_3;D15;CHARGES NETTES;2022;2767;MEUR;1000000;276700000000;False;serie_documentaire_etape_non_inferree;https://www.securite-sociale.fr/files/live/sites/SSFR/files/medias/PLACSS/2024/Donn%c3%a9es%20chiffr%c3%a9es/Annexe%207_Donn%c3%a9es.xlsx
2024;2023;comptes_fonds_reserves;FRR;FRR tab_3;E15;CHARGES NETTES;2023;1623;MEUR;1000000;162300000000;False;serie_documentaire_etape_non_inferree;https://www.securite-sociale.fr/files/live/sites/SSFR/files/medias/PLACSS/2024/Donn%c3%a9es%20chiffr%c3%a9es/Annexe%207_Donn%c3%a9es.xlsx
2024;2024;comptes_fonds_reserves;FRR;FRR tab_3;F15;CHARGES NETTES;2024;1132;MEUR;1000000;113200000000;False;serie_documentaire_etape_non_inferree;https://www.securite-sociale.fr/files/live/sites/SSFR/files/medias/PLACSS/2024/Donn%c3%a9es%20chiffr%c3%a9es/Annexe%207_Donn%c3%a9es.xlsx
2024;2021;comptes_fonds_reserves;FRR;FRR tab_3;C16;Charges de fonctionnement;2021;1367;MEUR;1000000;136700000000;False;serie_documentaire_etape_non_inferree;https://www.securite-sociale.fr/files/live/sites/SSFR/files/medias/PLACSS/2024/Donn%c3%a9es%20chiffr%c3%a9es/Annexe%207_Donn%c3%a9es.xlsx
2024;2022;comptes_fonds_reserves;FRR;FRR tab_3;D16;Charges de fonctionnement;2022;2767;MEUR;1000000;276700000000;False;serie_documentaire_etape_non_inferree;https://www.securite-sociale.fr/files/live/sites/SSFR/files/medias/PLACSS/2024/Donn%c3%a9es%20chiffr%c3%a9es/Annexe%207_Donn%c3%a9es.xlsx
2024;2023;comptes_fonds_reserves;FRR;FRR tab_3;E16;Charges de fonctionnement;2023;1623;MEUR;1000000;162300000000;False;serie_documentaire_etape_non_inferree;https://www.securite-sociale.fr/files/live/sites/SSFR/files/medias/PLACSS/2024/Donn%c3%a9es%20chiffr%c3%a9es/Annexe%207_Donn%c3%a9es.xlsx
2024;2024;comptes_fonds_reserves;FRR;FRR tab_3;F16;Charges de fonctionnement;2024;1132;MEUR;1000000;113200000000;False;serie_documentaire_etape_non_inferree;https://www.securite-sociale.fr/files/live/sites/SSFR/files/medias/PLACSS/2024/Donn%c3%a9es%20chiffr%c3%a9es/Annexe%207_Donn%c3%a9es.xlsx
2024;2021;comptes_fonds_reserves;FRR;FRR tab_3;C17;Frais de gestion administrative;2021;85;MEUR;1000000;8500000000;False;serie_documentaire_etape_non_inferree;https://www.securite-sociale.fr/files/live/sites/SSFR/files/medias/PLACSS/2024/Donn%c3%a9es%20chiffr%c3%a9es/Annexe%207_Donn%c3%a9es.xlsx
2024;2022;comptes_fonds_reserves;FRR;FRR tab_3;D17;Frais de gestion administrative;2022;87;MEUR;1000000;8700000000;False;serie_documentaire_etape_non_inferree;https://www.securite-sociale.fr/files/live/sites/SSFR/files/medias/PLACSS/2024/Donn%c3%a9es%20chiffr%c3%a9es/Annexe%207_Donn%c3%a9es.xlsx
2024;2023;comptes_fonds_reserves;FRR;FRR tab_3;E17;Frais de gestion administrative;2023;92;MEUR;1000000;9200000000;False;serie_documentaire_etape_non_inferree;https://www.securite-sociale.fr/files/live/sites/SSFR/files/medias/PLACSS/2024/Donn%c3%a9es%20chiffr%c3%a9es/Annexe%207_Donn%c3%a9es.xlsx
2024;2024;comptes_fonds_reserves;FRR;FRR tab_3;F17;Frais de gestion administrative;2024;84;MEUR;1000000;8400000000;False;serie_documentaire_etape_non_inferree;https://www.securite-sociale.fr/files/live/sites/SSFR/files/medias/PLACSS/2024/Donn%c3%a9es%20chiffr%c3%a9es/Annexe%207_Donn%c3%a9es.xlsx
2024;2021;comptes_fonds_reserves;FRR;FRR tab_3;C18;Charges de gestion financière;2021;1282;MEUR;1000000;128200000000;False;serie_documentaire_etape_non_inferree;https://www.securite-sociale.fr/files/live/sites/SSFR/files/medias/PLACSS/2024/Donn%c3%a9es%20chiffr%c3%a9es/Annexe%207_Donn%c3%a9es.xlsx
2024;2022;comptes_fonds_reserves;FRR;FRR tab_3;D18;Charges de gestion financière;2022;2680;MEUR;1000000;268000000000;False;serie_documentaire_etape_non_inferree;https://www.securite-sociale.fr/files/live/sites/SSFR/files/medias/PLACSS/2024/Donn%c3%a9es%20chiffr%c3%a9es/Annexe%207_Donn%c3%a9es.xlsx
2024;2023;comptes_fonds_reserves;FRR;FRR tab_3;E18;Charges de gestion financière;2023;1531;MEUR;1000000;153100000000;False;serie_documentaire_etape_non_inferree;https://www.securite-sociale.fr/files/live/sites/SSFR/files/medias/PLACSS/2024/Donn%c3%a9es%20chiffr%c3%a9es/Annexe%207_Donn%c3%a9es.xlsx
2024;2024;comptes_fonds_reserves;FRR;FRR tab_3;F18;Charges de gestion financière;2024;1048;MEUR;1000000;104800000000;False;serie_documentaire_etape_non_inferree;https://www.securite-sociale.fr/files/live/sites/SSFR/files/medias/PLACSS/2024/Donn%c3%a9es%20chiffr%c3%a9es/Annexe%207_Donn%c3%a9es.xlsx
2024;2021;comptes_fonds_reserves;FRR;FRR tab_3;C19;Charges exceptionnelles;2021;0;MEUR;1000000;0;True;serie_documentaire_etape_non_inferree;https://www.securite-sociale.fr/files/live/sites/SSFR/files/medias/PLACSS/2024/Donn%c3%a9es%20chiffr%c3%a9es/Annexe%207_Donn%c3%a9es.xlsx
2024;2022;comptes_fonds_reserves;FRR;FRR tab_3;D19;Charges exceptionnelles;2022;0;MEUR;1000000;0;True;serie_documentaire_etape_non_inferree;https://www.securite-sociale.fr/files/live/sites/SSFR/files/medias/PLACSS/2024/Donn%c3%a9es%20chiffr%c3%a9es/Annexe%207_Donn%c3%a9es.xlsx
2024;2023;comptes_fonds_reserves;FRR;FRR tab_3;E19;Charges exceptionnelles;2023;0;MEUR;1000000;0;True;serie_documentaire_etape_non_inferree;https://www.securite-sociale.fr/files/live/sites/SSFR/files/medias/PLACSS/2024/Donn%c3%a9es%20chiffr%c3%a9es/Annexe%207_Donn%c3%a9es.xlsx
2024;2024;comptes_fonds_reserves;FRR;FRR tab_3;F19;Charges exceptionnelles;2024;0;MEUR;1000000;0;True;serie_documentaire_etape_non_inferree;https://www.securite-sociale.fr/files/live/sites/SSFR/files/medias/PLACSS/2024/Donn%c3%a9es%20chiffr%c3%a9es/Annexe%207_Donn%c3%a9es.xlsx
2024;2021;comptes_fonds_reserves;FRR;FRR tab_3;C21;RESULTAT FINANCIER ;2021;1649;MEUR;1000000;164900000000;False;serie_documentaire_etape_non_inferree;https://www.securite-sociale.fr/files/live/sites/SSFR/files/medias/PLACSS/2024/Donn%c3%a9es%20chiffr%c3%a9es/Annexe%207_Donn%c3%a9es.xlsx
2024;2022;comptes_fonds_reserves;FRR;FRR tab_3;D21;RESULTAT FINANCIER ;2022;-508;MEUR;1000000;-50800000000;False;serie_documentaire_etape_non_inferree;https://www.securite-sociale.fr/files/live/sites/SSFR/files/medias/PLACSS/2024/Donn%c3%a9es%20chiffr%c3%a9es/Annexe%207_Donn%c3%a9es.xlsx
2024;2023;comptes_fonds_reserves;FRR;FRR tab_3;E21;RESULTAT FINANCIER ;2023;1073;MEUR;1000000;107300000000;False;serie_documentaire_etape_non_inferree;https://www.securite-sociale.fr/files/live/sites/SSFR/files/medias/PLACSS/2024/Donn%c3%a9es%20chiffr%c3%a9es/Annexe%207_Donn%c3%a9es.xlsx
2024;2024;comptes_fonds_reserves;FRR;FRR tab_3;F21;RESULTAT FINANCIER ;2024;1262;MEUR;1000000;126200000000;False;serie_documentaire_etape_non_inferree;https://www.securite-sociale.fr/files/live/sites/SSFR/files/medias/PLACSS/2024/Donn%c3%a9es%20chiffr%c3%a9es/Annexe%207_Donn%c3%a9es.xlsx
2024;2021;comptes_fonds_reserves;FRR;FRR tab_3;C23;RESULTAT DE L’EXERCICE ;2021;1564;MEUR;1000000;156400000000;False;serie_documentaire_etape_non_inferree;https://www.securite-sociale.fr/files/live/sites/SSFR/files/medias/PLACSS/2024/Donn%c3%a9es%20chiffr%c3%a9es/Annexe%207_Donn%c3%a9es.xlsx
2024;2022;comptes_fonds_reserves;FRR;FRR tab_3;D23;RESULTAT DE L’EXERCICE ;2022;-562;MEUR;1000000;-56200000000;False;serie_documentaire_etape_non_inferree;https://www.securite-sociale.fr/files/live/sites/SSFR/files/medias/PLACSS/2024/Donn%c3%a9es%20chiffr%c3%a9es/Annexe%207_Donn%c3%a9es.xlsx
2024;2023;comptes_fonds_reserves;FRR;FRR tab_3;E23;RESULTAT DE L’EXERCICE ;2023;1007;MEUR;1000000;100700000000;False;serie_documentaire_etape_non_inferree;https://www.securite-sociale.fr/files/live/sites/SSFR/files/medias/PLACSS/2024/Donn%c3%a9es%20chiffr%c3%a9es/Annexe%207_Donn%c3%a9es.xlsx
2024;2024;comptes_fonds_reserves;FRR;FRR tab_3;F23;RESULTAT DE L’EXERCICE ;2024;1191.6000000000004;MEUR;1000000;119160000000;False;serie_documentaire_etape_non_inferree;https://www.securite-sociale.fr/files/live/sites/SSFR/files/medias/PLACSS/2024/Donn%c3%a9es%20chiffr%c3%a9es/Annexe%207_Donn%c3%a9es.xlsx
2024;2017;dette_sociale;CADES;CADES tab_3;C25;2017;Dette reprise cumulée;260496.10457733815;MEUR;1000000;26049610457734;False;serie_documentaire_etape_non_inferree;https://www.securite-sociale.fr/files/live/sites/SSFR/files/medias/PLACSS/2024/Donn%c3%a9es%20chiffr%c3%a9es/Annexe%207_Donn%c3%a9es.xlsx
2024;2017;dette_sociale;CADES;CADES tab_3;D25;2017;Amortissement annuel;15044;MEUR;1000000;1504400000000;False;serie_documentaire_etape_non_inferree;https://www.securite-sociale.fr/files/live/sites/SSFR/files/medias/PLACSS/2024/Donn%c3%a9es%20chiffr%c3%a9es/Annexe%207_Donn%c3%a9es.xlsx
2024;2017;dette_sociale;CADES;CADES tab_3;E25;2017;Amortissement cumulé;139706.06357733815;MEUR;1000000;13970606357734;False;serie_documentaire_etape_non_inferree;https://www.securite-sociale.fr/files/live/sites/SSFR/files/medias/PLACSS/2024/Donn%c3%a9es%20chiffr%c3%a9es/Annexe%207_Donn%c3%a9es.xlsx
2024;2017;dette_sociale;CADES;CADES tab_3;F25;2017;Situation nette de l'année;-120790.041;MEUR;1000000;-12079004100000;False;serie_documentaire_etape_non_inferree;https://www.securite-sociale.fr/files/live/sites/SSFR/files/medias/PLACSS/2024/Donn%c3%a9es%20chiffr%c3%a9es/Annexe%207_Donn%c3%a9es.xlsx
2024;2018;dette_sociale;CADES;CADES tab_3;C26;2018;Dette reprise cumulée;260496.10457733815;MEUR;1000000;26049610457734;False;serie_documentaire_etape_non_inferree;https://www.securite-sociale.fr/files/live/sites/SSFR/files/medias/PLACSS/2024/Donn%c3%a9es%20chiffr%c3%a9es/Annexe%207_Donn%c3%a9es.xlsx
2024;2018;dette_sociale;CADES;CADES tab_3;D26;2018;Amortissement annuel;15444;MEUR;1000000;1544400000000;False;serie_documentaire_etape_non_inferree;https://www.securite-sociale.fr/files/live/sites/SSFR/files/medias/PLACSS/2024/Donn%c3%a9es%20chiffr%c3%a9es/Annexe%207_Donn%c3%a9es.xlsx
2024;2018;dette_sociale;CADES;CADES tab_3;E26;2018;Amortissement cumulé;155150.06357733815;MEUR;1000000;15515006357734;False;serie_documentaire_etape_non_inferree;https://www.securite-sociale.fr/files/live/sites/SSFR/files/medias/PLACSS/2024/Donn%c3%a9es%20chiffr%c3%a9es/Annexe%207_Donn%c3%a9es.xlsx
2024;2018;dette_sociale;CADES;CADES tab_3;F26;2018;Situation nette de l'année;-105346.041;MEUR;1000000;-10534604100000;False;serie_documentaire_etape_non_inferree;https://www.securite-sociale.fr/files/live/sites/SSFR/files/medias/PLACSS/2024/Donn%c3%a9es%20chiffr%c3%a9es/Annexe%207_Donn%c3%a9es.xlsx
2024;2019;dette_sociale;CADES;CADES tab_3;C27;2019;Dette reprise cumulée;260496.10457733815;MEUR;1000000;26049610457734;False;serie_documentaire_etape_non_inferree;https://www.securite-sociale.fr/files/live/sites/SSFR/files/medias/PLACSS/2024/Donn%c3%a9es%20chiffr%c3%a9es/Annexe%207_Donn%c3%a9es.xlsx
2024;2019;dette_sociale;CADES;CADES tab_3;D27;2019;Amortissement annuel;16253;MEUR;1000000;1625300000000;False;serie_documentaire_etape_non_inferree;https://www.securite-sociale.fr/files/live/sites/SSFR/files/medias/PLACSS/2024/Donn%c3%a9es%20chiffr%c3%a9es/Annexe%207_Donn%c3%a9es.xlsx
2024;2019;dette_sociale;CADES;CADES tab_3;E27;2019;Amortissement cumulé;171403.06357733815;MEUR;1000000;17140306357734;False;serie_documentaire_etape_non_inferree;https://www.securite-sociale.fr/files/live/sites/SSFR/files/medias/PLACSS/2024/Donn%c3%a9es%20chiffr%c3%a9es/Annexe%207_Donn%c3%a9es.xlsx
2024;2019;dette_sociale;CADES;CADES tab_3;F27;2019;Situation nette de l'année;-89093.040999999997;MEUR;1000000;-8909304100000;False;serie_documentaire_etape_non_inferree;https://www.securite-sociale.fr/files/live/sites/SSFR/files/medias/PLACSS/2024/Donn%c3%a9es%20chiffr%c3%a9es/Annexe%207_Donn%c3%a9es.xlsx
2024;2020;dette_sociale;CADES;CADES tab_3;C28;2020;Dette reprise cumulée;280496.10457733815;MEUR;1000000;28049610457734;False;serie_documentaire_etape_non_inferree;https://www.securite-sociale.fr/files/live/sites/SSFR/files/medias/PLACSS/2024/Donn%c3%a9es%20chiffr%c3%a9es/Annexe%207_Donn%c3%a9es.xlsx
2024;2020;dette_sociale;CADES;CADES tab_3;D28;2020;Amortissement annuel;16089;MEUR;1000000;1608900000000;False;serie_documentaire_etape_non_inferree;https://www.securite-sociale.fr/files/live/sites/SSFR/files/medias/PLACSS/2024/Donn%c3%a9es%20chiffr%c3%a9es/Annexe%207_Donn%c3%a9es.xlsx
2024;2020;dette_sociale;CADES;CADES tab_3;E28;2020;Amortissement cumulé;187492.06357733815;MEUR;1000000;18749206357734;False;serie_documentaire_etape_non_inferree;https://www.securite-sociale.fr/files/live/sites/SSFR/files/medias/PLACSS/2024/Donn%c3%a9es%20chiffr%c3%a9es/Annexe%207_Donn%c3%a9es.xlsx
2024;2020;dette_sociale;CADES;CADES tab_3;F28;2020;Situation nette de l'année;-93004.040999999997;MEUR;1000000;-9300404100000;False;serie_documentaire_etape_non_inferree;https://www.securite-sociale.fr/files/live/sites/SSFR/files/medias/PLACSS/2024/Donn%c3%a9es%20chiffr%c3%a9es/Annexe%207_Donn%c3%a9es.xlsx
2024;2021;dette_sociale;CADES;CADES tab_3;C29;2021 ;Dette reprise cumulée;320496.10457733815;MEUR;1000000;32049610457734;False;serie_documentaire_etape_non_inferree;https://www.securite-sociale.fr/files/live/sites/SSFR/files/medias/PLACSS/2024/Donn%c3%a9es%20chiffr%c3%a9es/Annexe%207_Donn%c3%a9es.xlsx
2024;2021;dette_sociale;CADES;CADES tab_3;D29;2021 ;Amortissement annuel;17813.199999999983;MEUR;1000000;1781320000000;False;serie_documentaire_etape_non_inferree;https://www.securite-sociale.fr/files/live/sites/SSFR/files/medias/PLACSS/2024/Donn%c3%a9es%20chiffr%c3%a9es/Annexe%207_Donn%c3%a9es.xlsx
2024;2021;dette_sociale;CADES;CADES tab_3;E29;2021 ;Amortissement cumulé;205305.26357733813;MEUR;1000000;20530526357734;False;serie_documentaire_etape_non_inferree;https://www.securite-sociale.fr/files/live/sites/SSFR/files/medias/PLACSS/2024/Donn%c3%a9es%20chiffr%c3%a9es/Annexe%207_Donn%c3%a9es.xlsx
2024;2021;dette_sociale;CADES;CADES tab_3;F29;2021 ;Situation nette de l'année;-115190.841;MEUR;1000000;-11519084100000;False;serie_documentaire_etape_non_inferree;https://www.securite-sociale.fr/files/live/sites/SSFR/files/medias/PLACSS/2024/Donn%c3%a9es%20chiffr%c3%a9es/Annexe%207_Donn%c3%a9es.xlsx
2024;2022;dette_sociale;CADES;CADES tab_3;C30;2022;Dette reprise cumulée;360496.10457733815;MEUR;1000000;36049610457734;False;serie_documentaire_etape_non_inferree;https://www.securite-sociale.fr/files/live/sites/SSFR/files/medias/PLACSS/2024/Donn%c3%a9es%20chiffr%c3%a9es/Annexe%207_Donn%c3%a9es.xlsx
2024;2022;dette_sociale;CADES;CADES tab_3;D30;2022;Amortissement annuel;18960.900000000023;MEUR;1000000;1896090000000;False;serie_documentaire_etape_non_inferree;https://www.securite-sociale.fr/files/live/sites/SSFR/files/medias/PLACSS/2024/Donn%c3%a9es%20chiffr%c3%a9es/Annexe%207_Donn%c3%a9es.xlsx
2024;2022;dette_sociale;CADES;CADES tab_3;E30;2022;Amortissement cumulé;224266.16357733816;MEUR;1000000;22426616357734;False;serie_documentaire_etape_non_inferree;https://www.securite-sociale.fr/files/live/sites/SSFR/files/medias/PLACSS/2024/Donn%c3%a9es%20chiffr%c3%a9es/Annexe%207_Donn%c3%a9es.xlsx
2024;2022;dette_sociale;CADES;CADES tab_3;F30;2022;Situation nette de l'année;-136229.94099999999;MEUR;1000000;-13622994100000;False;serie_documentaire_etape_non_inferree;https://www.securite-sociale.fr/files/live/sites/SSFR/files/medias/PLACSS/2024/Donn%c3%a9es%20chiffr%c3%a9es/Annexe%207_Donn%c3%a9es.xlsx
2024;2023;dette_sociale;CADES;CADES tab_3;C31;2023;Dette reprise cumulée;387728.10457733815;MEUR;1000000;38772810457734;False;serie_documentaire_etape_non_inferree;https://www.securite-sociale.fr/files/live/sites/SSFR/files/medias/PLACSS/2024/Donn%c3%a9es%20chiffr%c3%a9es/Annexe%207_Donn%c3%a9es.xlsx
2024;2023;dette_sociale;CADES;CADES tab_3;D31;2023;Amortissement annuel;18305;MEUR;1000000;1830500000000;False;serie_documentaire_etape_non_inferree;https://www.securite-sociale.fr/files/live/sites/SSFR/files/medias/PLACSS/2024/Donn%c3%a9es%20chiffr%c3%a9es/Annexe%207_Donn%c3%a9es.xlsx
2024;2023;dette_sociale;CADES;CADES tab_3;E31;2023;Amortissement cumulé;242571.16357733816;MEUR;1000000;24257116357734;False;serie_documentaire_etape_non_inferree;https://www.securite-sociale.fr/files/live/sites/SSFR/files/medias/PLACSS/2024/Donn%c3%a9es%20chiffr%c3%a9es/Annexe%207_Donn%c3%a9es.xlsx
2024;2023;dette_sociale;CADES;CADES tab_3;F31;2023;Situation nette de l'année;-145156.94099999999;MEUR;1000000;-14515694100000;False;serie_documentaire_etape_non_inferree;https://www.securite-sociale.fr/files/live/sites/SSFR/files/medias/PLACSS/2024/Donn%c3%a9es%20chiffr%c3%a9es/Annexe%207_Donn%c3%a9es.xlsx
2024;2024;dette_sociale;CADES;CADES tab_3;C32;2024;Dette reprise cumulée;396496;MEUR;1000000;39649600000000;False;serie_documentaire_etape_non_inferree;https://www.securite-sociale.fr/files/live/sites/SSFR/files/medias/PLACSS/2024/Donn%c3%a9es%20chiffr%c3%a9es/Annexe%207_Donn%c3%a9es.xlsx
2024;2024;dette_sociale;CADES;CADES tab_3;D32;2024;Amortissement annuel;15989;MEUR;1000000;1598900000000;False;serie_documentaire_etape_non_inferree;https://www.securite-sociale.fr/files/live/sites/SSFR/files/medias/PLACSS/2024/Donn%c3%a9es%20chiffr%c3%a9es/Annexe%207_Donn%c3%a9es.xlsx
2024;2024;dette_sociale;CADES;CADES tab_3;E32;2024;Amortissement cumulé;258559;MEUR;1000000;25855900000000;False;serie_documentaire_etape_non_inferree;https://www.securite-sociale.fr/files/live/sites/SSFR/files/medias/PLACSS/2024/Donn%c3%a9es%20chiffr%c3%a9es/Annexe%207_Donn%c3%a9es.xlsx
2024;2024;dette_sociale;CADES;CADES tab_3;F32;2024;Situation nette de l'année;-137936;MEUR;1000000;-13793600000000;False;serie_documentaire_etape_non_inferree;https://www.securite-sociale.fr/files/live/sites/SSFR/files/medias/PLACSS/2024/Donn%c3%a9es%20chiffr%c3%a9es/Annexe%207_Donn%c3%a9es.xlsx
2025;2020;comptes_fonds_reserves;FRR;FRR tab 1;D7;PRODUITS NETS;2020;4189;MEUR;1000000;418900000000;False;serie_documentaire_etape_non_inferree;https://www.securite-sociale.fr/files/live/sites/SSFR/files/medias/PLFSS/2025/Annexe%202%20Tableaux%202025.xlsx
2025;2021;comptes_fonds_reserves;FRR;FRR tab 1;E7;PRODUITS NETS;2021;2931;MEUR;1000000;293100000000;False;serie_documentaire_etape_non_inferree;https://www.securite-sociale.fr/files/live/sites/SSFR/files/medias/PLFSS/2025/Annexe%202%20Tableaux%202025.xlsx
2025;2022;comptes_fonds_reserves;FRR;FRR tab 1;F7;PRODUITS NETS;2022;2205;MEUR;1000000;220500000000;False;serie_documentaire_etape_non_inferree;https://www.securite-sociale.fr/files/live/sites/SSFR/files/medias/PLFSS/2025/Annexe%202%20Tableaux%202025.xlsx
2025;2023;comptes_fonds_reserves;FRR;FRR tab 1;G7;PRODUITS NETS;2023;2630;MEUR;1000000;263000000000;False;serie_documentaire_etape_non_inferree;https://www.securite-sociale.fr/files/live/sites/SSFR/files/medias/PLFSS/2025/Annexe%202%20Tableaux%202025.xlsx
2025;2024;comptes_fonds_reserves;FRR;FRR tab 1;H7;PRODUITS NETS;2024 (p);1868;MEUR;1000000;186800000000;False;prevision_explicitement_etiquetee;https://www.securite-sociale.fr/files/live/sites/SSFR/files/medias/PLFSS/2025/Annexe%202%20Tableaux%202025.xlsx
2025;2020;comptes_fonds_reserves;FRR;FRR tab 1;D8;Abondements;2020;0;MEUR;1000000;0;True;serie_documentaire_etape_non_inferree;https://www.securite-sociale.fr/files/live/sites/SSFR/files/medias/PLFSS/2025/Annexe%202%20Tableaux%202025.xlsx
2025;2021;comptes_fonds_reserves;FRR;FRR tab 1;E8;Abondements;2021;0;MEUR;1000000;0;True;serie_documentaire_etape_non_inferree;https://www.securite-sociale.fr/files/live/sites/SSFR/files/medias/PLFSS/2025/Annexe%202%20Tableaux%202025.xlsx
2025;2022;comptes_fonds_reserves;FRR;FRR tab 1;F8;Abondements;2022;0;MEUR;1000000;0;True;serie_documentaire_etape_non_inferree;https://www.securite-sociale.fr/files/live/sites/SSFR/files/medias/PLFSS/2025/Annexe%202%20Tableaux%202025.xlsx
2025;2023;comptes_fonds_reserves;FRR;FRR tab 1;G8;Abondements;2023;0;MEUR;1000000;0;True;serie_documentaire_etape_non_inferree;https://www.securite-sociale.fr/files/live/sites/SSFR/files/medias/PLFSS/2025/Annexe%202%20Tableaux%202025.xlsx
2025;2024;comptes_fonds_reserves;FRR;FRR tab 1;H8;Abondements;2024 (p);0;MEUR;1000000;0;True;prevision_explicitement_etiquetee;https://www.securite-sociale.fr/files/live/sites/SSFR/files/medias/PLFSS/2025/Annexe%202%20Tableaux%202025.xlsx
2025;2020;comptes_fonds_reserves;FRR;FRR tab 1;D9;Prélèvement de 2% sur les revenus du capital;2020;0;MEUR;1000000;0;True;serie_documentaire_etape_non_inferree;https://www.securite-sociale.fr/files/live/sites/SSFR/files/medias/PLFSS/2025/Annexe%202%20Tableaux%202025.xlsx
2025;2021;comptes_fonds_reserves;FRR;FRR tab 1;E9;Prélèvement de 2% sur les revenus du capital;2021;0;MEUR;1000000;0;True;serie_documentaire_etape_non_inferree;https://www.securite-sociale.fr/files/live/sites/SSFR/files/medias/PLFSS/2025/Annexe%202%20Tableaux%202025.xlsx
2025;2022;comptes_fonds_reserves;FRR;FRR tab 1;F9;Prélèvement de 2% sur les revenus du capital;2022;0;MEUR;1000000;0;True;serie_documentaire_etape_non_inferree;https://www.securite-sociale.fr/files/live/sites/SSFR/files/medias/PLFSS/2025/Annexe%202%20Tableaux%202025.xlsx
2025;2023;comptes_fonds_reserves;FRR;FRR tab 1;G9;Prélèvement de 2% sur les revenus du capital;2023;0;MEUR;1000000;0;True;serie_documentaire_etape_non_inferree;https://www.securite-sociale.fr/files/live/sites/SSFR/files/medias/PLFSS/2025/Annexe%202%20Tableaux%202025.xlsx
2025;2024;comptes_fonds_reserves;FRR;FRR tab 1;H9;Prélèvement de 2% sur les revenus du capital;2024 (p);0;MEUR;1000000;0;True;prevision_explicitement_etiquetee;https://www.securite-sociale.fr/files/live/sites/SSFR/files/medias/PLFSS/2025/Annexe%202%20Tableaux%202025.xlsx
2025;2020;comptes_fonds_reserves;FRR;FRR tab 1;D10;UMTS;2020;0;MEUR;1000000;0;True;serie_documentaire_etape_non_inferree;https://www.securite-sociale.fr/files/live/sites/SSFR/files/medias/PLFSS/2025/Annexe%202%20Tableaux%202025.xlsx
2025;2021;comptes_fonds_reserves;FRR;FRR tab 1;E10;UMTS;2021;0;MEUR;1000000;0;True;serie_documentaire_etape_non_inferree;https://www.securite-sociale.fr/files/live/sites/SSFR/files/medias/PLFSS/2025/Annexe%202%20Tableaux%202025.xlsx
2025;2022;comptes_fonds_reserves;FRR;FRR tab 1;F10;UMTS;2022;0;MEUR;1000000;0;True;serie_documentaire_etape_non_inferree;https://www.securite-sociale.fr/files/live/sites/SSFR/files/medias/PLFSS/2025/Annexe%202%20Tableaux%202025.xlsx
2025;2023;comptes_fonds_reserves;FRR;FRR tab 1;G10;UMTS;2023;0;MEUR;1000000;0;True;serie_documentaire_etape_non_inferree;https://www.securite-sociale.fr/files/live/sites/SSFR/files/medias/PLFSS/2025/Annexe%202%20Tableaux%202025.xlsx
2025;2024;comptes_fonds_reserves;FRR;FRR tab 1;H10;UMTS;2024 (p);0;MEUR;1000000;0;True;prevision_explicitement_etiquetee;https://www.securite-sociale.fr/files/live/sites/SSFR/files/medias/PLFSS/2025/Annexe%202%20Tableaux%202025.xlsx
2025;2020;comptes_fonds_reserves;FRR;FRR tab 1;D11;Contribution de 8,2% (PPESV) et consignations   ;2020;0;MEUR;1000000;0;True;serie_documentaire_etape_non_inferree;https://www.securite-sociale.fr/files/live/sites/SSFR/files/medias/PLFSS/2025/Annexe%202%20Tableaux%202025.xlsx
2025;2021;comptes_fonds_reserves;FRR;FRR tab 1;E11;Contribution de 8,2% (PPESV) et consignations   ;2021;0;MEUR;1000000;0;True;serie_documentaire_etape_non_inferree;https://www.securite-sociale.fr/files/live/sites/SSFR/files/medias/PLFSS/2025/Annexe%202%20Tableaux%202025.xlsx
2025;2022;comptes_fonds_reserves;FRR;FRR tab 1;F11;Contribution de 8,2% (PPESV) et consignations   ;2022;0;MEUR;1000000;0;True;serie_documentaire_etape_non_inferree;https://www.securite-sociale.fr/files/live/sites/SSFR/files/medias/PLFSS/2025/Annexe%202%20Tableaux%202025.xlsx
2025;2023;comptes_fonds_reserves;FRR;FRR tab 1;G11;Contribution de 8,2% (PPESV) et consignations   ;2023;0;MEUR;1000000;0;True;serie_documentaire_etape_non_inferree;https://www.securite-sociale.fr/files/live/sites/SSFR/files/medias/PLFSS/2025/Annexe%202%20Tableaux%202025.xlsx
2025;2024;comptes_fonds_reserves;FRR;FRR tab 1;H11;Contribution de 8,2% (PPESV) et consignations   ;2024 (p);0;MEUR;1000000;0;True;prevision_explicitement_etiquetee;https://www.securite-sociale.fr/files/live/sites/SSFR/files/medias/PLFSS/2025/Annexe%202%20Tableaux%202025.xlsx
2025;2020;comptes_fonds_reserves;FRR;FRR tab 1;D13;Produits financiers;2020;4186;MEUR;1000000;418600000000;False;serie_documentaire_etape_non_inferree;https://www.securite-sociale.fr/files/live/sites/SSFR/files/medias/PLFSS/2025/Annexe%202%20Tableaux%202025.xlsx
2025;2021;comptes_fonds_reserves;FRR;FRR tab 1;E13;Produits financiers;2021;2931;MEUR;1000000;293100000000;False;serie_documentaire_etape_non_inferree;https://www.securite-sociale.fr/files/live/sites/SSFR/files/medias/PLFSS/2025/Annexe%202%20Tableaux%202025.xlsx
2025;2022;comptes_fonds_reserves;FRR;FRR tab 1;F13;Produits financiers;2022;2172;MEUR;1000000;217200000000;False;serie_documentaire_etape_non_inferree;https://www.securite-sociale.fr/files/live/sites/SSFR/files/medias/PLFSS/2025/Annexe%202%20Tableaux%202025.xlsx
2025;2023;comptes_fonds_reserves;FRR;FRR tab 1;G13;Produits financiers;2023;2604;MEUR;1000000;260400000000;False;serie_documentaire_etape_non_inferree;https://www.securite-sociale.fr/files/live/sites/SSFR/files/medias/PLFSS/2025/Annexe%202%20Tableaux%202025.xlsx
2025;2024;comptes_fonds_reserves;FRR;FRR tab 1;H13;Produits financiers;2024 (p);1868;MEUR;1000000;186800000000;False;prevision_explicitement_etiquetee;https://www.securite-sociale.fr/files/live/sites/SSFR/files/medias/PLFSS/2025/Annexe%202%20Tableaux%202025.xlsx
2025;2020;comptes_fonds_reserves;FRR;FRR tab 1;D14;Produits de trésorerie courante;2020;0;MEUR;1000000;0;True;serie_documentaire_etape_non_inferree;https://www.securite-sociale.fr/files/live/sites/SSFR/files/medias/PLFSS/2025/Annexe%202%20Tableaux%202025.xlsx
2025;2021;comptes_fonds_reserves;FRR;FRR tab 1;E14;Produits de trésorerie courante;2021;0;MEUR;1000000;0;True;serie_documentaire_etape_non_inferree;https://www.securite-sociale.fr/files/live/sites/SSFR/files/medias/PLFSS/2025/Annexe%202%20Tableaux%202025.xlsx
2025;2022;comptes_fonds_reserves;FRR;FRR tab 1;F14;Produits de trésorerie courante;2022;0;MEUR;1000000;0;True;serie_documentaire_etape_non_inferree;https://www.securite-sociale.fr/files/live/sites/SSFR/files/medias/PLFSS/2025/Annexe%202%20Tableaux%202025.xlsx
2025;2023;comptes_fonds_reserves;FRR;FRR tab 1;G14;Produits de trésorerie courante;2023;0;MEUR;1000000;0;True;serie_documentaire_etape_non_inferree;https://www.securite-sociale.fr/files/live/sites/SSFR/files/medias/PLFSS/2025/Annexe%202%20Tableaux%202025.xlsx
2025;2024;comptes_fonds_reserves;FRR;FRR tab 1;H14;Produits de trésorerie courante;2024 (p);0;MEUR;1000000;0;True;prevision_explicitement_etiquetee;https://www.securite-sociale.fr/files/live/sites/SSFR/files/medias/PLFSS/2025/Annexe%202%20Tableaux%202025.xlsx
2025;2020;comptes_fonds_reserves;FRR;FRR tab 1;D15;Produits de gestion financière;2020;4186;MEUR;1000000;418600000000;False;serie_documentaire_etape_non_inferree;https://www.securite-sociale.fr/files/live/sites/SSFR/files/medias/PLFSS/2025/Annexe%202%20Tableaux%202025.xlsx
2025;2021;comptes_fonds_reserves;FRR;FRR tab 1;E15;Produits de gestion financière;2021;2931;MEUR;1000000;293100000000;False;serie_documentaire_etape_non_inferree;https://www.securite-sociale.fr/files/live/sites/SSFR/files/medias/PLFSS/2025/Annexe%202%20Tableaux%202025.xlsx
2025;2022;comptes_fonds_reserves;FRR;FRR tab 1;F15;Produits de gestion financière;2022;2172;MEUR;1000000;217200000000;False;serie_documentaire_etape_non_inferree;https://www.securite-sociale.fr/files/live/sites/SSFR/files/medias/PLFSS/2025/Annexe%202%20Tableaux%202025.xlsx
2025;2023;comptes_fonds_reserves;FRR;FRR tab 1;G15;Produits de gestion financière;2023;2604;MEUR;1000000;260400000000;False;serie_documentaire_etape_non_inferree;https://www.securite-sociale.fr/files/live/sites/SSFR/files/medias/PLFSS/2025/Annexe%202%20Tableaux%202025.xlsx
2025;2024;comptes_fonds_reserves;FRR;FRR tab 1;H15;Produits de gestion financière;2024 (p);1868;MEUR;1000000;186800000000;False;prevision_explicitement_etiquetee;https://www.securite-sociale.fr/files/live/sites/SSFR/files/medias/PLFSS/2025/Annexe%202%20Tableaux%202025.xlsx
2025;2020;comptes_fonds_reserves;FRR;FRR tab 1;D16;Produits d’exploitation;2020;3;MEUR;1000000;300000000;False;serie_documentaire_etape_non_inferree;https://www.securite-sociale.fr/files/live/sites/SSFR/files/medias/PLFSS/2025/Annexe%202%20Tableaux%202025.xlsx
2025;2021;comptes_fonds_reserves;FRR;FRR tab 1;E16;Produits d’exploitation;2021;0;MEUR;1000000;0;True;serie_documentaire_etape_non_inferree;https://www.securite-sociale.fr/files/live/sites/SSFR/files/medias/PLFSS/2025/Annexe%202%20Tableaux%202025.xlsx
2025;2022;comptes_fonds_reserves;FRR;FRR tab 1;F16;Produits d’exploitation;2022;33;MEUR;1000000;3300000000;False;serie_documentaire_etape_non_inferree;https://www.securite-sociale.fr/files/live/sites/SSFR/files/medias/PLFSS/2025/Annexe%202%20Tableaux%202025.xlsx
2025;2023;comptes_fonds_reserves;FRR;FRR tab 1;G16;Produits d’exploitation;2023;26;MEUR;1000000;2600000000;False;serie_documentaire_etape_non_inferree;https://www.securite-sociale.fr/files/live/sites/SSFR/files/medias/PLFSS/2025/Annexe%202%20Tableaux%202025.xlsx
2025;2024;comptes_fonds_reserves;FRR;FRR tab 1;H16;Produits d’exploitation;2024 (p);0;MEUR;1000000;0;True;prevision_explicitement_etiquetee;https://www.securite-sociale.fr/files/live/sites/SSFR/files/medias/PLFSS/2025/Annexe%202%20Tableaux%202025.xlsx
2025;2020;comptes_fonds_reserves;FRR;FRR tab 1;D17;Produits exceptionnels;2020;0;MEUR;1000000;0;True;serie_documentaire_etape_non_inferree;https://www.securite-sociale.fr/files/live/sites/SSFR/files/medias/PLFSS/2025/Annexe%202%20Tableaux%202025.xlsx
2025;2021;comptes_fonds_reserves;FRR;FRR tab 1;E17;Produits exceptionnels;2021;0;MEUR;1000000;0;True;serie_documentaire_etape_non_inferree;https://www.securite-sociale.fr/files/live/sites/SSFR/files/medias/PLFSS/2025/Annexe%202%20Tableaux%202025.xlsx
2025;2022;comptes_fonds_reserves;FRR;FRR tab 1;F17;Produits exceptionnels;2022;0;MEUR;1000000;0;True;serie_documentaire_etape_non_inferree;https://www.securite-sociale.fr/files/live/sites/SSFR/files/medias/PLFSS/2025/Annexe%202%20Tableaux%202025.xlsx
2025;2023;comptes_fonds_reserves;FRR;FRR tab 1;G17;Produits exceptionnels;2023;0;MEUR;1000000;0;True;serie_documentaire_etape_non_inferree;https://www.securite-sociale.fr/files/live/sites/SSFR/files/medias/PLFSS/2025/Annexe%202%20Tableaux%202025.xlsx
2025;2024;comptes_fonds_reserves;FRR;FRR tab 1;H17;Produits exceptionnels;2024 (p);0;MEUR;1000000;0;True;prevision_explicitement_etiquetee;https://www.securite-sociale.fr/files/live/sites/SSFR/files/medias/PLFSS/2025/Annexe%202%20Tableaux%202025.xlsx
2025;2020;comptes_fonds_reserves;FRR;FRR tab 1;D18;CHARGES NETTES;2020;3467;MEUR;1000000;346700000000;False;serie_documentaire_etape_non_inferree;https://www.securite-sociale.fr/files/live/sites/SSFR/files/medias/PLFSS/2025/Annexe%202%20Tableaux%202025.xlsx
2025;2021;comptes_fonds_reserves;FRR;FRR tab 1;E18;CHARGES NETTES;2021;1367;MEUR;1000000;136700000000;False;serie_documentaire_etape_non_inferree;https://www.securite-sociale.fr/files/live/sites/SSFR/files/medias/PLFSS/2025/Annexe%202%20Tableaux%202025.xlsx
2025;2022;comptes_fonds_reserves;FRR;FRR tab 1;F18;CHARGES NETTES;2022;2767;MEUR;1000000;276700000000;False;serie_documentaire_etape_non_inferree;https://www.securite-sociale.fr/files/live/sites/SSFR/files/medias/PLFSS/2025/Annexe%202%20Tableaux%202025.xlsx
2025;2023;comptes_fonds_reserves;FRR;FRR tab 1;G18;CHARGES NETTES;2023;1623;MEUR;1000000;162300000000;False;serie_documentaire_etape_non_inferree;https://www.securite-sociale.fr/files/live/sites/SSFR/files/medias/PLFSS/2025/Annexe%202%20Tableaux%202025.xlsx
2025;2024;comptes_fonds_reserves;FRR;FRR tab 1;H18;CHARGES NETTES;2024 (p);1166;MEUR;1000000;116600000000;False;prevision_explicitement_etiquetee;https://www.securite-sociale.fr/files/live/sites/SSFR/files/medias/PLFSS/2025/Annexe%202%20Tableaux%202025.xlsx
2025;2020;comptes_fonds_reserves;FRR;FRR tab 1;D19;Charges de fonctionnement;2020;3467;MEUR;1000000;346700000000;False;serie_documentaire_etape_non_inferree;https://www.securite-sociale.fr/files/live/sites/SSFR/files/medias/PLFSS/2025/Annexe%202%20Tableaux%202025.xlsx
2025;2021;comptes_fonds_reserves;FRR;FRR tab 1;E19;Charges de fonctionnement;2021;1367;MEUR;1000000;136700000000;False;serie_documentaire_etape_non_inferree;https://www.securite-sociale.fr/files/live/sites/SSFR/files/medias/PLFSS/2025/Annexe%202%20Tableaux%202025.xlsx
2025;2022;comptes_fonds_reserves;FRR;FRR tab 1;F19;Charges de fonctionnement;2022;2767;MEUR;1000000;276700000000;False;serie_documentaire_etape_non_inferree;https://www.securite-sociale.fr/files/live/sites/SSFR/files/medias/PLFSS/2025/Annexe%202%20Tableaux%202025.xlsx
2025;2023;comptes_fonds_reserves;FRR;FRR tab 1;G19;Charges de fonctionnement;2023;1623;MEUR;1000000;162300000000;False;serie_documentaire_etape_non_inferree;https://www.securite-sociale.fr/files/live/sites/SSFR/files/medias/PLFSS/2025/Annexe%202%20Tableaux%202025.xlsx
2025;2024;comptes_fonds_reserves;FRR;FRR tab 1;H19;Charges de fonctionnement;2024 (p);1166;MEUR;1000000;116600000000;False;prevision_explicitement_etiquetee;https://www.securite-sociale.fr/files/live/sites/SSFR/files/medias/PLFSS/2025/Annexe%202%20Tableaux%202025.xlsx
2025;2020;comptes_fonds_reserves;FRR;FRR tab 1;D20;Frais de gestion administrative;2020;95;MEUR;1000000;9500000000;False;serie_documentaire_etape_non_inferree;https://www.securite-sociale.fr/files/live/sites/SSFR/files/medias/PLFSS/2025/Annexe%202%20Tableaux%202025.xlsx
2025;2021;comptes_fonds_reserves;FRR;FRR tab 1;E20;Frais de gestion administrative;2021;85;MEUR;1000000;8500000000;False;serie_documentaire_etape_non_inferree;https://www.securite-sociale.fr/files/live/sites/SSFR/files/medias/PLFSS/2025/Annexe%202%20Tableaux%202025.xlsx
2025;2022;comptes_fonds_reserves;FRR;FRR tab 1;F20;Frais de gestion administrative;2022;87;MEUR;1000000;8700000000;False;serie_documentaire_etape_non_inferree;https://www.securite-sociale.fr/files/live/sites/SSFR/files/medias/PLFSS/2025/Annexe%202%20Tableaux%202025.xlsx
2025;2023;comptes_fonds_reserves;FRR;FRR tab 1;G20;Frais de gestion administrative;2023;92;MEUR;1000000;9200000000;False;serie_documentaire_etape_non_inferree;https://www.securite-sociale.fr/files/live/sites/SSFR/files/medias/PLFSS/2025/Annexe%202%20Tableaux%202025.xlsx
2025;2024;comptes_fonds_reserves;FRR;FRR tab 1;H20;Frais de gestion administrative;2024 (p);67;MEUR;1000000;6700000000;False;prevision_explicitement_etiquetee;https://www.securite-sociale.fr/files/live/sites/SSFR/files/medias/PLFSS/2025/Annexe%202%20Tableaux%202025.xlsx
2025;2020;comptes_fonds_reserves;FRR;FRR tab 1;D21;Charges de gestion financière;2020;3372;MEUR;1000000;337200000000;False;serie_documentaire_etape_non_inferree;https://www.securite-sociale.fr/files/live/sites/SSFR/files/medias/PLFSS/2025/Annexe%202%20Tableaux%202025.xlsx
2025;2021;comptes_fonds_reserves;FRR;FRR tab 1;E21;Charges de gestion financière;2021;1282;MEUR;1000000;128200000000;False;serie_documentaire_etape_non_inferree;https://www.securite-sociale.fr/files/live/sites/SSFR/files/medias/PLFSS/2025/Annexe%202%20Tableaux%202025.xlsx
2025;2022;comptes_fonds_reserves;FRR;FRR tab 1;F21;Charges de gestion financière;2022;2680;MEUR;1000000;268000000000;False;serie_documentaire_etape_non_inferree;https://www.securite-sociale.fr/files/live/sites/SSFR/files/medias/PLFSS/2025/Annexe%202%20Tableaux%202025.xlsx
2025;2023;comptes_fonds_reserves;FRR;FRR tab 1;G21;Charges de gestion financière;2023;1531;MEUR;1000000;153100000000;False;serie_documentaire_etape_non_inferree;https://www.securite-sociale.fr/files/live/sites/SSFR/files/medias/PLFSS/2025/Annexe%202%20Tableaux%202025.xlsx
2025;2024;comptes_fonds_reserves;FRR;FRR tab 1;H21;Charges de gestion financière;2024 (p);1099;MEUR;1000000;109900000000;False;prevision_explicitement_etiquetee;https://www.securite-sociale.fr/files/live/sites/SSFR/files/medias/PLFSS/2025/Annexe%202%20Tableaux%202025.xlsx
2025;2020;comptes_fonds_reserves;FRR;FRR tab 1;D22;Charges exceptionnelles;2020;0;MEUR;1000000;0;True;serie_documentaire_etape_non_inferree;https://www.securite-sociale.fr/files/live/sites/SSFR/files/medias/PLFSS/2025/Annexe%202%20Tableaux%202025.xlsx
2025;2021;comptes_fonds_reserves;FRR;FRR tab 1;E22;Charges exceptionnelles;2021;0;MEUR;1000000;0;True;serie_documentaire_etape_non_inferree;https://www.securite-sociale.fr/files/live/sites/SSFR/files/medias/PLFSS/2025/Annexe%202%20Tableaux%202025.xlsx
2025;2022;comptes_fonds_reserves;FRR;FRR tab 1;F22;Charges exceptionnelles;2022;0;MEUR;1000000;0;True;serie_documentaire_etape_non_inferree;https://www.securite-sociale.fr/files/live/sites/SSFR/files/medias/PLFSS/2025/Annexe%202%20Tableaux%202025.xlsx
2025;2023;comptes_fonds_reserves;FRR;FRR tab 1;G22;Charges exceptionnelles;2023;0;MEUR;1000000;0;True;serie_documentaire_etape_non_inferree;https://www.securite-sociale.fr/files/live/sites/SSFR/files/medias/PLFSS/2025/Annexe%202%20Tableaux%202025.xlsx
2025;2024;comptes_fonds_reserves;FRR;FRR tab 1;H22;Charges exceptionnelles;2024 (p);0;MEUR;1000000;0;True;prevision_explicitement_etiquetee;https://www.securite-sociale.fr/files/live/sites/SSFR/files/medias/PLFSS/2025/Annexe%202%20Tableaux%202025.xlsx
2025;2020;comptes_fonds_reserves;FRR;FRR tab 1;D23;RESULTAT FINANCIER ;2020;814;MEUR;1000000;81400000000;False;serie_documentaire_etape_non_inferree;https://www.securite-sociale.fr/files/live/sites/SSFR/files/medias/PLFSS/2025/Annexe%202%20Tableaux%202025.xlsx
2025;2021;comptes_fonds_reserves;FRR;FRR tab 1;E23;RESULTAT FINANCIER ;2021;1649;MEUR;1000000;164900000000;False;serie_documentaire_etape_non_inferree;https://www.securite-sociale.fr/files/live/sites/SSFR/files/medias/PLFSS/2025/Annexe%202%20Tableaux%202025.xlsx
2025;2022;comptes_fonds_reserves;FRR;FRR tab 1;F23;RESULTAT FINANCIER ;2022;-508;MEUR;1000000;-50800000000;False;serie_documentaire_etape_non_inferree;https://www.securite-sociale.fr/files/live/sites/SSFR/files/medias/PLFSS/2025/Annexe%202%20Tableaux%202025.xlsx
2025;2023;comptes_fonds_reserves;FRR;FRR tab 1;G23;RESULTAT FINANCIER ;2023;1073;MEUR;1000000;107300000000;False;serie_documentaire_etape_non_inferree;https://www.securite-sociale.fr/files/live/sites/SSFR/files/medias/PLFSS/2025/Annexe%202%20Tableaux%202025.xlsx
2025;2024;comptes_fonds_reserves;FRR;FRR tab 1;H23;RESULTAT FINANCIER ;2024 (p);769;MEUR;1000000;76900000000;False;prevision_explicitement_etiquetee;https://www.securite-sociale.fr/files/live/sites/SSFR/files/medias/PLFSS/2025/Annexe%202%20Tableaux%202025.xlsx
2025;2020;comptes_fonds_reserves;FRR;FRR tab 1;D25;RESULTAT DE L’EXERCICE ;2020;722;MEUR;1000000;72200000000;False;serie_documentaire_etape_non_inferree;https://www.securite-sociale.fr/files/live/sites/SSFR/files/medias/PLFSS/2025/Annexe%202%20Tableaux%202025.xlsx
2025;2021;comptes_fonds_reserves;FRR;FRR tab 1;E25;RESULTAT DE L’EXERCICE ;2021;1564;MEUR;1000000;156400000000;False;serie_documentaire_etape_non_inferree;https://www.securite-sociale.fr/files/live/sites/SSFR/files/medias/PLFSS/2025/Annexe%202%20Tableaux%202025.xlsx
2025;2022;comptes_fonds_reserves;FRR;FRR tab 1;F25;RESULTAT DE L’EXERCICE ;2022;-562;MEUR;1000000;-56200000000;False;serie_documentaire_etape_non_inferree;https://www.securite-sociale.fr/files/live/sites/SSFR/files/medias/PLFSS/2025/Annexe%202%20Tableaux%202025.xlsx
2025;2023;comptes_fonds_reserves;FRR;FRR tab 1;G25;RESULTAT DE L’EXERCICE ;2023;1007;MEUR;1000000;100700000000;False;serie_documentaire_etape_non_inferree;https://www.securite-sociale.fr/files/live/sites/SSFR/files/medias/PLFSS/2025/Annexe%202%20Tableaux%202025.xlsx
2025;2024;comptes_fonds_reserves;FRR;FRR tab 1;H25;RESULTAT DE L’EXERCICE ;2024 (p);702;MEUR;1000000;70200000000;False;prevision_explicitement_etiquetee;https://www.securite-sociale.fr/files/live/sites/SSFR/files/medias/PLFSS/2025/Annexe%202%20Tableaux%202025.xlsx
2025;2022;recettes_detaillees;consolide_ROBSS_FSV;III.tab7;B4;PRODUITS NETS;2022;572447;MEUR;1000000;57244700000000;False;serie_documentaire_etape_non_inferree;https://www.securite-sociale.fr/files/live/sites/SSFR/files/medias/PLFSS/2025/Annexe%203%20Tableaux%202025.xlsx
2025;2023;recettes_detaillees;consolide_ROBSS_FSV;III.tab7;C4;PRODUITS NETS;2023;599956;MEUR;1000000;59995600000000;False;serie_documentaire_etape_non_inferree;https://www.securite-sociale.fr/files/live/sites/SSFR/files/medias/PLFSS/2025/Annexe%203%20Tableaux%202025.xlsx
2025;2024;recettes_detaillees;consolide_ROBSS_FSV;III.tab7;E4;PRODUITS NETS;2024 (p);625333;MEUR;1000000;62533300000000;False;prevision_explicitement_etiquetee;https://www.securite-sociale.fr/files/live/sites/SSFR/files/medias/PLFSS/2025/Annexe%203%20Tableaux%202025.xlsx
2025;2025;recettes_detaillees;consolide_ROBSS_FSV;III.tab7;G4;PRODUITS NETS;2025 (p);645446;MEUR;1000000;64544600000000;False;prevision_explicitement_etiquetee;https://www.securite-sociale.fr/files/live/sites/SSFR/files/medias/PLFSS/2025/Annexe%203%20Tableaux%202025.xlsx
2025;2022;recettes_detaillees;consolide_ROBSS_FSV;III.tab7;B5;COTISATIONS, IMPÔTS ET CONTRIBUTIONS NETTES;2022;548012;MEUR;1000000;54801200000000;False;serie_documentaire_etape_non_inferree;https://www.securite-sociale.fr/files/live/sites/SSFR/files/medias/PLFSS/2025/Annexe%203%20Tableaux%202025.xlsx
2025;2023;recettes_detaillees;consolide_ROBSS_FSV;III.tab7;C5;COTISATIONS, IMPÔTS ET CONTRIBUTIONS NETTES;2023;571207;MEUR;1000000;57120700000000;False;serie_documentaire_etape_non_inferree;https://www.securite-sociale.fr/files/live/sites/SSFR/files/medias/PLFSS/2025/Annexe%203%20Tableaux%202025.xlsx
2025;2024;recettes_detaillees;consolide_ROBSS_FSV;III.tab7;E5;COTISATIONS, IMPÔTS ET CONTRIBUTIONS NETTES;2024 (p);595606;MEUR;1000000;59560600000000;False;prevision_explicitement_etiquetee;https://www.securite-sociale.fr/files/live/sites/SSFR/files/medias/PLFSS/2025/Annexe%203%20Tableaux%202025.xlsx
2025;2025;recettes_detaillees;consolide_ROBSS_FSV;III.tab7;G5;COTISATIONS, IMPÔTS ET CONTRIBUTIONS NETTES;2025 (p);615816;MEUR;1000000;61581600000000;False;prevision_explicitement_etiquetee;https://www.securite-sociale.fr/files/live/sites/SSFR/files/medias/PLFSS/2025/Annexe%203%20Tableaux%202025.xlsx
2025;2022;recettes_detaillees;consolide_ROBSS_FSV;III.tab7;B6;Cotisations sociales brutes*;2022;278971;MEUR;1000000;27897100000000;False;serie_documentaire_etape_non_inferree;https://www.securite-sociale.fr/files/live/sites/SSFR/files/medias/PLFSS/2025/Annexe%203%20Tableaux%202025.xlsx
2025;2023;recettes_detaillees;consolide_ROBSS_FSV;III.tab7;C6;Cotisations sociales brutes*;2023;291091;MEUR;1000000;29109100000000;False;serie_documentaire_etape_non_inferree;https://www.securite-sociale.fr/files/live/sites/SSFR/files/medias/PLFSS/2025/Annexe%203%20Tableaux%202025.xlsx
2025;2024;recettes_detaillees;consolide_ROBSS_FSV;III.tab7;E6;Cotisations sociales brutes*;2024 (p);303184;MEUR;1000000;30318400000000;False;prevision_explicitement_etiquetee;https://www.securite-sociale.fr/files/live/sites/SSFR/files/medias/PLFSS/2025/Annexe%203%20Tableaux%202025.xlsx
2025;2025;recettes_detaillees;consolide_ROBSS_FSV;III.tab7;G6;Cotisations sociales brutes*;2025 (p);318496;MEUR;1000000;31849600000000;False;prevision_explicitement_etiquetee;https://www.securite-sociale.fr/files/live/sites/SSFR/files/medias/PLFSS/2025/Annexe%203%20Tableaux%202025.xlsx
2025;2022;recettes_detaillees;consolide_ROBSS_FSV;III.tab7;B7;Cotisations sociales salariés;2022;257809;MEUR;1000000;25780900000000;False;serie_documentaire_etape_non_inferree;https://www.securite-sociale.fr/files/live/sites/SSFR/files/medias/PLFSS/2025/Annexe%203%20Tableaux%202025.xlsx
2025;2023;recettes_detaillees;consolide_ROBSS_FSV;III.tab7;C7;Cotisations sociales salariés;2023;270563;MEUR;1000000;27056300000000;False;serie_documentaire_etape_non_inferree;https://www.securite-sociale.fr/files/live/sites/SSFR/files/medias/PLFSS/2025/Annexe%203%20Tableaux%202025.xlsx
2025;2024;recettes_detaillees;consolide_ROBSS_FSV;III.tab7;E7;Cotisations sociales salariés;2024 (p);281989;MEUR;1000000;28198900000000;False;prevision_explicitement_etiquetee;https://www.securite-sociale.fr/files/live/sites/SSFR/files/medias/PLFSS/2025/Annexe%203%20Tableaux%202025.xlsx
2025;2025;recettes_detaillees;consolide_ROBSS_FSV;III.tab7;G7;Cotisations sociales salariés;2025 (p);296632;MEUR;1000000;29663200000000;False;prevision_explicitement_etiquetee;https://www.securite-sociale.fr/files/live/sites/SSFR/files/medias/PLFSS/2025/Annexe%203%20Tableaux%202025.xlsx
2025;2022;recettes_detaillees;consolide_ROBSS_FSV;III.tab7;B8;Cotisations sociales non-salariés;2022;18475;MEUR;1000000;1847500000000;False;serie_documentaire_etape_non_inferree;https://www.securite-sociale.fr/files/live/sites/SSFR/files/medias/PLFSS/2025/Annexe%203%20Tableaux%202025.xlsx
2025;2023;recettes_detaillees;consolide_ROBSS_FSV;III.tab7;C8;Cotisations sociales non-salariés;2023;17890;MEUR;1000000;1789000000000;False;serie_documentaire_etape_non_inferree;https://www.securite-sociale.fr/files/live/sites/SSFR/files/medias/PLFSS/2025/Annexe%203%20Tableaux%202025.xlsx
2025;2024;recettes_detaillees;consolide_ROBSS_FSV;III.tab7;E8;Cotisations sociales non-salariés;2024 (p);18493;MEUR;1000000;1849300000000;False;prevision_explicitement_etiquetee;https://www.securite-sociale.fr/files/live/sites/SSFR/files/medias/PLFSS/2025/Annexe%203%20Tableaux%202025.xlsx
2025;2025;recettes_detaillees;consolide_ROBSS_FSV;III.tab7;G8;Cotisations sociales non-salariés;2025 (p);18994;MEUR;1000000;1899400000000;False;prevision_explicitement_etiquetee;https://www.securite-sociale.fr/files/live/sites/SSFR/files/medias/PLFSS/2025/Annexe%203%20Tableaux%202025.xlsx
2025;2022;recettes_detaillees;consolide_ROBSS_FSV;III.tab7;B9;Cotisations des inactifs;2022;907;MEUR;1000000;90700000000;False;serie_documentaire_etape_non_inferree;https://www.securite-sociale.fr/files/live/sites/SSFR/files/medias/PLFSS/2025/Annexe%203%20Tableaux%202025.xlsx
2025;2023;recettes_detaillees;consolide_ROBSS_FSV;III.tab7;C9;Cotisations des inactifs;2023;956;MEUR;1000000;95600000000;False;serie_documentaire_etape_non_inferree;https://www.securite-sociale.fr/files/live/sites/SSFR/files/medias/PLFSS/2025/Annexe%203%20Tableaux%202025.xlsx
2025;2024;recettes_detaillees;consolide_ROBSS_FSV;III.tab7;E9;Cotisations des inactifs;2024 (p);1011;MEUR;1000000;101100000000;False;prevision_explicitement_etiquetee;https://www.securite-sociale.fr/files/live/sites/SSFR/files/medias/PLFSS/2025/Annexe%203%20Tableaux%202025.xlsx
2025;2025;recettes_detaillees;consolide_ROBSS_FSV;III.tab7;G9;Cotisations des inactifs;2025 (p);1042;MEUR;1000000;104200000000;False;prevision_explicitement_etiquetee;https://www.securite-sociale.fr/files/live/sites/SSFR/files/medias/PLFSS/2025/Annexe%203%20Tableaux%202025.xlsx
2025;2022;recettes_detaillees;consolide_ROBSS_FSV;III.tab7;B10;Autres cotisations sociales;2022;1780;MEUR;1000000;178000000000;False;serie_documentaire_etape_non_inferree;https://www.securite-sociale.fr/files/live/sites/SSFR/files/medias/PLFSS/2025/Annexe%203%20Tableaux%202025.xlsx
2025;2023;recettes_detaillees;consolide_ROBSS_FSV;III.tab7;C10;Autres cotisations sociales;2023;1682;MEUR;1000000;168200000000;False;serie_documentaire_etape_non_inferree;https://www.securite-sociale.fr/files/live/sites/SSFR/files/medias/PLFSS/2025/Annexe%203%20Tableaux%202025.xlsx
2025;2024;recettes_detaillees;consolide_ROBSS_FSV;III.tab7;E10;Autres cotisations sociales;2024 (p);1691;MEUR;1000000;169100000000;False;prevision_explicitement_etiquetee;https://www.securite-sociale.fr/files/live/sites/SSFR/files/medias/PLFSS/2025/Annexe%203%20Tableaux%202025.xlsx
2025;2025;recettes_detaillees;consolide_ROBSS_FSV;III.tab7;G10;Autres cotisations sociales;2025 (p);1828;MEUR;1000000;182800000000;False;prevision_explicitement_etiquetee;https://www.securite-sociale.fr/files/live/sites/SSFR/files/medias/PLFSS/2025/Annexe%203%20Tableaux%202025.xlsx
2025;2022;recettes_detaillees;consolide_ROBSS_FSV;III.tab7;B11;Cotisations prises en charge par l’État nettes;2022;6898;MEUR;1000000;689800000000;False;serie_documentaire_etape_non_inferree;https://www.securite-sociale.fr/files/live/sites/SSFR/files/medias/PLFSS/2025/Annexe%203%20Tableaux%202025.xlsx
2025;2023;recettes_detaillees;consolide_ROBSS_FSV;III.tab7;C11;Cotisations prises en charge par l’État nettes;2023;6861;MEUR;1000000;686100000000;False;serie_documentaire_etape_non_inferree;https://www.securite-sociale.fr/files/live/sites/SSFR/files/medias/PLFSS/2025/Annexe%203%20Tableaux%202025.xlsx
2025;2024;recettes_detaillees;consolide_ROBSS_FSV;III.tab7;E11;Cotisations prises en charge par l’État nettes;2024 (p);6758;MEUR;1000000;675800000000;False;prevision_explicitement_etiquetee;https://www.securite-sociale.fr/files/live/sites/SSFR/files/medias/PLFSS/2025/Annexe%203%20Tableaux%202025.xlsx
2025;2025;recettes_detaillees;consolide_ROBSS_FSV;III.tab7;G11;Cotisations prises en charge par l’État nettes;2025 (p);6975;MEUR;1000000;697500000000;False;prevision_explicitement_etiquetee;https://www.securite-sociale.fr/files/live/sites/SSFR/files/medias/PLFSS/2025/Annexe%203%20Tableaux%202025.xlsx
2025;2022;recettes_detaillees;consolide_ROBSS_FSV;III.tab7;B12;Contributions, impôts et taxes;2022;218722;MEUR;1000000;21872200000000;False;serie_documentaire_etape_non_inferree;https://www.securite-sociale.fr/files/live/sites/SSFR/files/medias/PLFSS/2025/Annexe%203%20Tableaux%202025.xlsx
2025;2023;recettes_detaillees;consolide_ROBSS_FSV;III.tab7;C12;Contributions, impôts et taxes;2023;227655;MEUR;1000000;22765500000000;False;serie_documentaire_etape_non_inferree;https://www.securite-sociale.fr/files/live/sites/SSFR/files/medias/PLFSS/2025/Annexe%203%20Tableaux%202025.xlsx
2025;2024;recettes_detaillees;consolide_ROBSS_FSV;III.tab7;E12;Contributions, impôts et taxes;2024 (p);237701;MEUR;1000000;23770100000000;False;prevision_explicitement_etiquetee;https://www.securite-sociale.fr/files/live/sites/SSFR/files/medias/PLFSS/2025/Annexe%203%20Tableaux%202025.xlsx
2025;2025;recettes_detaillees;consolide_ROBSS_FSV;III.tab7;G12;Contributions, impôts et taxes;2025 (p);241839;MEUR;1000000;24183900000000;False;prevision_explicitement_etiquetee;https://www.securite-sociale.fr/files/live/sites/SSFR/files/medias/PLFSS/2025/Annexe%203%20Tableaux%202025.xlsx
2025;2022;recettes_detaillees;consolide_ROBSS_FSV;III.tab7;B13;CSG brute*;2022;115508;MEUR;1000000;11550800000000;False;serie_documentaire_etape_non_inferree;https://www.securite-sociale.fr/files/live/sites/SSFR/files/medias/PLFSS/2025/Annexe%203%20Tableaux%202025.xlsx
2025;2023;recettes_detaillees;consolide_ROBSS_FSV;III.tab7;C13;CSG brute*;2023;120745;MEUR;1000000;12074500000000;False;serie_documentaire_etape_non_inferree;https://www.securite-sociale.fr/files/live/sites/SSFR/files/medias/PLFSS/2025/Annexe%203%20Tableaux%202025.xlsx
2025;2024;recettes_detaillees;consolide_ROBSS_FSV;III.tab7;E13;CSG brute*;2024 (p);127780;MEUR;1000000;12778000000000;False;prevision_explicitement_etiquetee;https://www.securite-sociale.fr/files/live/sites/SSFR/files/medias/PLFSS/2025/Annexe%203%20Tableaux%202025.xlsx
2025;2025;recettes_detaillees;consolide_ROBSS_FSV;III.tab7;G13;CSG brute*;2025 (p);130742;MEUR;1000000;13074200000000;False;prevision_explicitement_etiquetee;https://www.securite-sociale.fr/files/live/sites/SSFR/files/medias/PLFSS/2025/Annexe%203%20Tableaux%202025.xlsx
2025;2022;recettes_detaillees;consolide_ROBSS_FSV;III.tab7;B14;CSG sur revenus d'activité;2022;77279;MEUR;1000000;7727900000000;False;serie_documentaire_etape_non_inferree;https://www.securite-sociale.fr/files/live/sites/SSFR/files/medias/PLFSS/2025/Annexe%203%20Tableaux%202025.xlsx
2025;2023;recettes_detaillees;consolide_ROBSS_FSV;III.tab7;C14;CSG sur revenus d'activité;2023;80712;MEUR;1000000;8071200000000;False;serie_documentaire_etape_non_inferree;https://www.securite-sociale.fr/files/live/sites/SSFR/files/medias/PLFSS/2025/Annexe%203%20Tableaux%202025.xlsx
2025;2024;recettes_detaillees;consolide_ROBSS_FSV;III.tab7;E14;CSG sur revenus d'activité;2024 (p);85028;MEUR;1000000;8502800000000;False;prevision_explicitement_etiquetee;https://www.securite-sociale.fr/files/live/sites/SSFR/files/medias/PLFSS/2025/Annexe%203%20Tableaux%202025.xlsx
2025;2025;recettes_detaillees;consolide_ROBSS_FSV;III.tab7;G14;CSG sur revenus d'activité;2025 (p);87035;MEUR;1000000;8703500000000;False;prevision_explicitement_etiquetee;https://www.securite-sociale.fr/files/live/sites/SSFR/files/medias/PLFSS/2025/Annexe%203%20Tableaux%202025.xlsx
2025;2022;recettes_detaillees;consolide_ROBSS_FSV;III.tab7;B15;CSG sur revenus de remplacement;2022;22856;MEUR;1000000;2285600000000;False;serie_documentaire_etape_non_inferree;https://www.securite-sociale.fr/files/live/sites/SSFR/files/medias/PLFSS/2025/Annexe%203%20Tableaux%202025.xlsx
2025;2023;recettes_detaillees;consolide_ROBSS_FSV;III.tab7;C15;CSG sur revenus de remplacement;2023;23917;MEUR;1000000;2391700000000;False;serie_documentaire_etape_non_inferree;https://www.securite-sociale.fr/files/live/sites/SSFR/files/medias/PLFSS/2025/Annexe%203%20Tableaux%202025.xlsx
2025;2024;recettes_detaillees;consolide_ROBSS_FSV;III.tab7;E15;CSG sur revenus de remplacement;2024 (p);25776;MEUR;1000000;2577600000000;False;prevision_explicitement_etiquetee;https://www.securite-sociale.fr/files/live/sites/SSFR/files/medias/PLFSS/2025/Annexe%203%20Tableaux%202025.xlsx
2025;2025;recettes_detaillees;consolide_ROBSS_FSV;III.tab7;G15;CSG sur revenus de remplacement;2025 (p);26120;MEUR;1000000;2612000000000;False;prevision_explicitement_etiquetee;https://www.securite-sociale.fr/files/live/sites/SSFR/files/medias/PLFSS/2025/Annexe%203%20Tableaux%202025.xlsx
2025;2022;recettes_detaillees;consolide_ROBSS_FSV;III.tab7;B16;CSG sur revenus du capital;2022;14822;MEUR;1000000;1482200000000;False;serie_documentaire_etape_non_inferree;https://www.securite-sociale.fr/files/live/sites/SSFR/files/medias/PLFSS/2025/Annexe%203%20Tableaux%202025.xlsx
2025;2023;recettes_detaillees;consolide_ROBSS_FSV;III.tab7;C16;CSG sur revenus du capital;2023;15527;MEUR;1000000;1552700000000;False;serie_documentaire_etape_non_inferree;https://www.securite-sociale.fr/files/live/sites/SSFR/files/medias/PLFSS/2025/Annexe%203%20Tableaux%202025.xlsx
2025;2024;recettes_detaillees;consolide_ROBSS_FSV;III.tab7;E16;CSG sur revenus du capital;2024 (p);16374;MEUR;1000000;1637400000000;False;prevision_explicitement_etiquetee;https://www.securite-sociale.fr/files/live/sites/SSFR/files/medias/PLFSS/2025/Annexe%203%20Tableaux%202025.xlsx
2025;2025;recettes_detaillees;consolide_ROBSS_FSV;III.tab7;G16;CSG sur revenus du capital;2025 (p);16969;MEUR;1000000;1696900000000;False;prevision_explicitement_etiquetee;https://www.securite-sociale.fr/files/live/sites/SSFR/files/medias/PLFSS/2025/Annexe%203%20Tableaux%202025.xlsx
2025;2022;recettes_detaillees;consolide_ROBSS_FSV;III.tab7;B17;CSG sur les jeux;2022;551;MEUR;1000000;55100000000;False;serie_documentaire_etape_non_inferree;https://www.securite-sociale.fr/files/live/sites/SSFR/files/medias/PLFSS/2025/Annexe%203%20Tableaux%202025.xlsx
2025;2023;recettes_detaillees;consolide_ROBSS_FSV;III.tab7;C17;CSG sur les jeux;2023;589;MEUR;1000000;58900000000;False;serie_documentaire_etape_non_inferree;https://www.securite-sociale.fr/files/live/sites/SSFR/files/medias/PLFSS/2025/Annexe%203%20Tableaux%202025.xlsx
2025;2024;recettes_detaillees;consolide_ROBSS_FSV;III.tab7;E17;CSG sur les jeux;2024 (p);602;MEUR;1000000;60200000000;False;prevision_explicitement_etiquetee;https://www.securite-sociale.fr/files/live/sites/SSFR/files/medias/PLFSS/2025/Annexe%203%20Tableaux%202025.xlsx
2025;2025;recettes_detaillees;consolide_ROBSS_FSV;III.tab7;G17;CSG sur les jeux;2025 (p);618;MEUR;1000000;61800000000;False;prevision_explicitement_etiquetee;https://www.securite-sociale.fr/files/live/sites/SSFR/files/medias/PLFSS/2025/Annexe%203%20Tableaux%202025.xlsx
2025;2022;recettes_detaillees;consolide_ROBSS_FSV;III.tab7;B18;Contributions sociales diverses;2022;11133;MEUR;1000000;1113300000000;False;serie_documentaire_etape_non_inferree;https://www.securite-sociale.fr/files/live/sites/SSFR/files/medias/PLFSS/2025/Annexe%203%20Tableaux%202025.xlsx
2025;2023;recettes_detaillees;consolide_ROBSS_FSV;III.tab7;C18;Contributions sociales diverses;2023;11842;MEUR;1000000;1184200000000;False;serie_documentaire_etape_non_inferree;https://www.securite-sociale.fr/files/live/sites/SSFR/files/medias/PLFSS/2025/Annexe%203%20Tableaux%202025.xlsx
2025;2024;recettes_detaillees;consolide_ROBSS_FSV;III.tab7;E18;Contributions sociales diverses;2024 (p);12747;MEUR;1000000;1274700000000;False;prevision_explicitement_etiquetee;https://www.securite-sociale.fr/files/live/sites/SSFR/files/medias/PLFSS/2025/Annexe%203%20Tableaux%202025.xlsx
2025;2025;recettes_detaillees;consolide_ROBSS_FSV;III.tab7;G18;Contributions sociales diverses;2025 (p);13338;MEUR;1000000;1333800000000;False;prevision_explicitement_etiquetee;https://www.securite-sociale.fr/files/live/sites/SSFR/files/medias/PLFSS/2025/Annexe%203%20Tableaux%202025.xlsx
2025;2022;recettes_detaillees;consolide_ROBSS_FSV;III.tab7;B19;Forfait social;2022;6192;MEUR;1000000;619200000000;False;serie_documentaire_etape_non_inferree;https://www.securite-sociale.fr/files/live/sites/SSFR/files/medias/PLFSS/2025/Annexe%203%20Tableaux%202025.xlsx
2025;2023;recettes_detaillees;consolide_ROBSS_FSV;III.tab7;C19;Forfait social;2023;6360;MEUR;1000000;636000000000;False;serie_documentaire_etape_non_inferree;https://www.securite-sociale.fr/files/live/sites/SSFR/files/medias/PLFSS/2025/Annexe%203%20Tableaux%202025.xlsx
2025;2024;recettes_detaillees;consolide_ROBSS_FSV;III.tab7;E19;Forfait social;2024 (p);6578;MEUR;1000000;657800000000;False;prevision_explicitement_etiquetee;https://www.securite-sociale.fr/files/live/sites/SSFR/files/medias/PLFSS/2025/Annexe%203%20Tableaux%202025.xlsx
2025;2025;recettes_detaillees;consolide_ROBSS_FSV;III.tab7;G19;Forfait social;2025 (p);6804;MEUR;1000000;680400000000;False;prevision_explicitement_etiquetee;https://www.securite-sociale.fr/files/live/sites/SSFR/files/medias/PLFSS/2025/Annexe%203%20Tableaux%202025.xlsx
2025;2022;recettes_detaillees;consolide_ROBSS_FSV;III.tab7;B20;Contribution solidarité autonomie (CSA);2022;3073;MEUR;1000000;307300000000;False;serie_documentaire_etape_non_inferree;https://www.securite-sociale.fr/files/live/sites/SSFR/files/medias/PLFSS/2025/Annexe%203%20Tableaux%202025.xlsx
2025;2023;recettes_detaillees;consolide_ROBSS_FSV;III.tab7;C20;Contribution solidarité autonomie (CSA);2023;3224;MEUR;1000000;322400000000;False;serie_documentaire_etape_non_inferree;https://www.securite-sociale.fr/files/live/sites/SSFR/files/medias/PLFSS/2025/Annexe%203%20Tableaux%202025.xlsx
2025;2024;recettes_detaillees;consolide_ROBSS_FSV;III.tab7;E20;Contribution solidarité autonomie (CSA);2024 (p);3368;MEUR;1000000;336800000000;False;prevision_explicitement_etiquetee;https://www.securite-sociale.fr/files/live/sites/SSFR/files/medias/PLFSS/2025/Annexe%203%20Tableaux%202025.xlsx
2025;2025;recettes_detaillees;consolide_ROBSS_FSV;III.tab7;G20;Contribution solidarité autonomie (CSA);2025 (p);3444;MEUR;1000000;344400000000;False;prevision_explicitement_etiquetee;https://www.securite-sociale.fr/files/live/sites/SSFR/files/medias/PLFSS/2025/Annexe%203%20Tableaux%202025.xlsx
2025;2022;recettes_detaillees;consolide_ROBSS_FSV;III.tab7;B21;Autres;2022;1868;MEUR;1000000;186800000000;False;serie_documentaire_etape_non_inferree;https://www.securite-sociale.fr/files/live/sites/SSFR/files/medias/PLFSS/2025/Annexe%203%20Tableaux%202025.xlsx
2025;2023;recettes_detaillees;consolide_ROBSS_FSV;III.tab7;C21;Autres;2023;2258;MEUR;1000000;225800000000;False;serie_documentaire_etape_non_inferree;https://www.securite-sociale.fr/files/live/sites/SSFR/files/medias/PLFSS/2025/Annexe%203%20Tableaux%202025.xlsx
2025;2024;recettes_detaillees;consolide_ROBSS_FSV;III.tab7;E21;Autres;2024 (p);2801;MEUR;1000000;280100000000;False;prevision_explicitement_etiquetee;https://www.securite-sociale.fr/files/live/sites/SSFR/files/medias/PLFSS/2025/Annexe%203%20Tableaux%202025.xlsx
2025;2025;recettes_detaillees;consolide_ROBSS_FSV;III.tab7;G21;Autres;2025 (p);3090;MEUR;1000000;309000000000;False;prevision_explicitement_etiquetee;https://www.securite-sociale.fr/files/live/sites/SSFR/files/medias/PLFSS/2025/Annexe%203%20Tableaux%202025.xlsx
2025;2022;recettes_detaillees;consolide_ROBSS_FSV;III.tab7;B22;Impôts et taxes;2022;92081;MEUR;1000000;9208100000000;False;serie_documentaire_etape_non_inferree;https://www.securite-sociale.fr/files/live/sites/SSFR/files/medias/PLFSS/2025/Annexe%203%20Tableaux%202025.xlsx
2025;2023;recettes_detaillees;consolide_ROBSS_FSV;III.tab7;C22;Impôts et taxes;2023;95067;MEUR;1000000;9506700000000;False;serie_documentaire_etape_non_inferree;https://www.securite-sociale.fr/files/live/sites/SSFR/files/medias/PLFSS/2025/Annexe%203%20Tableaux%202025.xlsx
2025;2024;recettes_detaillees;consolide_ROBSS_FSV;III.tab7;E22;Impôts et taxes;2024 (p);97174;MEUR;1000000;9717400000000;False;prevision_explicitement_etiquetee;https://www.securite-sociale.fr/files/live/sites/SSFR/files/medias/PLFSS/2025/Annexe%203%20Tableaux%202025.xlsx
2025;2025;recettes_detaillees;consolide_ROBSS_FSV;III.tab7;G22;Impôts et taxes;2025 (p);97758;MEUR;1000000;9775800000000;False;prevision_explicitement_etiquetee;https://www.securite-sociale.fr/files/live/sites/SSFR/files/medias/PLFSS/2025/Annexe%203%20Tableaux%202025.xlsx
2025;2022;recettes_detaillees;consolide_ROBSS_FSV;III.tab7;B23;Tabac;2022;13765;MEUR;1000000;1376500000000;False;serie_documentaire_etape_non_inferree;https://www.securite-sociale.fr/files/live/sites/SSFR/files/medias/PLFSS/2025/Annexe%203%20Tableaux%202025.xlsx
2025;2023;recettes_detaillees;consolide_ROBSS_FSV;III.tab7;C23;Tabac;2023;13615;MEUR;1000000;1361500000000;False;serie_documentaire_etape_non_inferree;https://www.securite-sociale.fr/files/live/sites/SSFR/files/medias/PLFSS/2025/Annexe%203%20Tableaux%202025.xlsx
2025;2024;recettes_detaillees;consolide_ROBSS_FSV;III.tab7;E23;Tabac;2024 (p);13198;MEUR;1000000;1319800000000;False;prevision_explicitement_etiquetee;https://www.securite-sociale.fr/files/live/sites/SSFR/files/medias/PLFSS/2025/Annexe%203%20Tableaux%202025.xlsx
2025;2025;recettes_detaillees;consolide_ROBSS_FSV;III.tab7;G23;Tabac;2025 (p);13097;MEUR;1000000;1309700000000;False;prevision_explicitement_etiquetee;https://www.securite-sociale.fr/files/live/sites/SSFR/files/medias/PLFSS/2025/Annexe%203%20Tableaux%202025.xlsx
2025;2022;recettes_detaillees;consolide_ROBSS_FSV;III.tab7;B24;Taxe sur les salaires;2022;16159;MEUR;1000000;1615900000000;False;serie_documentaire_etape_non_inferree;https://www.securite-sociale.fr/files/live/sites/SSFR/files/medias/PLFSS/2025/Annexe%203%20Tableaux%202025.xlsx
2025;2023;recettes_detaillees;consolide_ROBSS_FSV;III.tab7;C24;Taxe sur les salaires;2023;16843;MEUR;1000000;1684300000000;False;serie_documentaire_etape_non_inferree;https://www.securite-sociale.fr/files/live/sites/SSFR/files/medias/PLFSS/2025/Annexe%203%20Tableaux%202025.xlsx
2025;2024;recettes_detaillees;consolide_ROBSS_FSV;III.tab7;E24;Taxe sur les salaires;2024 (p);17468;MEUR;1000000;1746800000000;False;prevision_explicitement_etiquetee;https://www.securite-sociale.fr/files/live/sites/SSFR/files/medias/PLFSS/2025/Annexe%203%20Tableaux%202025.xlsx
2025;2025;recettes_detaillees;consolide_ROBSS_FSV;III.tab7;G24;Taxe sur les salaires;2025 (p);17818;MEUR;1000000;1781800000000;False;prevision_explicitement_etiquetee;https://www.securite-sociale.fr/files/live/sites/SSFR/files/medias/PLFSS/2025/Annexe%203%20Tableaux%202025.xlsx
2025;2022;recettes_detaillees;consolide_ROBSS_FSV;III.tab7;B25;TVA nette;2022;46443;MEUR;1000000;4644300000000;False;serie_documentaire_etape_non_inferree;https://www.securite-sociale.fr/files/live/sites/SSFR/files/medias/PLFSS/2025/Annexe%203%20Tableaux%202025.xlsx
2025;2023;recettes_detaillees;consolide_ROBSS_FSV;III.tab7;C25;TVA nette;2023;48438;MEUR;1000000;4843800000000;False;serie_documentaire_etape_non_inferree;https://www.securite-sociale.fr/files/live/sites/SSFR/files/medias/PLFSS/2025/Annexe%203%20Tableaux%202025.xlsx
2025;2024;recettes_detaillees;consolide_ROBSS_FSV;III.tab7;E25;TVA nette;2024 (p);49410;MEUR;1000000;4941000000000;False;prevision_explicitement_etiquetee;https://www.securite-sociale.fr/files/live/sites/SSFR/files/medias/PLFSS/2025/Annexe%203%20Tableaux%202025.xlsx
2025;2025;recettes_detaillees;consolide_ROBSS_FSV;III.tab7;G25;TVA nette;2025 (p);49322;MEUR;1000000;4932200000000;False;prevision_explicitement_etiquetee;https://www.securite-sociale.fr/files/live/sites/SSFR/files/medias/PLFSS/2025/Annexe%203%20Tableaux%202025.xlsx
2025;2022;recettes_detaillees;consolide_ROBSS_FSV;III.tab7;B26;CSSS (yc additionnelle);2022;4278;MEUR;1000000;427800000000;False;serie_documentaire_etape_non_inferree;https://www.securite-sociale.fr/files/live/sites/SSFR/files/medias/PLFSS/2025/Annexe%203%20Tableaux%202025.xlsx
2025;2023;recettes_detaillees;consolide_ROBSS_FSV;III.tab7;C26;CSSS (yc additionnelle);2023;4811;MEUR;1000000;481100000000;False;serie_documentaire_etape_non_inferree;https://www.securite-sociale.fr/files/live/sites/SSFR/files/medias/PLFSS/2025/Annexe%203%20Tableaux%202025.xlsx
2025;2024;recettes_detaillees;consolide_ROBSS_FSV;III.tab7;E26;CSSS (yc additionnelle);2024 (p);5195;MEUR;1000000;519500000000;False;prevision_explicitement_etiquetee;https://www.securite-sociale.fr/files/live/sites/SSFR/files/medias/PLFSS/2025/Annexe%203%20Tableaux%202025.xlsx
2025;2025;recettes_detaillees;consolide_ROBSS_FSV;III.tab7;G26;CSSS (yc additionnelle);2025 (p);5361;MEUR;1000000;536100000000;False;prevision_explicitement_etiquetee;https://www.securite-sociale.fr/files/live/sites/SSFR/files/medias/PLFSS/2025/Annexe%203%20Tableaux%202025.xlsx
2025;2022;recettes_detaillees;consolide_ROBSS_FSV;III.tab7;B27;Taxe alcools et boissons non-alcoolisées;2022;4201;MEUR;1000000;420100000000;False;serie_documentaire_etape_non_inferree;https://www.securite-sociale.fr/files/live/sites/SSFR/files/medias/PLFSS/2025/Annexe%203%20Tableaux%202025.xlsx
2025;2023;recettes_detaillees;consolide_ROBSS_FSV;III.tab7;C27;Taxe alcools et boissons non-alcoolisées;2023;4139;MEUR;1000000;413900000000;False;serie_documentaire_etape_non_inferree;https://www.securite-sociale.fr/files/live/sites/SSFR/files/medias/PLFSS/2025/Annexe%203%20Tableaux%202025.xlsx
2025;2024;recettes_detaillees;consolide_ROBSS_FSV;III.tab7;E27;Taxe alcools et boissons non-alcoolisées;2024 (p);4162;MEUR;1000000;416200000000;False;prevision_explicitement_etiquetee;https://www.securite-sociale.fr/files/live/sites/SSFR/files/medias/PLFSS/2025/Annexe%203%20Tableaux%202025.xlsx
2025;2025;recettes_detaillees;consolide_ROBSS_FSV;III.tab7;G27;Taxe alcools et boissons non-alcoolisées;2025 (p);4214;MEUR;1000000;421400000000;False;prevision_explicitement_etiquetee;https://www.securite-sociale.fr/files/live/sites/SSFR/files/medias/PLFSS/2025/Annexe%203%20Tableaux%202025.xlsx
2025;2022;recettes_detaillees;consolide_ROBSS_FSV;III.tab7;B28;Autres recettes fiscales;2022;7235;MEUR;1000000;723500000000;False;serie_documentaire_etape_non_inferree;https://www.securite-sociale.fr/files/live/sites/SSFR/files/medias/PLFSS/2025/Annexe%203%20Tableaux%202025.xlsx
2025;2023;recettes_detaillees;consolide_ROBSS_FSV;III.tab7;C28;Autres recettes fiscales;2023;7221;MEUR;1000000;722100000000;False;serie_documentaire_etape_non_inferree;https://www.securite-sociale.fr/files/live/sites/SSFR/files/medias/PLFSS/2025/Annexe%203%20Tableaux%202025.xlsx
2025;2024;recettes_detaillees;consolide_ROBSS_FSV;III.tab7;E28;Autres recettes fiscales;2024 (p);7741;MEUR;1000000;774100000000;False;prevision_explicitement_etiquetee;https://www.securite-sociale.fr/files/live/sites/SSFR/files/medias/PLFSS/2025/Annexe%203%20Tableaux%202025.xlsx
2025;2025;recettes_detaillees;consolide_ROBSS_FSV;III.tab7;G28;Autres recettes fiscales;2025 (p);7946;MEUR;1000000;794600000000;False;prevision_explicitement_etiquetee;https://www.securite-sociale.fr/files/live/sites/SSFR/files/medias/PLFSS/2025/Annexe%203%20Tableaux%202025.xlsx
2025;2022;recettes_detaillees;consolide_ROBSS_FSV;III.tab7;B29;Contribution de l'employeur principal;2022;44560;MEUR;1000000;4456000000000;False;serie_documentaire_etape_non_inferree;https://www.securite-sociale.fr/files/live/sites/SSFR/files/medias/PLFSS/2025/Annexe%203%20Tableaux%202025.xlsx
2025;2023;recettes_detaillees;consolide_ROBSS_FSV;III.tab7;C29;Contribution de l'employeur principal;2023;46338;MEUR;1000000;4633800000000;False;serie_documentaire_etape_non_inferree;https://www.securite-sociale.fr/files/live/sites/SSFR/files/medias/PLFSS/2025/Annexe%203%20Tableaux%202025.xlsx
2025;2024;recettes_detaillees;consolide_ROBSS_FSV;III.tab7;E29;Contribution de l'employeur principal;2024 (p);49665;MEUR;1000000;4966500000000;False;prevision_explicitement_etiquetee;https://www.securite-sociale.fr/files/live/sites/SSFR/files/medias/PLFSS/2025/Annexe%203%20Tableaux%202025.xlsx
2025;2025;recettes_detaillees;consolide_ROBSS_FSV;III.tab7;G29;Contribution de l'employeur principal;2025 (p);49964;MEUR;1000000;4996400000000;False;prevision_explicitement_etiquetee;https://www.securite-sociale.fr/files/live/sites/SSFR/files/medias/PLFSS/2025/Annexe%203%20Tableaux%202025.xlsx
2025;2022;recettes_detaillees;consolide_ROBSS_FSV;III.tab7;B30;Majorations et pénalités;2022;104;MEUR;1000000;10400000000;False;serie_documentaire_etape_non_inferree;https://www.securite-sociale.fr/files/live/sites/SSFR/files/medias/PLFSS/2025/Annexe%203%20Tableaux%202025.xlsx
2025;2023;recettes_detaillees;consolide_ROBSS_FSV;III.tab7;C30;Majorations et pénalités;2023;329;MEUR;1000000;32900000000;False;serie_documentaire_etape_non_inferree;https://www.securite-sociale.fr/files/live/sites/SSFR/files/medias/PLFSS/2025/Annexe%203%20Tableaux%202025.xlsx
2025;2024;recettes_detaillees;consolide_ROBSS_FSV;III.tab7;E30;Majorations et pénalités;2024 (p);381;MEUR;1000000;38100000000;False;prevision_explicitement_etiquetee;https://www.securite-sociale.fr/files/live/sites/SSFR/files/medias/PLFSS/2025/Annexe%203%20Tableaux%202025.xlsx
2025;2025;recettes_detaillees;consolide_ROBSS_FSV;III.tab7;G30;Majorations et pénalités;2025 (p);415;MEUR;1000000;41500000000;False;prevision_explicitement_etiquetee;https://www.securite-sociale.fr/files/live/sites/SSFR/files/medias/PLFSS/2025/Annexe%203%20Tableaux%202025.xlsx
2025;2022;recettes_detaillees;consolide_ROBSS_FSV;III.tab7;B31;Charges liées au non-recouvrement;2022;-1242;MEUR;1000000;-124200000000;False;serie_documentaire_etape_non_inferree;https://www.securite-sociale.fr/files/live/sites/SSFR/files/medias/PLFSS/2025/Annexe%203%20Tableaux%202025.xlsx
2025;2023;recettes_detaillees;consolide_ROBSS_FSV;III.tab7;C31;Charges liées au non-recouvrement;2023;-1067;MEUR;1000000;-106700000000;False;serie_documentaire_etape_non_inferree;https://www.securite-sociale.fr/files/live/sites/SSFR/files/medias/PLFSS/2025/Annexe%203%20Tableaux%202025.xlsx
2025;2024;recettes_detaillees;consolide_ROBSS_FSV;III.tab7;E31;Charges liées au non-recouvrement;2024 (p);-2083;MEUR;1000000;-208300000000;False;prevision_explicitement_etiquetee;https://www.securite-sociale.fr/files/live/sites/SSFR/files/medias/PLFSS/2025/Annexe%203%20Tableaux%202025.xlsx
2025;2025;recettes_detaillees;consolide_ROBSS_FSV;III.tab7;G31;Charges liées au non-recouvrement;2025 (p);-1873;MEUR;1000000;-187300000000;False;prevision_explicitement_etiquetee;https://www.securite-sociale.fr/files/live/sites/SSFR/files/medias/PLFSS/2025/Annexe%203%20Tableaux%202025.xlsx
2025;2022;recettes_detaillees;consolide_ROBSS_FSV;III.tab7;B32;Sur cotisations sociales;2022;-1109;MEUR;1000000;-110900000000;False;serie_documentaire_etape_non_inferree;https://www.securite-sociale.fr/files/live/sites/SSFR/files/medias/PLFSS/2025/Annexe%203%20Tableaux%202025.xlsx
2025;2023;recettes_detaillees;consolide_ROBSS_FSV;III.tab7;C32;Sur cotisations sociales;2023;-778;MEUR;1000000;-77800000000;False;serie_documentaire_etape_non_inferree;https://www.securite-sociale.fr/files/live/sites/SSFR/files/medias/PLFSS/2025/Annexe%203%20Tableaux%202025.xlsx
2025;2024;recettes_detaillees;consolide_ROBSS_FSV;III.tab7;E32;Sur cotisations sociales;2024 (p);-1622;MEUR;1000000;-162200000000;False;prevision_explicitement_etiquetee;https://www.securite-sociale.fr/files/live/sites/SSFR/files/medias/PLFSS/2025/Annexe%203%20Tableaux%202025.xlsx
2025;2025;recettes_detaillees;consolide_ROBSS_FSV;III.tab7;G32;Sur cotisations sociales;2025 (p);-1414;MEUR;1000000;-141400000000;False;prevision_explicitement_etiquetee;https://www.securite-sociale.fr/files/live/sites/SSFR/files/medias/PLFSS/2025/Annexe%203%20Tableaux%202025.xlsx
2025;2022;recettes_detaillees;consolide_ROBSS_FSV;III.tab7;B33;Sur CSG (hors capital);2022;73;MEUR;1000000;7300000000;False;serie_documentaire_etape_non_inferree;https://www.securite-sociale.fr/files/live/sites/SSFR/files/medias/PLFSS/2025/Annexe%203%20Tableaux%202025.xlsx
2025;2023;recettes_detaillees;consolide_ROBSS_FSV;III.tab7;C33;Sur CSG (hors capital);2023;-80;MEUR;1000000;-8000000000;False;serie_documentaire_etape_non_inferree;https://www.securite-sociale.fr/files/live/sites/SSFR/files/medias/PLFSS/2025/Annexe%203%20Tableaux%202025.xlsx
2025;2024;recettes_detaillees;consolide_ROBSS_FSV;III.tab7;E33;Sur CSG (hors capital);2024 (p);-267;MEUR;1000000;-26700000000;False;prevision_explicitement_etiquetee;https://www.securite-sociale.fr/files/live/sites/SSFR/files/medias/PLFSS/2025/Annexe%203%20Tableaux%202025.xlsx
2025;2025;recettes_detaillees;consolide_ROBSS_FSV;III.tab7;G33;Sur CSG (hors capital);2025 (p);-266;MEUR;1000000;-26600000000;False;prevision_explicitement_etiquetee;https://www.securite-sociale.fr/files/live/sites/SSFR/files/medias/PLFSS/2025/Annexe%203%20Tableaux%202025.xlsx
2025;2022;recettes_detaillees;consolide_ROBSS_FSV;III.tab7;B34;Sur autres produits;2022;-206;MEUR;1000000;-20600000000;False;serie_documentaire_etape_non_inferree;https://www.securite-sociale.fr/files/live/sites/SSFR/files/medias/PLFSS/2025/Annexe%203%20Tableaux%202025.xlsx
2025;2023;recettes_detaillees;consolide_ROBSS_FSV;III.tab7;C34;Sur autres produits;2023;-209;MEUR;1000000;-20900000000;False;serie_documentaire_etape_non_inferree;https://www.securite-sociale.fr/files/live/sites/SSFR/files/medias/PLFSS/2025/Annexe%203%20Tableaux%202025.xlsx
2025;2024;recettes_detaillees;consolide_ROBSS_FSV;III.tab7;E34;Sur autres produits;2024 (p);-193;MEUR;1000000;-19300000000;False;prevision_explicitement_etiquetee;https://www.securite-sociale.fr/files/live/sites/SSFR/files/medias/PLFSS/2025/Annexe%203%20Tableaux%202025.xlsx
2025;2025;recettes_detaillees;consolide_ROBSS_FSV;III.tab7;G34;Sur autres produits;2025 (p);-193;MEUR;1000000;-19300000000;False;prevision_explicitement_etiquetee;https://www.securite-sociale.fr/files/live/sites/SSFR/files/medias/PLFSS/2025/Annexe%203%20Tableaux%202025.xlsx
2025;2022;recettes_detaillees;consolide_ROBSS_FSV;III.tab7;B35;TRANSFERTS NETS;2022;11441;MEUR;1000000;1144100000000;False;serie_documentaire_etape_non_inferree;https://www.securite-sociale.fr/files/live/sites/SSFR/files/medias/PLFSS/2025/Annexe%203%20Tableaux%202025.xlsx
2025;2023;recettes_detaillees;consolide_ROBSS_FSV;III.tab7;C35;TRANSFERTS NETS;2023;12754;MEUR;1000000;1275400000000;False;serie_documentaire_etape_non_inferree;https://www.securite-sociale.fr/files/live/sites/SSFR/files/medias/PLFSS/2025/Annexe%203%20Tableaux%202025.xlsx
2025;2024;recettes_detaillees;consolide_ROBSS_FSV;III.tab7;E35;TRANSFERTS NETS;2024 (p);12249;MEUR;1000000;1224900000000;False;prevision_explicitement_etiquetee;https://www.securite-sociale.fr/files/live/sites/SSFR/files/medias/PLFSS/2025/Annexe%203%20Tableaux%202025.xlsx
2025;2025;recettes_detaillees;consolide_ROBSS_FSV;III.tab7;G35;TRANSFERTS NETS;2025 (p);11618;MEUR;1000000;1161800000000;False;prevision_explicitement_etiquetee;https://www.securite-sociale.fr/files/live/sites/SSFR/files/medias/PLFSS/2025/Annexe%203%20Tableaux%202025.xlsx
2025;2022;recettes_detaillees;consolide_ROBSS_FSV;III.tab7;B36;Tranferts avec régimes de base;2022;319;MEUR;1000000;31900000000;False;serie_documentaire_etape_non_inferree;https://www.securite-sociale.fr/files/live/sites/SSFR/files/medias/PLFSS/2025/Annexe%203%20Tableaux%202025.xlsx
2025;2023;recettes_detaillees;consolide_ROBSS_FSV;III.tab7;C36;Tranferts avec régimes de base;2023;320;MEUR;1000000;32000000000;False;serie_documentaire_etape_non_inferree;https://www.securite-sociale.fr/files/live/sites/SSFR/files/medias/PLFSS/2025/Annexe%203%20Tableaux%202025.xlsx
2025;2024;recettes_detaillees;consolide_ROBSS_FSV;III.tab7;E36;Tranferts avec régimes de base;2024 (p);208;MEUR;1000000;20800000000;False;prevision_explicitement_etiquetee;https://www.securite-sociale.fr/files/live/sites/SSFR/files/medias/PLFSS/2025/Annexe%203%20Tableaux%202025.xlsx
2025;2025;recettes_detaillees;consolide_ROBSS_FSV;III.tab7;G36;Tranferts avec régimes de base;2025 (p);197;MEUR;1000000;19700000000;False;prevision_explicitement_etiquetee;https://www.securite-sociale.fr/files/live/sites/SSFR/files/medias/PLFSS/2025/Annexe%203%20Tableaux%202025.xlsx
2025;2022;recettes_detaillees;consolide_ROBSS_FSV;III.tab7;B37;Transferts avec les fonds;2022;761;MEUR;1000000;76100000000;False;serie_documentaire_etape_non_inferree;https://www.securite-sociale.fr/files/live/sites/SSFR/files/medias/PLFSS/2025/Annexe%203%20Tableaux%202025.xlsx
2025;2023;recettes_detaillees;consolide_ROBSS_FSV;III.tab7;C37;Transferts avec les fonds;2023;1082;MEUR;1000000;108200000000;False;serie_documentaire_etape_non_inferree;https://www.securite-sociale.fr/files/live/sites/SSFR/files/medias/PLFSS/2025/Annexe%203%20Tableaux%202025.xlsx
2025;2024;recettes_detaillees;consolide_ROBSS_FSV;III.tab7;E37;Transferts avec les fonds;2024 (p);1193;MEUR;1000000;119300000000;False;prevision_explicitement_etiquetee;https://www.securite-sociale.fr/files/live/sites/SSFR/files/medias/PLFSS/2025/Annexe%203%20Tableaux%202025.xlsx
2025;2025;recettes_detaillees;consolide_ROBSS_FSV;III.tab7;G37;Transferts avec les fonds;2025 (p);1287;MEUR;1000000;128700000000;False;prevision_explicitement_etiquetee;https://www.securite-sociale.fr/files/live/sites/SSFR/files/medias/PLFSS/2025/Annexe%203%20Tableaux%202025.xlsx
2025;2022;recettes_detaillees;consolide_ROBSS_FSV;III.tab7;B38;Contributions publiques;2022;8992;MEUR;1000000;899200000000;False;serie_documentaire_etape_non_inferree;https://www.securite-sociale.fr/files/live/sites/SSFR/files/medias/PLFSS/2025/Annexe%203%20Tableaux%202025.xlsx
2025;2023;recettes_detaillees;consolide_ROBSS_FSV;III.tab7;C38;Contributions publiques;2023;9853;MEUR;1000000;985300000000;False;serie_documentaire_etape_non_inferree;https://www.securite-sociale.fr/files/live/sites/SSFR/files/medias/PLFSS/2025/Annexe%203%20Tableaux%202025.xlsx
2025;2024;recettes_detaillees;consolide_ROBSS_FSV;III.tab7;E38;Contributions publiques;2024 (p);9223;MEUR;1000000;922300000000;False;prevision_explicitement_etiquetee;https://www.securite-sociale.fr/files/live/sites/SSFR/files/medias/PLFSS/2025/Annexe%203%20Tableaux%202025.xlsx
2025;2025;recettes_detaillees;consolide_ROBSS_FSV;III.tab7;G38;Contributions publiques;2025 (p);8405;MEUR;1000000;840500000000;False;prevision_explicitement_etiquetee;https://www.securite-sociale.fr/files/live/sites/SSFR/files/medias/PLFSS/2025/Annexe%203%20Tableaux%202025.xlsx
2025;2022;recettes_detaillees;consolide_ROBSS_FSV;III.tab7;B39;Transferts avec les complémentaires;2022;1369;MEUR;1000000;136900000000;False;serie_documentaire_etape_non_inferree;https://www.securite-sociale.fr/files/live/sites/SSFR/files/medias/PLFSS/2025/Annexe%203%20Tableaux%202025.xlsx
2025;2023;recettes_detaillees;consolide_ROBSS_FSV;III.tab7;C39;Transferts avec les complémentaires;2023;1499;MEUR;1000000;149900000000;False;serie_documentaire_etape_non_inferree;https://www.securite-sociale.fr/files/live/sites/SSFR/files/medias/PLFSS/2025/Annexe%203%20Tableaux%202025.xlsx
2025;2024;recettes_detaillees;consolide_ROBSS_FSV;III.tab7;E39;Transferts avec les complémentaires;2024 (p);1625;MEUR;1000000;162500000000;False;prevision_explicitement_etiquetee;https://www.securite-sociale.fr/files/live/sites/SSFR/files/medias/PLFSS/2025/Annexe%203%20Tableaux%202025.xlsx
2025;2025;recettes_detaillees;consolide_ROBSS_FSV;III.tab7;G39;Transferts avec les complémentaires;2025 (p);1728;MEUR;1000000;172800000000;False;prevision_explicitement_etiquetee;https://www.securite-sociale.fr/files/live/sites/SSFR/files/medias/PLFSS/2025/Annexe%203%20Tableaux%202025.xlsx
2025;2022;recettes_detaillees;consolide_ROBSS_FSV;III.tab7;B40;AUTRES PRODUITS NETS;2022;12994;MEUR;1000000;1299400000000;False;serie_documentaire_etape_non_inferree;https://www.securite-sociale.fr/files/live/sites/SSFR/files/medias/PLFSS/2025/Annexe%203%20Tableaux%202025.xlsx
2025;2023;recettes_detaillees;consolide_ROBSS_FSV;III.tab7;C40;AUTRES PRODUITS NETS;2023;15995;MEUR;1000000;1599500000000;False;serie_documentaire_etape_non_inferree;https://www.securite-sociale.fr/files/live/sites/SSFR/files/medias/PLFSS/2025/Annexe%203%20Tableaux%202025.xlsx
2025;2024;recettes_detaillees;consolide_ROBSS_FSV;III.tab7;E40;AUTRES PRODUITS NETS;2024 (p);17478;MEUR;1000000;1747800000000;False;prevision_explicitement_etiquetee;https://www.securite-sociale.fr/files/live/sites/SSFR/files/medias/PLFSS/2025/Annexe%203%20Tableaux%202025.xlsx
2025;2025;recettes_detaillees;consolide_ROBSS_FSV;III.tab7;G40;AUTRES PRODUITS NETS;2025 (p);18013;MEUR;1000000;1801300000000;False;prevision_explicitement_etiquetee;https://www.securite-sociale.fr/files/live/sites/SSFR/files/medias/PLFSS/2025/Annexe%203%20Tableaux%202025.xlsx
2025;2022;depenses_detaillees;consolide_ROBSS_FSV;III.tab12;B4;Prestations sociales nettes;2022;556419;MEUR;1000000;55641900000000;False;serie_documentaire_etape_non_inferree;https://www.securite-sociale.fr/files/live/sites/SSFR/files/medias/PLFSS/2025/Annexe%203%20Tableaux%202025.xlsx
2025;2023;depenses_detaillees;consolide_ROBSS_FSV;III.tab12;C4;Prestations sociales nettes;2023;576428;MEUR;1000000;57642800000000;False;serie_documentaire_etape_non_inferree;https://www.securite-sociale.fr/files/live/sites/SSFR/files/medias/PLFSS/2025/Annexe%203%20Tableaux%202025.xlsx
2025;2024;depenses_detaillees;consolide_ROBSS_FSV;III.tab12;F4;Prestations sociales nettes;2024(p);607931;MEUR;1000000;60793100000000;False;prevision_explicitement_etiquetee;https://www.securite-sociale.fr/files/live/sites/SSFR/files/medias/PLFSS/2025/Annexe%203%20Tableaux%202025.xlsx
2025;2025;depenses_detaillees;consolide_ROBSS_FSV;III.tab12;H4;Prestations sociales nettes;2025;624661;MEUR;1000000;62466100000000;False;serie_documentaire_etape_non_inferree;https://www.securite-sociale.fr/files/live/sites/SSFR/files/medias/PLFSS/2025/Annexe%203%20Tableaux%202025.xlsx
2025;2022;depenses_detaillees;consolide_ROBSS_FSV;III.tab12;B5;Prestations légales;2022;549208;MEUR;1000000;54920800000000;False;serie_documentaire_etape_non_inferree;https://www.securite-sociale.fr/files/live/sites/SSFR/files/medias/PLFSS/2025/Annexe%203%20Tableaux%202025.xlsx
2025;2023;depenses_detaillees;consolide_ROBSS_FSV;III.tab12;C5;Prestations légales;2023;569172;MEUR;1000000;56917200000000;False;serie_documentaire_etape_non_inferree;https://www.securite-sociale.fr/files/live/sites/SSFR/files/medias/PLFSS/2025/Annexe%203%20Tableaux%202025.xlsx
2025;2024;depenses_detaillees;consolide_ROBSS_FSV;III.tab12;F5;Prestations légales;2024(p);600094;MEUR;1000000;60009400000000;False;prevision_explicitement_etiquetee;https://www.securite-sociale.fr/files/live/sites/SSFR/files/medias/PLFSS/2025/Annexe%203%20Tableaux%202025.xlsx
2025;2025;depenses_detaillees;consolide_ROBSS_FSV;III.tab12;H5;Prestations légales;2025;616112;MEUR;1000000;61611200000000;False;serie_documentaire_etape_non_inferree;https://www.securite-sociale.fr/files/live/sites/SSFR/files/medias/PLFSS/2025/Annexe%203%20Tableaux%202025.xlsx
2025;2022;depenses_detaillees;consolide_ROBSS_FSV;III.tab12;B6;Prestations extralégales;2022;7211;MEUR;1000000;721100000000;False;serie_documentaire_etape_non_inferree;https://www.securite-sociale.fr/files/live/sites/SSFR/files/medias/PLFSS/2025/Annexe%203%20Tableaux%202025.xlsx
2025;2023;depenses_detaillees;consolide_ROBSS_FSV;III.tab12;C6;Prestations extralégales;2023;7256;MEUR;1000000;725600000000;False;serie_documentaire_etape_non_inferree;https://www.securite-sociale.fr/files/live/sites/SSFR/files/medias/PLFSS/2025/Annexe%203%20Tableaux%202025.xlsx
2025;2024;depenses_detaillees;consolide_ROBSS_FSV;III.tab12;F6;Prestations extralégales;2024(p);7837;MEUR;1000000;783700000000;False;prevision_explicitement_etiquetee;https://www.securite-sociale.fr/files/live/sites/SSFR/files/medias/PLFSS/2025/Annexe%203%20Tableaux%202025.xlsx
2025;2025;depenses_detaillees;consolide_ROBSS_FSV;III.tab12;H6;Prestations extralégales;2025;8549;MEUR;1000000;854900000000;False;serie_documentaire_etape_non_inferree;https://www.securite-sociale.fr/files/live/sites/SSFR/files/medias/PLFSS/2025/Annexe%203%20Tableaux%202025.xlsx
2025;2022;depenses_detaillees;consolide_ROBSS_FSV;III.tab12;B7;Transferts versés nets;2022;21092;MEUR;1000000;2109200000000;False;serie_documentaire_etape_non_inferree;https://www.securite-sociale.fr/files/live/sites/SSFR/files/medias/PLFSS/2025/Annexe%203%20Tableaux%202025.xlsx
2025;2023;depenses_detaillees;consolide_ROBSS_FSV;III.tab12;C7;Transferts versés nets;2023;19546;MEUR;1000000;1954600000000;False;serie_documentaire_etape_non_inferree;https://www.securite-sociale.fr/files/live/sites/SSFR/files/medias/PLFSS/2025/Annexe%203%20Tableaux%202025.xlsx
2025;2024;depenses_detaillees;consolide_ROBSS_FSV;III.tab12;F7;Transferts versés nets;2024(p);20206;MEUR;1000000;2020600000000;False;prevision_explicitement_etiquetee;https://www.securite-sociale.fr/files/live/sites/SSFR/files/medias/PLFSS/2025/Annexe%203%20Tableaux%202025.xlsx
2025;2025;depenses_detaillees;consolide_ROBSS_FSV;III.tab12;H7;Transferts versés nets;2025;20616;MEUR;1000000;2061600000000;False;serie_documentaire_etape_non_inferree;https://www.securite-sociale.fr/files/live/sites/SSFR/files/medias/PLFSS/2025/Annexe%203%20Tableaux%202025.xlsx
2025;2022;depenses_detaillees;consolide_ROBSS_FSV;III.tab12;B8;Transferts vers les régimes de base;2022;1205;MEUR;1000000;120500000000;False;serie_documentaire_etape_non_inferree;https://www.securite-sociale.fr/files/live/sites/SSFR/files/medias/PLFSS/2025/Annexe%203%20Tableaux%202025.xlsx
2025;2023;depenses_detaillees;consolide_ROBSS_FSV;III.tab12;C8;Transferts vers les régimes de base;2023;2180;MEUR;1000000;218000000000;False;serie_documentaire_etape_non_inferree;https://www.securite-sociale.fr/files/live/sites/SSFR/files/medias/PLFSS/2025/Annexe%203%20Tableaux%202025.xlsx
2025;2024;depenses_detaillees;consolide_ROBSS_FSV;III.tab12;F8;Transferts vers les régimes de base;2024(p);2134;MEUR;1000000;213400000000;False;prevision_explicitement_etiquetee;https://www.securite-sociale.fr/files/live/sites/SSFR/files/medias/PLFSS/2025/Annexe%203%20Tableaux%202025.xlsx
2025;2025;depenses_detaillees;consolide_ROBSS_FSV;III.tab12;H8;Transferts vers les régimes de base;2025;2274;MEUR;1000000;227400000000;False;serie_documentaire_etape_non_inferree;https://www.securite-sociale.fr/files/live/sites/SSFR/files/medias/PLFSS/2025/Annexe%203%20Tableaux%202025.xlsx
2025;2022;depenses_detaillees;consolide_ROBSS_FSV;III.tab12;B9;Transferts vers les fonds;2022;12313;MEUR;1000000;1231300000000;False;serie_documentaire_etape_non_inferree;https://www.securite-sociale.fr/files/live/sites/SSFR/files/medias/PLFSS/2025/Annexe%203%20Tableaux%202025.xlsx
2025;2023;depenses_detaillees;consolide_ROBSS_FSV;III.tab12;C9;Transferts vers les fonds;2023;9238;MEUR;1000000;923800000000;False;serie_documentaire_etape_non_inferree;https://www.securite-sociale.fr/files/live/sites/SSFR/files/medias/PLFSS/2025/Annexe%203%20Tableaux%202025.xlsx
2025;2024;depenses_detaillees;consolide_ROBSS_FSV;III.tab12;F9;Transferts vers les fonds;2024(p);9586;MEUR;1000000;958600000000;False;prevision_explicitement_etiquetee;https://www.securite-sociale.fr/files/live/sites/SSFR/files/medias/PLFSS/2025/Annexe%203%20Tableaux%202025.xlsx
2025;2025;depenses_detaillees;consolide_ROBSS_FSV;III.tab12;H9;Transferts vers les fonds;2025;9681;MEUR;1000000;968100000000;False;serie_documentaire_etape_non_inferree;https://www.securite-sociale.fr/files/live/sites/SSFR/files/medias/PLFSS/2025/Annexe%203%20Tableaux%202025.xlsx
2025;2022;depenses_detaillees;consolide_ROBSS_FSV;III.tab12;B10;Transferts vers les départements;2022;4374;MEUR;1000000;437400000000;False;serie_documentaire_etape_non_inferree;https://www.securite-sociale.fr/files/live/sites/SSFR/files/medias/PLFSS/2025/Annexe%203%20Tableaux%202025.xlsx
2025;2023;depenses_detaillees;consolide_ROBSS_FSV;III.tab12;C10;Transferts vers les départements;2023;4887;MEUR;1000000;488700000000;False;serie_documentaire_etape_non_inferree;https://www.securite-sociale.fr/files/live/sites/SSFR/files/medias/PLFSS/2025/Annexe%203%20Tableaux%202025.xlsx
2025;2024;depenses_detaillees;consolide_ROBSS_FSV;III.tab12;F10;Transferts vers les départements;2024(p);5451;MEUR;1000000;545100000000;False;prevision_explicitement_etiquetee;https://www.securite-sociale.fr/files/live/sites/SSFR/files/medias/PLFSS/2025/Annexe%203%20Tableaux%202025.xlsx
2025;2025;depenses_detaillees;consolide_ROBSS_FSV;III.tab12;H10;Transferts vers les départements;2025;5595;MEUR;1000000;559500000000;False;serie_documentaire_etape_non_inferree;https://www.securite-sociale.fr/files/live/sites/SSFR/files/medias/PLFSS/2025/Annexe%203%20Tableaux%202025.xlsx
2025;2022;depenses_detaillees;consolide_ROBSS_FSV;III.tab12;B11;Autres transferts;2022;3199;MEUR;1000000;319900000000;False;serie_documentaire_etape_non_inferree;https://www.securite-sociale.fr/files/live/sites/SSFR/files/medias/PLFSS/2025/Annexe%203%20Tableaux%202025.xlsx
2025;2023;depenses_detaillees;consolide_ROBSS_FSV;III.tab12;C11;Autres transferts;2023;3240;MEUR;1000000;324000000000;False;serie_documentaire_etape_non_inferree;https://www.securite-sociale.fr/files/live/sites/SSFR/files/medias/PLFSS/2025/Annexe%203%20Tableaux%202025.xlsx
2025;2024;depenses_detaillees;consolide_ROBSS_FSV;III.tab12;F11;Autres transferts;2024(p);3035;MEUR;1000000;303500000000;False;prevision_explicitement_etiquetee;https://www.securite-sociale.fr/files/live/sites/SSFR/files/medias/PLFSS/2025/Annexe%203%20Tableaux%202025.xlsx
2025;2025;depenses_detaillees;consolide_ROBSS_FSV;III.tab12;H11;Autres transferts;2025;3067;MEUR;1000000;306700000000;False;serie_documentaire_etape_non_inferree;https://www.securite-sociale.fr/files/live/sites/SSFR/files/medias/PLFSS/2025/Annexe%203%20Tableaux%202025.xlsx
2025;2022;depenses_detaillees;consolide_ROBSS_FSV;III.tab12;B12;Charges de gestion courante;2022;13745;MEUR;1000000;1374500000000;False;serie_documentaire_etape_non_inferree;https://www.securite-sociale.fr/files/live/sites/SSFR/files/medias/PLFSS/2025/Annexe%203%20Tableaux%202025.xlsx
2025;2023;depenses_detaillees;consolide_ROBSS_FSV;III.tab12;C12;Charges de gestion courante;2023;13751;MEUR;1000000;1375100000000;False;serie_documentaire_etape_non_inferree;https://www.securite-sociale.fr/files/live/sites/SSFR/files/medias/PLFSS/2025/Annexe%203%20Tableaux%202025.xlsx
2025;2024;depenses_detaillees;consolide_ROBSS_FSV;III.tab12;F12;Charges de gestion courante;2024(p);14074;MEUR;1000000;1407400000000;False;prevision_explicitement_etiquetee;https://www.securite-sociale.fr/files/live/sites/SSFR/files/medias/PLFSS/2025/Annexe%203%20Tableaux%202025.xlsx
2025;2025;depenses_detaillees;consolide_ROBSS_FSV;III.tab12;H12;Charges de gestion courante;2025;14444;MEUR;1000000;1444400000000;False;serie_documentaire_etape_non_inferree;https://www.securite-sociale.fr/files/live/sites/SSFR/files/medias/PLFSS/2025/Annexe%203%20Tableaux%202025.xlsx
2025;2022;depenses_detaillees;consolide_ROBSS_FSV;III.tab12;B13;Charges financières;2022;602;MEUR;1000000;60200000000;False;serie_documentaire_etape_non_inferree;https://www.securite-sociale.fr/files/live/sites/SSFR/files/medias/PLFSS/2025/Annexe%203%20Tableaux%202025.xlsx
2025;2023;depenses_detaillees;consolide_ROBSS_FSV;III.tab12;C13;Charges financières;2023;918;MEUR;1000000;91800000000;False;serie_documentaire_etape_non_inferree;https://www.securite-sociale.fr/files/live/sites/SSFR/files/medias/PLFSS/2025/Annexe%203%20Tableaux%202025.xlsx
2025;2024;depenses_detaillees;consolide_ROBSS_FSV;III.tab12;F13;Charges financières;2024(p);1080;MEUR;1000000;108000000000;False;prevision_explicitement_etiquetee;https://www.securite-sociale.fr/files/live/sites/SSFR/files/medias/PLFSS/2025/Annexe%203%20Tableaux%202025.xlsx
2025;2025;depenses_detaillees;consolide_ROBSS_FSV;III.tab12;H13;Charges financières;2025;1670;MEUR;1000000;167000000000;False;serie_documentaire_etape_non_inferree;https://www.securite-sociale.fr/files/live/sites/SSFR/files/medias/PLFSS/2025/Annexe%203%20Tableaux%202025.xlsx
2025;2022;depenses_detaillees;consolide_ROBSS_FSV;III.tab12;B14;Autres charges;2022;251;MEUR;1000000;25100000000;False;serie_documentaire_etape_non_inferree;https://www.securite-sociale.fr/files/live/sites/SSFR/files/medias/PLFSS/2025/Annexe%203%20Tableaux%202025.xlsx
2025;2023;depenses_detaillees;consolide_ROBSS_FSV;III.tab12;C14;Autres charges;2023;87;MEUR;1000000;8700000000;False;serie_documentaire_etape_non_inferree;https://www.securite-sociale.fr/files/live/sites/SSFR/files/medias/PLFSS/2025/Annexe%203%20Tableaux%202025.xlsx
2025;2024;depenses_detaillees;consolide_ROBSS_FSV;III.tab12;F14;Autres charges;2024(p);82;MEUR;1000000;8200000000;False;prevision_explicitement_etiquetee;https://www.securite-sociale.fr/files/live/sites/SSFR/files/medias/PLFSS/2025/Annexe%203%20Tableaux%202025.xlsx
2025;2025;depenses_detaillees;consolide_ROBSS_FSV;III.tab12;H14;Autres charges;2025;83;MEUR;1000000;8300000000;False;serie_documentaire_etape_non_inferree;https://www.securite-sociale.fr/files/live/sites/SSFR/files/medias/PLFSS/2025/Annexe%203%20Tableaux%202025.xlsx
2025;2022;depenses_detaillees;consolide_ROBSS_FSV;III.tab12;B15;"Ensemble des charges nettes 
des régimes de base et du FSV";2022;592109;MEUR;1000000;59210900000000;False;serie_documentaire_etape_non_inferree;https://www.securite-sociale.fr/files/live/sites/SSFR/files/medias/PLFSS/2025/Annexe%203%20Tableaux%202025.xlsx
2025;2023;depenses_detaillees;consolide_ROBSS_FSV;III.tab12;C15;"Ensemble des charges nettes 
des régimes de base et du FSV";2023;610729;MEUR;1000000;61072900000000;False;serie_documentaire_etape_non_inferree;https://www.securite-sociale.fr/files/live/sites/SSFR/files/medias/PLFSS/2025/Annexe%203%20Tableaux%202025.xlsx
2025;2024;depenses_detaillees;consolide_ROBSS_FSV;III.tab12;F15;"Ensemble des charges nettes 
des régimes de base et du FSV";2024(p);643372;MEUR;1000000;64337200000000;False;prevision_explicitement_etiquetee;https://www.securite-sociale.fr/files/live/sites/SSFR/files/medias/PLFSS/2025/Annexe%203%20Tableaux%202025.xlsx
2025;2025;depenses_detaillees;consolide_ROBSS_FSV;III.tab12;H15;"Ensemble des charges nettes 
des régimes de base et du FSV";2025;661475;MEUR;1000000;66147500000000;False;serie_documentaire_etape_non_inferree;https://www.securite-sociale.fr/files/live/sites/SSFR/files/medias/PLFSS/2025/Annexe%203%20Tableaux%202025.xlsx
2023;2020;comptes_fonds_reserves;FRR;FRR tab_3;C4;PRODUITS NETS;2020;4189;MEUR;1000000;418900000000;False;serie_documentaire_etape_non_inferree;https://contrib.securite-sociale.fr/files/live/sites/SSFR/files/medias/PLACSS/2023/les%20donn%C3%A9es%20chiffr%C3%A9es/Annexe%207_Donn%C3%A9es.xlsx
2023;2021;comptes_fonds_reserves;FRR;FRR tab_3;D4;PRODUITS NETS;2021;2931;MEUR;1000000;293100000000;False;serie_documentaire_etape_non_inferree;https://contrib.securite-sociale.fr/files/live/sites/SSFR/files/medias/PLACSS/2023/les%20donn%C3%A9es%20chiffr%C3%A9es/Annexe%207_Donn%C3%A9es.xlsx
2023;2022;comptes_fonds_reserves;FRR;FRR tab_3;E4;PRODUITS NETS;2022;2205;MEUR;1000000;220500000000;False;serie_documentaire_etape_non_inferree;https://contrib.securite-sociale.fr/files/live/sites/SSFR/files/medias/PLACSS/2023/les%20donn%C3%A9es%20chiffr%C3%A9es/Annexe%207_Donn%C3%A9es.xlsx
2023;2023;comptes_fonds_reserves;FRR;FRR tab_3;F4;PRODUITS NETS;2023;2630;MEUR;1000000;263000000000;False;serie_documentaire_etape_non_inferree;https://contrib.securite-sociale.fr/files/live/sites/SSFR/files/medias/PLACSS/2023/les%20donn%C3%A9es%20chiffr%C3%A9es/Annexe%207_Donn%C3%A9es.xlsx
2023;2020;comptes_fonds_reserves;FRR;FRR tab_3;C5;Abondements;2020;0;MEUR;1000000;0;True;serie_documentaire_etape_non_inferree;https://contrib.securite-sociale.fr/files/live/sites/SSFR/files/medias/PLACSS/2023/les%20donn%C3%A9es%20chiffr%C3%A9es/Annexe%207_Donn%C3%A9es.xlsx
2023;2021;comptes_fonds_reserves;FRR;FRR tab_3;D5;Abondements;2021;0;MEUR;1000000;0;True;serie_documentaire_etape_non_inferree;https://contrib.securite-sociale.fr/files/live/sites/SSFR/files/medias/PLACSS/2023/les%20donn%C3%A9es%20chiffr%C3%A9es/Annexe%207_Donn%C3%A9es.xlsx
2023;2022;comptes_fonds_reserves;FRR;FRR tab_3;E5;Abondements;2022;0;MEUR;1000000;0;True;serie_documentaire_etape_non_inferree;https://contrib.securite-sociale.fr/files/live/sites/SSFR/files/medias/PLACSS/2023/les%20donn%C3%A9es%20chiffr%C3%A9es/Annexe%207_Donn%C3%A9es.xlsx
2023;2023;comptes_fonds_reserves;FRR;FRR tab_3;F5;Abondements;2023;0;MEUR;1000000;0;True;serie_documentaire_etape_non_inferree;https://contrib.securite-sociale.fr/files/live/sites/SSFR/files/medias/PLACSS/2023/les%20donn%C3%A9es%20chiffr%C3%A9es/Annexe%207_Donn%C3%A9es.xlsx
2023;2020;comptes_fonds_reserves;FRR;FRR tab_3;C6;Prélèvement de 2% sur les revenus du capital;2020;0;MEUR;1000000;0;True;serie_documentaire_etape_non_inferree;https://contrib.securite-sociale.fr/files/live/sites/SSFR/files/medias/PLACSS/2023/les%20donn%C3%A9es%20chiffr%C3%A9es/Annexe%207_Donn%C3%A9es.xlsx
2023;2021;comptes_fonds_reserves;FRR;FRR tab_3;D6;Prélèvement de 2% sur les revenus du capital;2021;0;MEUR;1000000;0;True;serie_documentaire_etape_non_inferree;https://contrib.securite-sociale.fr/files/live/sites/SSFR/files/medias/PLACSS/2023/les%20donn%C3%A9es%20chiffr%C3%A9es/Annexe%207_Donn%C3%A9es.xlsx
2023;2022;comptes_fonds_reserves;FRR;FRR tab_3;E6;Prélèvement de 2% sur les revenus du capital;2022;0;MEUR;1000000;0;True;serie_documentaire_etape_non_inferree;https://contrib.securite-sociale.fr/files/live/sites/SSFR/files/medias/PLACSS/2023/les%20donn%C3%A9es%20chiffr%C3%A9es/Annexe%207_Donn%C3%A9es.xlsx
2023;2023;comptes_fonds_reserves;FRR;FRR tab_3;F6;Prélèvement de 2% sur les revenus du capital;2023;0;MEUR;1000000;0;True;serie_documentaire_etape_non_inferree;https://contrib.securite-sociale.fr/files/live/sites/SSFR/files/medias/PLACSS/2023/les%20donn%C3%A9es%20chiffr%C3%A9es/Annexe%207_Donn%C3%A9es.xlsx
2023;2020;comptes_fonds_reserves;FRR;FRR tab_3;C7;UMTS;2020;0;MEUR;1000000;0;True;serie_documentaire_etape_non_inferree;https://contrib.securite-sociale.fr/files/live/sites/SSFR/files/medias/PLACSS/2023/les%20donn%C3%A9es%20chiffr%C3%A9es/Annexe%207_Donn%C3%A9es.xlsx
2023;2021;comptes_fonds_reserves;FRR;FRR tab_3;D7;UMTS;2021;0;MEUR;1000000;0;True;serie_documentaire_etape_non_inferree;https://contrib.securite-sociale.fr/files/live/sites/SSFR/files/medias/PLACSS/2023/les%20donn%C3%A9es%20chiffr%C3%A9es/Annexe%207_Donn%C3%A9es.xlsx
2023;2022;comptes_fonds_reserves;FRR;FRR tab_3;E7;UMTS;2022;0;MEUR;1000000;0;True;serie_documentaire_etape_non_inferree;https://contrib.securite-sociale.fr/files/live/sites/SSFR/files/medias/PLACSS/2023/les%20donn%C3%A9es%20chiffr%C3%A9es/Annexe%207_Donn%C3%A9es.xlsx
2023;2023;comptes_fonds_reserves;FRR;FRR tab_3;F7;UMTS;2023;0;MEUR;1000000;0;True;serie_documentaire_etape_non_inferree;https://contrib.securite-sociale.fr/files/live/sites/SSFR/files/medias/PLACSS/2023/les%20donn%C3%A9es%20chiffr%C3%A9es/Annexe%207_Donn%C3%A9es.xlsx
2023;2020;comptes_fonds_reserves;FRR;FRR tab_3;C8;Contribution de 8,2% (PPESV) et consignations   ;2020;0;MEUR;1000000;0;True;serie_documentaire_etape_non_inferree;https://contrib.securite-sociale.fr/files/live/sites/SSFR/files/medias/PLACSS/2023/les%20donn%C3%A9es%20chiffr%C3%A9es/Annexe%207_Donn%C3%A9es.xlsx
2023;2021;comptes_fonds_reserves;FRR;FRR tab_3;D8;Contribution de 8,2% (PPESV) et consignations   ;2021;0;MEUR;1000000;0;True;serie_documentaire_etape_non_inferree;https://contrib.securite-sociale.fr/files/live/sites/SSFR/files/medias/PLACSS/2023/les%20donn%C3%A9es%20chiffr%C3%A9es/Annexe%207_Donn%C3%A9es.xlsx
2023;2022;comptes_fonds_reserves;FRR;FRR tab_3;E8;Contribution de 8,2% (PPESV) et consignations   ;2022;0;MEUR;1000000;0;True;serie_documentaire_etape_non_inferree;https://contrib.securite-sociale.fr/files/live/sites/SSFR/files/medias/PLACSS/2023/les%20donn%C3%A9es%20chiffr%C3%A9es/Annexe%207_Donn%C3%A9es.xlsx
2023;2023;comptes_fonds_reserves;FRR;FRR tab_3;F8;Contribution de 8,2% (PPESV) et consignations   ;2023;0;MEUR;1000000;0;True;serie_documentaire_etape_non_inferree;https://contrib.securite-sociale.fr/files/live/sites/SSFR/files/medias/PLACSS/2023/les%20donn%C3%A9es%20chiffr%C3%A9es/Annexe%207_Donn%C3%A9es.xlsx
2023;2020;comptes_fonds_reserves;FRR;FRR tab_3;C10;Produits financiers;2020;4186;MEUR;1000000;418600000000;False;serie_documentaire_etape_non_inferree;https://contrib.securite-sociale.fr/files/live/sites/SSFR/files/medias/PLACSS/2023/les%20donn%C3%A9es%20chiffr%C3%A9es/Annexe%207_Donn%C3%A9es.xlsx
2023;2021;comptes_fonds_reserves;FRR;FRR tab_3;D10;Produits financiers;2021;2931;MEUR;1000000;293100000000;False;serie_documentaire_etape_non_inferree;https://contrib.securite-sociale.fr/files/live/sites/SSFR/files/medias/PLACSS/2023/les%20donn%C3%A9es%20chiffr%C3%A9es/Annexe%207_Donn%C3%A9es.xlsx
2023;2022;comptes_fonds_reserves;FRR;FRR tab_3;E10;Produits financiers;2022;2172;MEUR;1000000;217200000000;False;serie_documentaire_etape_non_inferree;https://contrib.securite-sociale.fr/files/live/sites/SSFR/files/medias/PLACSS/2023/les%20donn%C3%A9es%20chiffr%C3%A9es/Annexe%207_Donn%C3%A9es.xlsx
2023;2023;comptes_fonds_reserves;FRR;FRR tab_3;F10;Produits financiers;2023;2604;MEUR;1000000;260400000000;False;serie_documentaire_etape_non_inferree;https://contrib.securite-sociale.fr/files/live/sites/SSFR/files/medias/PLACSS/2023/les%20donn%C3%A9es%20chiffr%C3%A9es/Annexe%207_Donn%C3%A9es.xlsx
2023;2020;comptes_fonds_reserves;FRR;FRR tab_3;C11;Produits de trésorerie courante;2020;0;MEUR;1000000;0;True;serie_documentaire_etape_non_inferree;https://contrib.securite-sociale.fr/files/live/sites/SSFR/files/medias/PLACSS/2023/les%20donn%C3%A9es%20chiffr%C3%A9es/Annexe%207_Donn%C3%A9es.xlsx
2023;2021;comptes_fonds_reserves;FRR;FRR tab_3;D11;Produits de trésorerie courante;2021;0;MEUR;1000000;0;True;serie_documentaire_etape_non_inferree;https://contrib.securite-sociale.fr/files/live/sites/SSFR/files/medias/PLACSS/2023/les%20donn%C3%A9es%20chiffr%C3%A9es/Annexe%207_Donn%C3%A9es.xlsx
2023;2022;comptes_fonds_reserves;FRR;FRR tab_3;E11;Produits de trésorerie courante;2022;0;MEUR;1000000;0;True;serie_documentaire_etape_non_inferree;https://contrib.securite-sociale.fr/files/live/sites/SSFR/files/medias/PLACSS/2023/les%20donn%C3%A9es%20chiffr%C3%A9es/Annexe%207_Donn%C3%A9es.xlsx
2023;2023;comptes_fonds_reserves;FRR;FRR tab_3;F11;Produits de trésorerie courante;2023;0;MEUR;1000000;0;True;serie_documentaire_etape_non_inferree;https://contrib.securite-sociale.fr/files/live/sites/SSFR/files/medias/PLACSS/2023/les%20donn%C3%A9es%20chiffr%C3%A9es/Annexe%207_Donn%C3%A9es.xlsx
2023;2020;comptes_fonds_reserves;FRR;FRR tab_3;C12;Produits de gestion financière;2020;4186;MEUR;1000000;418600000000;False;serie_documentaire_etape_non_inferree;https://contrib.securite-sociale.fr/files/live/sites/SSFR/files/medias/PLACSS/2023/les%20donn%C3%A9es%20chiffr%C3%A9es/Annexe%207_Donn%C3%A9es.xlsx
2023;2021;comptes_fonds_reserves;FRR;FRR tab_3;D12;Produits de gestion financière;2021;2931;MEUR;1000000;293100000000;False;serie_documentaire_etape_non_inferree;https://contrib.securite-sociale.fr/files/live/sites/SSFR/files/medias/PLACSS/2023/les%20donn%C3%A9es%20chiffr%C3%A9es/Annexe%207_Donn%C3%A9es.xlsx
2023;2022;comptes_fonds_reserves;FRR;FRR tab_3;E12;Produits de gestion financière;2022;2172;MEUR;1000000;217200000000;False;serie_documentaire_etape_non_inferree;https://contrib.securite-sociale.fr/files/live/sites/SSFR/files/medias/PLACSS/2023/les%20donn%C3%A9es%20chiffr%C3%A9es/Annexe%207_Donn%C3%A9es.xlsx
2023;2023;comptes_fonds_reserves;FRR;FRR tab_3;F12;Produits de gestion financière;2023;2604;MEUR;1000000;260400000000;False;serie_documentaire_etape_non_inferree;https://contrib.securite-sociale.fr/files/live/sites/SSFR/files/medias/PLACSS/2023/les%20donn%C3%A9es%20chiffr%C3%A9es/Annexe%207_Donn%C3%A9es.xlsx
2023;2020;comptes_fonds_reserves;FRR;FRR tab_3;C13;Produits d’exploitation;2020;3;MEUR;1000000;300000000;False;serie_documentaire_etape_non_inferree;https://contrib.securite-sociale.fr/files/live/sites/SSFR/files/medias/PLACSS/2023/les%20donn%C3%A9es%20chiffr%C3%A9es/Annexe%207_Donn%C3%A9es.xlsx
2023;2021;comptes_fonds_reserves;FRR;FRR tab_3;D13;Produits d’exploitation;2021;0;MEUR;1000000;0;True;serie_documentaire_etape_non_inferree;https://contrib.securite-sociale.fr/files/live/sites/SSFR/files/medias/PLACSS/2023/les%20donn%C3%A9es%20chiffr%C3%A9es/Annexe%207_Donn%C3%A9es.xlsx
2023;2022;comptes_fonds_reserves;FRR;FRR tab_3;E13;Produits d’exploitation;2022;33;MEUR;1000000;3300000000;False;serie_documentaire_etape_non_inferree;https://contrib.securite-sociale.fr/files/live/sites/SSFR/files/medias/PLACSS/2023/les%20donn%C3%A9es%20chiffr%C3%A9es/Annexe%207_Donn%C3%A9es.xlsx
2023;2023;comptes_fonds_reserves;FRR;FRR tab_3;F13;Produits d’exploitation;2023;26;MEUR;1000000;2600000000;False;serie_documentaire_etape_non_inferree;https://contrib.securite-sociale.fr/files/live/sites/SSFR/files/medias/PLACSS/2023/les%20donn%C3%A9es%20chiffr%C3%A9es/Annexe%207_Donn%C3%A9es.xlsx
2023;2020;comptes_fonds_reserves;FRR;FRR tab_3;C14;Produits exceptionnels;2020;0;MEUR;1000000;0;True;serie_documentaire_etape_non_inferree;https://contrib.securite-sociale.fr/files/live/sites/SSFR/files/medias/PLACSS/2023/les%20donn%C3%A9es%20chiffr%C3%A9es/Annexe%207_Donn%C3%A9es.xlsx
2023;2021;comptes_fonds_reserves;FRR;FRR tab_3;D14;Produits exceptionnels;2021;0;MEUR;1000000;0;True;serie_documentaire_etape_non_inferree;https://contrib.securite-sociale.fr/files/live/sites/SSFR/files/medias/PLACSS/2023/les%20donn%C3%A9es%20chiffr%C3%A9es/Annexe%207_Donn%C3%A9es.xlsx
2023;2022;comptes_fonds_reserves;FRR;FRR tab_3;E14;Produits exceptionnels;2022;0;MEUR;1000000;0;True;serie_documentaire_etape_non_inferree;https://contrib.securite-sociale.fr/files/live/sites/SSFR/files/medias/PLACSS/2023/les%20donn%C3%A9es%20chiffr%C3%A9es/Annexe%207_Donn%C3%A9es.xlsx
2023;2023;comptes_fonds_reserves;FRR;FRR tab_3;F14;Produits exceptionnels;2023;0;MEUR;1000000;0;True;serie_documentaire_etape_non_inferree;https://contrib.securite-sociale.fr/files/live/sites/SSFR/files/medias/PLACSS/2023/les%20donn%C3%A9es%20chiffr%C3%A9es/Annexe%207_Donn%C3%A9es.xlsx
2023;2020;comptes_fonds_reserves;FRR;FRR tab_3;C15;CHARGES NETTES;2020;3467;MEUR;1000000;346700000000;False;serie_documentaire_etape_non_inferree;https://contrib.securite-sociale.fr/files/live/sites/SSFR/files/medias/PLACSS/2023/les%20donn%C3%A9es%20chiffr%C3%A9es/Annexe%207_Donn%C3%A9es.xlsx
2023;2021;comptes_fonds_reserves;FRR;FRR tab_3;D15;CHARGES NETTES;2021;1367;MEUR;1000000;136700000000;False;serie_documentaire_etape_non_inferree;https://contrib.securite-sociale.fr/files/live/sites/SSFR/files/medias/PLACSS/2023/les%20donn%C3%A9es%20chiffr%C3%A9es/Annexe%207_Donn%C3%A9es.xlsx
2023;2022;comptes_fonds_reserves;FRR;FRR tab_3;E15;CHARGES NETTES;2022;2767;MEUR;1000000;276700000000;False;serie_documentaire_etape_non_inferree;https://contrib.securite-sociale.fr/files/live/sites/SSFR/files/medias/PLACSS/2023/les%20donn%C3%A9es%20chiffr%C3%A9es/Annexe%207_Donn%C3%A9es.xlsx
2023;2023;comptes_fonds_reserves;FRR;FRR tab_3;F15;CHARGES NETTES;2023;1623;MEUR;1000000;162300000000;False;serie_documentaire_etape_non_inferree;https://contrib.securite-sociale.fr/files/live/sites/SSFR/files/medias/PLACSS/2023/les%20donn%C3%A9es%20chiffr%C3%A9es/Annexe%207_Donn%C3%A9es.xlsx
2023;2020;comptes_fonds_reserves;FRR;FRR tab_3;C16;Charges de fonctionnement;2020;3467;MEUR;1000000;346700000000;False;serie_documentaire_etape_non_inferree;https://contrib.securite-sociale.fr/files/live/sites/SSFR/files/medias/PLACSS/2023/les%20donn%C3%A9es%20chiffr%C3%A9es/Annexe%207_Donn%C3%A9es.xlsx
2023;2021;comptes_fonds_reserves;FRR;FRR tab_3;D16;Charges de fonctionnement;2021;1367;MEUR;1000000;136700000000;False;serie_documentaire_etape_non_inferree;https://contrib.securite-sociale.fr/files/live/sites/SSFR/files/medias/PLACSS/2023/les%20donn%C3%A9es%20chiffr%C3%A9es/Annexe%207_Donn%C3%A9es.xlsx
2023;2022;comptes_fonds_reserves;FRR;FRR tab_3;E16;Charges de fonctionnement;2022;2767;MEUR;1000000;276700000000;False;serie_documentaire_etape_non_inferree;https://contrib.securite-sociale.fr/files/live/sites/SSFR/files/medias/PLACSS/2023/les%20donn%C3%A9es%20chiffr%C3%A9es/Annexe%207_Donn%C3%A9es.xlsx
2023;2023;comptes_fonds_reserves;FRR;FRR tab_3;F16;Charges de fonctionnement;2023;1623;MEUR;1000000;162300000000;False;serie_documentaire_etape_non_inferree;https://contrib.securite-sociale.fr/files/live/sites/SSFR/files/medias/PLACSS/2023/les%20donn%C3%A9es%20chiffr%C3%A9es/Annexe%207_Donn%C3%A9es.xlsx
2023;2020;comptes_fonds_reserves;FRR;FRR tab_3;C17;Frais de gestion administrative;2020;95;MEUR;1000000;9500000000;False;serie_documentaire_etape_non_inferree;https://contrib.securite-sociale.fr/files/live/sites/SSFR/files/medias/PLACSS/2023/les%20donn%C3%A9es%20chiffr%C3%A9es/Annexe%207_Donn%C3%A9es.xlsx
2023;2021;comptes_fonds_reserves;FRR;FRR tab_3;D17;Frais de gestion administrative;2021;85;MEUR;1000000;8500000000;False;serie_documentaire_etape_non_inferree;https://contrib.securite-sociale.fr/files/live/sites/SSFR/files/medias/PLACSS/2023/les%20donn%C3%A9es%20chiffr%C3%A9es/Annexe%207_Donn%C3%A9es.xlsx
2023;2022;comptes_fonds_reserves;FRR;FRR tab_3;E17;Frais de gestion administrative;2022;87;MEUR;1000000;8700000000;False;serie_documentaire_etape_non_inferree;https://contrib.securite-sociale.fr/files/live/sites/SSFR/files/medias/PLACSS/2023/les%20donn%C3%A9es%20chiffr%C3%A9es/Annexe%207_Donn%C3%A9es.xlsx
2023;2023;comptes_fonds_reserves;FRR;FRR tab_3;F17;Frais de gestion administrative;2023;92;MEUR;1000000;9200000000;False;serie_documentaire_etape_non_inferree;https://contrib.securite-sociale.fr/files/live/sites/SSFR/files/medias/PLACSS/2023/les%20donn%C3%A9es%20chiffr%C3%A9es/Annexe%207_Donn%C3%A9es.xlsx
2023;2020;comptes_fonds_reserves;FRR;FRR tab_3;C18;Charges de gestion financière;2020;3372;MEUR;1000000;337200000000;False;serie_documentaire_etape_non_inferree;https://contrib.securite-sociale.fr/files/live/sites/SSFR/files/medias/PLACSS/2023/les%20donn%C3%A9es%20chiffr%C3%A9es/Annexe%207_Donn%C3%A9es.xlsx
2023;2021;comptes_fonds_reserves;FRR;FRR tab_3;D18;Charges de gestion financière;2021;1282;MEUR;1000000;128200000000;False;serie_documentaire_etape_non_inferree;https://contrib.securite-sociale.fr/files/live/sites/SSFR/files/medias/PLACSS/2023/les%20donn%C3%A9es%20chiffr%C3%A9es/Annexe%207_Donn%C3%A9es.xlsx
2023;2022;comptes_fonds_reserves;FRR;FRR tab_3;E18;Charges de gestion financière;2022;2680;MEUR;1000000;268000000000;False;serie_documentaire_etape_non_inferree;https://contrib.securite-sociale.fr/files/live/sites/SSFR/files/medias/PLACSS/2023/les%20donn%C3%A9es%20chiffr%C3%A9es/Annexe%207_Donn%C3%A9es.xlsx
2023;2023;comptes_fonds_reserves;FRR;FRR tab_3;F18;Charges de gestion financière;2023;1531;MEUR;1000000;153100000000;False;serie_documentaire_etape_non_inferree;https://contrib.securite-sociale.fr/files/live/sites/SSFR/files/medias/PLACSS/2023/les%20donn%C3%A9es%20chiffr%C3%A9es/Annexe%207_Donn%C3%A9es.xlsx
2023;2020;comptes_fonds_reserves;FRR;FRR tab_3;C19;Charges exceptionnelles;2020;0;MEUR;1000000;0;True;serie_documentaire_etape_non_inferree;https://contrib.securite-sociale.fr/files/live/sites/SSFR/files/medias/PLACSS/2023/les%20donn%C3%A9es%20chiffr%C3%A9es/Annexe%207_Donn%C3%A9es.xlsx
2023;2021;comptes_fonds_reserves;FRR;FRR tab_3;D19;Charges exceptionnelles;2021;0;MEUR;1000000;0;True;serie_documentaire_etape_non_inferree;https://contrib.securite-sociale.fr/files/live/sites/SSFR/files/medias/PLACSS/2023/les%20donn%C3%A9es%20chiffr%C3%A9es/Annexe%207_Donn%C3%A9es.xlsx
2023;2022;comptes_fonds_reserves;FRR;FRR tab_3;E19;Charges exceptionnelles;2022;0;MEUR;1000000;0;True;serie_documentaire_etape_non_inferree;https://contrib.securite-sociale.fr/files/live/sites/SSFR/files/medias/PLACSS/2023/les%20donn%C3%A9es%20chiffr%C3%A9es/Annexe%207_Donn%C3%A9es.xlsx
2023;2023;comptes_fonds_reserves;FRR;FRR tab_3;F19;Charges exceptionnelles;2023;0;MEUR;1000000;0;True;serie_documentaire_etape_non_inferree;https://contrib.securite-sociale.fr/files/live/sites/SSFR/files/medias/PLACSS/2023/les%20donn%C3%A9es%20chiffr%C3%A9es/Annexe%207_Donn%C3%A9es.xlsx
2023;2020;comptes_fonds_reserves;FRR;FRR tab_3;C21;RESULTAT FINANCIER ;2020;814;MEUR;1000000;81400000000;False;serie_documentaire_etape_non_inferree;https://contrib.securite-sociale.fr/files/live/sites/SSFR/files/medias/PLACSS/2023/les%20donn%C3%A9es%20chiffr%C3%A9es/Annexe%207_Donn%C3%A9es.xlsx
2023;2021;comptes_fonds_reserves;FRR;FRR tab_3;D21;RESULTAT FINANCIER ;2021;1649;MEUR;1000000;164900000000;False;serie_documentaire_etape_non_inferree;https://contrib.securite-sociale.fr/files/live/sites/SSFR/files/medias/PLACSS/2023/les%20donn%C3%A9es%20chiffr%C3%A9es/Annexe%207_Donn%C3%A9es.xlsx
2023;2022;comptes_fonds_reserves;FRR;FRR tab_3;E21;RESULTAT FINANCIER ;2022;-508;MEUR;1000000;-50800000000;False;serie_documentaire_etape_non_inferree;https://contrib.securite-sociale.fr/files/live/sites/SSFR/files/medias/PLACSS/2023/les%20donn%C3%A9es%20chiffr%C3%A9es/Annexe%207_Donn%C3%A9es.xlsx
2023;2023;comptes_fonds_reserves;FRR;FRR tab_3;F21;RESULTAT FINANCIER ;2023;1073;MEUR;1000000;107300000000;False;serie_documentaire_etape_non_inferree;https://contrib.securite-sociale.fr/files/live/sites/SSFR/files/medias/PLACSS/2023/les%20donn%C3%A9es%20chiffr%C3%A9es/Annexe%207_Donn%C3%A9es.xlsx
2023;2020;comptes_fonds_reserves;FRR;FRR tab_3;C23;RESULTAT DE L’EXERCICE ;2020;722;MEUR;1000000;72200000000;False;serie_documentaire_etape_non_inferree;https://contrib.securite-sociale.fr/files/live/sites/SSFR/files/medias/PLACSS/2023/les%20donn%C3%A9es%20chiffr%C3%A9es/Annexe%207_Donn%C3%A9es.xlsx
2023;2021;comptes_fonds_reserves;FRR;FRR tab_3;D23;RESULTAT DE L’EXERCICE ;2021;1564;MEUR;1000000;156400000000;False;serie_documentaire_etape_non_inferree;https://contrib.securite-sociale.fr/files/live/sites/SSFR/files/medias/PLACSS/2023/les%20donn%C3%A9es%20chiffr%C3%A9es/Annexe%207_Donn%C3%A9es.xlsx
2023;2022;comptes_fonds_reserves;FRR;FRR tab_3;E23;RESULTAT DE L’EXERCICE ;2022;-562;MEUR;1000000;-56200000000;False;serie_documentaire_etape_non_inferree;https://contrib.securite-sociale.fr/files/live/sites/SSFR/files/medias/PLACSS/2023/les%20donn%C3%A9es%20chiffr%C3%A9es/Annexe%207_Donn%C3%A9es.xlsx
2023;2023;comptes_fonds_reserves;FRR;FRR tab_3;F23;RESULTAT DE L’EXERCICE ;2023;1007;MEUR;1000000;100700000000;False;serie_documentaire_etape_non_inferree;https://contrib.securite-sociale.fr/files/live/sites/SSFR/files/medias/PLACSS/2023/les%20donn%C3%A9es%20chiffr%C3%A9es/Annexe%207_Donn%C3%A9es.xlsx
2023;2017;dette_sociale;CADES;CADES tab_3;C25;2017;Dette reprise cumulée;260496.10457733815;MEUR;1000000;26049610457734;False;serie_documentaire_etape_non_inferree;https://contrib.securite-sociale.fr/files/live/sites/SSFR/files/medias/PLACSS/2023/les%20donn%C3%A9es%20chiffr%C3%A9es/Annexe%207_Donn%C3%A9es.xlsx
2023;2017;dette_sociale;CADES;CADES tab_3;D25;2017;Amortissement annuel;15044;MEUR;1000000;1504400000000;False;serie_documentaire_etape_non_inferree;https://contrib.securite-sociale.fr/files/live/sites/SSFR/files/medias/PLACSS/2023/les%20donn%C3%A9es%20chiffr%C3%A9es/Annexe%207_Donn%C3%A9es.xlsx
2023;2017;dette_sociale;CADES;CADES tab_3;E25;2017;Amortissement cumulé;139706.06357733815;MEUR;1000000;13970606357734;False;serie_documentaire_etape_non_inferree;https://contrib.securite-sociale.fr/files/live/sites/SSFR/files/medias/PLACSS/2023/les%20donn%C3%A9es%20chiffr%C3%A9es/Annexe%207_Donn%C3%A9es.xlsx
2023;2017;dette_sociale;CADES;CADES tab_3;F25;2017;Situation nette de l'année;-120790.041;MEUR;1000000;-12079004100000;False;serie_documentaire_etape_non_inferree;https://contrib.securite-sociale.fr/files/live/sites/SSFR/files/medias/PLACSS/2023/les%20donn%C3%A9es%20chiffr%C3%A9es/Annexe%207_Donn%C3%A9es.xlsx
2023;2018;dette_sociale;CADES;CADES tab_3;C26;2018;Dette reprise cumulée;260496.10457733815;MEUR;1000000;26049610457734;False;serie_documentaire_etape_non_inferree;https://contrib.securite-sociale.fr/files/live/sites/SSFR/files/medias/PLACSS/2023/les%20donn%C3%A9es%20chiffr%C3%A9es/Annexe%207_Donn%C3%A9es.xlsx
2023;2018;dette_sociale;CADES;CADES tab_3;D26;2018;Amortissement annuel;15444;MEUR;1000000;1544400000000;False;serie_documentaire_etape_non_inferree;https://contrib.securite-sociale.fr/files/live/sites/SSFR/files/medias/PLACSS/2023/les%20donn%C3%A9es%20chiffr%C3%A9es/Annexe%207_Donn%C3%A9es.xlsx
2023;2018;dette_sociale;CADES;CADES tab_3;E26;2018;Amortissement cumulé;155150.06357733815;MEUR;1000000;15515006357734;False;serie_documentaire_etape_non_inferree;https://contrib.securite-sociale.fr/files/live/sites/SSFR/files/medias/PLACSS/2023/les%20donn%C3%A9es%20chiffr%C3%A9es/Annexe%207_Donn%C3%A9es.xlsx
2023;2018;dette_sociale;CADES;CADES tab_3;F26;2018;Situation nette de l'année;-105346.041;MEUR;1000000;-10534604100000;False;serie_documentaire_etape_non_inferree;https://contrib.securite-sociale.fr/files/live/sites/SSFR/files/medias/PLACSS/2023/les%20donn%C3%A9es%20chiffr%C3%A9es/Annexe%207_Donn%C3%A9es.xlsx
2023;2019;dette_sociale;CADES;CADES tab_3;C27;2019;Dette reprise cumulée;260496.10457733815;MEUR;1000000;26049610457734;False;serie_documentaire_etape_non_inferree;https://contrib.securite-sociale.fr/files/live/sites/SSFR/files/medias/PLACSS/2023/les%20donn%C3%A9es%20chiffr%C3%A9es/Annexe%207_Donn%C3%A9es.xlsx
2023;2019;dette_sociale;CADES;CADES tab_3;D27;2019;Amortissement annuel;16253;MEUR;1000000;1625300000000;False;serie_documentaire_etape_non_inferree;https://contrib.securite-sociale.fr/files/live/sites/SSFR/files/medias/PLACSS/2023/les%20donn%C3%A9es%20chiffr%C3%A9es/Annexe%207_Donn%C3%A9es.xlsx
2023;2019;dette_sociale;CADES;CADES tab_3;E27;2019;Amortissement cumulé;171403.06357733815;MEUR;1000000;17140306357734;False;serie_documentaire_etape_non_inferree;https://contrib.securite-sociale.fr/files/live/sites/SSFR/files/medias/PLACSS/2023/les%20donn%C3%A9es%20chiffr%C3%A9es/Annexe%207_Donn%C3%A9es.xlsx
2023;2019;dette_sociale;CADES;CADES tab_3;F27;2019;Situation nette de l'année;-89093.040999999997;MEUR;1000000;-8909304100000;False;serie_documentaire_etape_non_inferree;https://contrib.securite-sociale.fr/files/live/sites/SSFR/files/medias/PLACSS/2023/les%20donn%C3%A9es%20chiffr%C3%A9es/Annexe%207_Donn%C3%A9es.xlsx
2023;2020;dette_sociale;CADES;CADES tab_3;C28;2020;Dette reprise cumulée;280496.10457733815;MEUR;1000000;28049610457734;False;serie_documentaire_etape_non_inferree;https://contrib.securite-sociale.fr/files/live/sites/SSFR/files/medias/PLACSS/2023/les%20donn%C3%A9es%20chiffr%C3%A9es/Annexe%207_Donn%C3%A9es.xlsx
2023;2020;dette_sociale;CADES;CADES tab_3;D28;2020;Amortissement annuel;16089;MEUR;1000000;1608900000000;False;serie_documentaire_etape_non_inferree;https://contrib.securite-sociale.fr/files/live/sites/SSFR/files/medias/PLACSS/2023/les%20donn%C3%A9es%20chiffr%C3%A9es/Annexe%207_Donn%C3%A9es.xlsx
2023;2020;dette_sociale;CADES;CADES tab_3;E28;2020;Amortissement cumulé;187492.06357733815;MEUR;1000000;18749206357734;False;serie_documentaire_etape_non_inferree;https://contrib.securite-sociale.fr/files/live/sites/SSFR/files/medias/PLACSS/2023/les%20donn%C3%A9es%20chiffr%C3%A9es/Annexe%207_Donn%C3%A9es.xlsx
2023;2020;dette_sociale;CADES;CADES tab_3;F28;2020;Situation nette de l'année;-93004.040999999997;MEUR;1000000;-9300404100000;False;serie_documentaire_etape_non_inferree;https://contrib.securite-sociale.fr/files/live/sites/SSFR/files/medias/PLACSS/2023/les%20donn%C3%A9es%20chiffr%C3%A9es/Annexe%207_Donn%C3%A9es.xlsx
2023;2021;dette_sociale;CADES;CADES tab_3;C29;2021 ;Dette reprise cumulée;320496.10457733815;MEUR;1000000;32049610457734;False;serie_documentaire_etape_non_inferree;https://contrib.securite-sociale.fr/files/live/sites/SSFR/files/medias/PLACSS/2023/les%20donn%C3%A9es%20chiffr%C3%A9es/Annexe%207_Donn%C3%A9es.xlsx
2023;2021;dette_sociale;CADES;CADES tab_3;D29;2021 ;Amortissement annuel;17813.199999999983;MEUR;1000000;1781320000000;False;serie_documentaire_etape_non_inferree;https://contrib.securite-sociale.fr/files/live/sites/SSFR/files/medias/PLACSS/2023/les%20donn%C3%A9es%20chiffr%C3%A9es/Annexe%207_Donn%C3%A9es.xlsx
2023;2021;dette_sociale;CADES;CADES tab_3;E29;2021 ;Amortissement cumulé;205305.26357733813;MEUR;1000000;20530526357734;False;serie_documentaire_etape_non_inferree;https://contrib.securite-sociale.fr/files/live/sites/SSFR/files/medias/PLACSS/2023/les%20donn%C3%A9es%20chiffr%C3%A9es/Annexe%207_Donn%C3%A9es.xlsx
2023;2021;dette_sociale;CADES;CADES tab_3;F29;2021 ;Situation nette de l'année;-115190.841;MEUR;1000000;-11519084100000;False;serie_documentaire_etape_non_inferree;https://contrib.securite-sociale.fr/files/live/sites/SSFR/files/medias/PLACSS/2023/les%20donn%C3%A9es%20chiffr%C3%A9es/Annexe%207_Donn%C3%A9es.xlsx
2023;2022;dette_sociale;CADES;CADES tab_3;C30;2022;Dette reprise cumulée;360496.10457733815;MEUR;1000000;36049610457734;False;serie_documentaire_etape_non_inferree;https://contrib.securite-sociale.fr/files/live/sites/SSFR/files/medias/PLACSS/2023/les%20donn%C3%A9es%20chiffr%C3%A9es/Annexe%207_Donn%C3%A9es.xlsx
2023;2022;dette_sociale;CADES;CADES tab_3;D30;2022;Amortissement annuel;18960.900000000023;MEUR;1000000;1896090000000;False;serie_documentaire_etape_non_inferree;https://contrib.securite-sociale.fr/files/live/sites/SSFR/files/medias/PLACSS/2023/les%20donn%C3%A9es%20chiffr%C3%A9es/Annexe%207_Donn%C3%A9es.xlsx
2023;2022;dette_sociale;CADES;CADES tab_3;E30;2022;Amortissement cumulé;224266.16357733816;MEUR;1000000;22426616357734;False;serie_documentaire_etape_non_inferree;https://contrib.securite-sociale.fr/files/live/sites/SSFR/files/medias/PLACSS/2023/les%20donn%C3%A9es%20chiffr%C3%A9es/Annexe%207_Donn%C3%A9es.xlsx
2023;2022;dette_sociale;CADES;CADES tab_3;F30;2022;Situation nette de l'année;-136229.94099999999;MEUR;1000000;-13622994100000;False;serie_documentaire_etape_non_inferree;https://contrib.securite-sociale.fr/files/live/sites/SSFR/files/medias/PLACSS/2023/les%20donn%C3%A9es%20chiffr%C3%A9es/Annexe%207_Donn%C3%A9es.xlsx
2023;2023;dette_sociale;CADES;CADES tab_3;C31;2023;Dette reprise cumulée;387728.10457733815;MEUR;1000000;38772810457734;False;serie_documentaire_etape_non_inferree;https://contrib.securite-sociale.fr/files/live/sites/SSFR/files/medias/PLACSS/2023/les%20donn%C3%A9es%20chiffr%C3%A9es/Annexe%207_Donn%C3%A9es.xlsx
2023;2023;dette_sociale;CADES;CADES tab_3;D31;2023;Amortissement annuel;18305;MEUR;1000000;1830500000000;False;serie_documentaire_etape_non_inferree;https://contrib.securite-sociale.fr/files/live/sites/SSFR/files/medias/PLACSS/2023/les%20donn%C3%A9es%20chiffr%C3%A9es/Annexe%207_Donn%C3%A9es.xlsx
2023;2023;dette_sociale;CADES;CADES tab_3;E31;2023;Amortissement cumulé;242571.16357733816;MEUR;1000000;24257116357734;False;serie_documentaire_etape_non_inferree;https://contrib.securite-sociale.fr/files/live/sites/SSFR/files/medias/PLACSS/2023/les%20donn%C3%A9es%20chiffr%C3%A9es/Annexe%207_Donn%C3%A9es.xlsx
2023;2023;dette_sociale;CADES;CADES tab_3;F31;2023;Situation nette de l'année;-145156.94099999999;MEUR;1000000;-14515694100000;False;serie_documentaire_etape_non_inferree;https://contrib.securite-sociale.fr/files/live/sites/SSFR/files/medias/PLACSS/2023/les%20donn%C3%A9es%20chiffr%C3%A9es/Annexe%207_Donn%C3%A9es.xlsx
2024;2019;comptes_fonds_reserves;FRR;FRR tab 1;D7;PRODUITS NETS;2019;3231;MEUR;1000000;323100000000;False;serie_documentaire_etape_non_inferree;https://contrib.securite-sociale.fr/files/live/sites/SSFR/files/medias/PLFSS/2024/Annexe%202_Donn%C3%A9es.xlsx
2024;2020;comptes_fonds_reserves;FRR;FRR tab 1;E7;PRODUITS NETS;2020;4189;MEUR;1000000;418900000000;False;serie_documentaire_etape_non_inferree;https://contrib.securite-sociale.fr/files/live/sites/SSFR/files/medias/PLFSS/2024/Annexe%202_Donn%C3%A9es.xlsx
2024;2021;comptes_fonds_reserves;FRR;FRR tab 1;F7;PRODUITS NETS;2021;2931;MEUR;1000000;293100000000;False;serie_documentaire_etape_non_inferree;https://contrib.securite-sociale.fr/files/live/sites/SSFR/files/medias/PLFSS/2024/Annexe%202_Donn%C3%A9es.xlsx
2024;2022;comptes_fonds_reserves;FRR;FRR tab 1;G7;PRODUITS NETS;2022;2205;MEUR;1000000;220500000000;False;serie_documentaire_etape_non_inferree;https://contrib.securite-sociale.fr/files/live/sites/SSFR/files/medias/PLFSS/2024/Annexe%202_Donn%C3%A9es.xlsx
2024;2023;comptes_fonds_reserves;FRR;FRR tab 1;H7;PRODUITS NETS;2023 (p);2607;MEUR;1000000;260700000000;False;prevision_explicitement_etiquetee;https://contrib.securite-sociale.fr/files/live/sites/SSFR/files/medias/PLFSS/2024/Annexe%202_Donn%C3%A9es.xlsx
2024;2019;comptes_fonds_reserves;FRR;FRR tab 1;D8;Abondements;2019;0;MEUR;1000000;0;True;serie_documentaire_etape_non_inferree;https://contrib.securite-sociale.fr/files/live/sites/SSFR/files/medias/PLFSS/2024/Annexe%202_Donn%C3%A9es.xlsx
2024;2020;comptes_fonds_reserves;FRR;FRR tab 1;E8;Abondements;2020;0;MEUR;1000000;0;True;serie_documentaire_etape_non_inferree;https://contrib.securite-sociale.fr/files/live/sites/SSFR/files/medias/PLFSS/2024/Annexe%202_Donn%C3%A9es.xlsx
2024;2021;comptes_fonds_reserves;FRR;FRR tab 1;F8;Abondements;2021;0;MEUR;1000000;0;True;serie_documentaire_etape_non_inferree;https://contrib.securite-sociale.fr/files/live/sites/SSFR/files/medias/PLFSS/2024/Annexe%202_Donn%C3%A9es.xlsx
2024;2022;comptes_fonds_reserves;FRR;FRR tab 1;G8;Abondements;2022;0;MEUR;1000000;0;True;serie_documentaire_etape_non_inferree;https://contrib.securite-sociale.fr/files/live/sites/SSFR/files/medias/PLFSS/2024/Annexe%202_Donn%C3%A9es.xlsx
2024;2023;comptes_fonds_reserves;FRR;FRR tab 1;H8;Abondements;2023 (p);0;MEUR;1000000;0;True;prevision_explicitement_etiquetee;https://contrib.securite-sociale.fr/files/live/sites/SSFR/files/medias/PLFSS/2024/Annexe%202_Donn%C3%A9es.xlsx
2024;2019;comptes_fonds_reserves;FRR;FRR tab 1;D9;Prélèvement de 2% sur les revenus du capital;2019;0;MEUR;1000000;0;True;serie_documentaire_etape_non_inferree;https://contrib.securite-sociale.fr/files/live/sites/SSFR/files/medias/PLFSS/2024/Annexe%202_Donn%C3%A9es.xlsx
2024;2020;comptes_fonds_reserves;FRR;FRR tab 1;E9;Prélèvement de 2% sur les revenus du capital;2020;0;MEUR;1000000;0;True;serie_documentaire_etape_non_inferree;https://contrib.securite-sociale.fr/files/live/sites/SSFR/files/medias/PLFSS/2024/Annexe%202_Donn%C3%A9es.xlsx
2024;2021;comptes_fonds_reserves;FRR;FRR tab 1;F9;Prélèvement de 2% sur les revenus du capital;2021;0;MEUR;1000000;0;True;serie_documentaire_etape_non_inferree;https://contrib.securite-sociale.fr/files/live/sites/SSFR/files/medias/PLFSS/2024/Annexe%202_Donn%C3%A9es.xlsx
2024;2022;comptes_fonds_reserves;FRR;FRR tab 1;G9;Prélèvement de 2% sur les revenus du capital;2022;0;MEUR;1000000;0;True;serie_documentaire_etape_non_inferree;https://contrib.securite-sociale.fr/files/live/sites/SSFR/files/medias/PLFSS/2024/Annexe%202_Donn%C3%A9es.xlsx
2024;2023;comptes_fonds_reserves;FRR;FRR tab 1;H9;Prélèvement de 2% sur les revenus du capital;2023 (p);0;MEUR;1000000;0;True;prevision_explicitement_etiquetee;https://contrib.securite-sociale.fr/files/live/sites/SSFR/files/medias/PLFSS/2024/Annexe%202_Donn%C3%A9es.xlsx
2024;2019;comptes_fonds_reserves;FRR;FRR tab 1;D10;UMTS;2019;0;MEUR;1000000;0;True;serie_documentaire_etape_non_inferree;https://contrib.securite-sociale.fr/files/live/sites/SSFR/files/medias/PLFSS/2024/Annexe%202_Donn%C3%A9es.xlsx
2024;2020;comptes_fonds_reserves;FRR;FRR tab 1;E10;UMTS;2020;0;MEUR;1000000;0;True;serie_documentaire_etape_non_inferree;https://contrib.securite-sociale.fr/files/live/sites/SSFR/files/medias/PLFSS/2024/Annexe%202_Donn%C3%A9es.xlsx
2024;2021;comptes_fonds_reserves;FRR;FRR tab 1;F10;UMTS;2021;0;MEUR;1000000;0;True;serie_documentaire_etape_non_inferree;https://contrib.securite-sociale.fr/files/live/sites/SSFR/files/medias/PLFSS/2024/Annexe%202_Donn%C3%A9es.xlsx
2024;2022;comptes_fonds_reserves;FRR;FRR tab 1;G10;UMTS;2022;0;MEUR;1000000;0;True;serie_documentaire_etape_non_inferree;https://contrib.securite-sociale.fr/files/live/sites/SSFR/files/medias/PLFSS/2024/Annexe%202_Donn%C3%A9es.xlsx
2024;2023;comptes_fonds_reserves;FRR;FRR tab 1;H10;UMTS;2023 (p);0;MEUR;1000000;0;True;prevision_explicitement_etiquetee;https://contrib.securite-sociale.fr/files/live/sites/SSFR/files/medias/PLFSS/2024/Annexe%202_Donn%C3%A9es.xlsx
2024;2019;comptes_fonds_reserves;FRR;FRR tab 1;D11;Contribution de 8,2% (PPESV) et consignations   ;2019;0;MEUR;1000000;0;True;serie_documentaire_etape_non_inferree;https://contrib.securite-sociale.fr/files/live/sites/SSFR/files/medias/PLFSS/2024/Annexe%202_Donn%C3%A9es.xlsx
2024;2020;comptes_fonds_reserves;FRR;FRR tab 1;E11;Contribution de 8,2% (PPESV) et consignations   ;2020;0;MEUR;1000000;0;True;serie_documentaire_etape_non_inferree;https://contrib.securite-sociale.fr/files/live/sites/SSFR/files/medias/PLFSS/2024/Annexe%202_Donn%C3%A9es.xlsx
2024;2021;comptes_fonds_reserves;FRR;FRR tab 1;F11;Contribution de 8,2% (PPESV) et consignations   ;2021;0;MEUR;1000000;0;True;serie_documentaire_etape_non_inferree;https://contrib.securite-sociale.fr/files/live/sites/SSFR/files/medias/PLFSS/2024/Annexe%202_Donn%C3%A9es.xlsx
2024;2022;comptes_fonds_reserves;FRR;FRR tab 1;G11;Contribution de 8,2% (PPESV) et consignations   ;2022;0;MEUR;1000000;0;True;serie_documentaire_etape_non_inferree;https://contrib.securite-sociale.fr/files/live/sites/SSFR/files/medias/PLFSS/2024/Annexe%202_Donn%C3%A9es.xlsx
2024;2023;comptes_fonds_reserves;FRR;FRR tab 1;H11;Contribution de 8,2% (PPESV) et consignations   ;2023 (p);0;MEUR;1000000;0;True;prevision_explicitement_etiquetee;https://contrib.securite-sociale.fr/files/live/sites/SSFR/files/medias/PLFSS/2024/Annexe%202_Donn%C3%A9es.xlsx
2024;2019;comptes_fonds_reserves;FRR;FRR tab 1;D13;Produits financiers;2019;3219;MEUR;1000000;321900000000;False;serie_documentaire_etape_non_inferree;https://contrib.securite-sociale.fr/files/live/sites/SSFR/files/medias/PLFSS/2024/Annexe%202_Donn%C3%A9es.xlsx
2024;2020;comptes_fonds_reserves;FRR;FRR tab 1;E13;Produits financiers;2020;4186;MEUR;1000000;418600000000;False;serie_documentaire_etape_non_inferree;https://contrib.securite-sociale.fr/files/live/sites/SSFR/files/medias/PLFSS/2024/Annexe%202_Donn%C3%A9es.xlsx
2024;2021;comptes_fonds_reserves;FRR;FRR tab 1;F13;Produits financiers;2021;2931;MEUR;1000000;293100000000;False;serie_documentaire_etape_non_inferree;https://contrib.securite-sociale.fr/files/live/sites/SSFR/files/medias/PLFSS/2024/Annexe%202_Donn%C3%A9es.xlsx
2024;2022;comptes_fonds_reserves;FRR;FRR tab 1;G13;Produits financiers;2022;2172;MEUR;1000000;217200000000;False;serie_documentaire_etape_non_inferree;https://contrib.securite-sociale.fr/files/live/sites/SSFR/files/medias/PLFSS/2024/Annexe%202_Donn%C3%A9es.xlsx
2024;2023;comptes_fonds_reserves;FRR;FRR tab 1;H13;Produits financiers;2023 (p);2607;MEUR;1000000;260700000000;False;prevision_explicitement_etiquetee;https://contrib.securite-sociale.fr/files/live/sites/SSFR/files/medias/PLFSS/2024/Annexe%202_Donn%C3%A9es.xlsx
2024;2019;comptes_fonds_reserves;FRR;FRR tab 1;D14;Produits de trésorerie courante;2019;0;MEUR;1000000;0;True;serie_documentaire_etape_non_inferree;https://contrib.securite-sociale.fr/files/live/sites/SSFR/files/medias/PLFSS/2024/Annexe%202_Donn%C3%A9es.xlsx
2024;2020;comptes_fonds_reserves;FRR;FRR tab 1;E14;Produits de trésorerie courante;2020;0;MEUR;1000000;0;True;serie_documentaire_etape_non_inferree;https://contrib.securite-sociale.fr/files/live/sites/SSFR/files/medias/PLFSS/2024/Annexe%202_Donn%C3%A9es.xlsx
2024;2021;comptes_fonds_reserves;FRR;FRR tab 1;F14;Produits de trésorerie courante;2021;0;MEUR;1000000;0;True;serie_documentaire_etape_non_inferree;https://contrib.securite-sociale.fr/files/live/sites/SSFR/files/medias/PLFSS/2024/Annexe%202_Donn%C3%A9es.xlsx
2024;2022;comptes_fonds_reserves;FRR;FRR tab 1;G14;Produits de trésorerie courante;2022;0;MEUR;1000000;0;True;serie_documentaire_etape_non_inferree;https://contrib.securite-sociale.fr/files/live/sites/SSFR/files/medias/PLFSS/2024/Annexe%202_Donn%C3%A9es.xlsx
2024;2023;comptes_fonds_reserves;FRR;FRR tab 1;H14;Produits de trésorerie courante;2023 (p);0;MEUR;1000000;0;True;prevision_explicitement_etiquetee;https://contrib.securite-sociale.fr/files/live/sites/SSFR/files/medias/PLFSS/2024/Annexe%202_Donn%C3%A9es.xlsx
2024;2019;comptes_fonds_reserves;FRR;FRR tab 1;D15;Produits de gestion financière;2019;3219;MEUR;1000000;321900000000;False;serie_documentaire_etape_non_inferree;https://contrib.securite-sociale.fr/files/live/sites/SSFR/files/medias/PLFSS/2024/Annexe%202_Donn%C3%A9es.xlsx
2024;2020;comptes_fonds_reserves;FRR;FRR tab 1;E15;Produits de gestion financière;2020;4186;MEUR;1000000;418600000000;False;serie_documentaire_etape_non_inferree;https://contrib.securite-sociale.fr/files/live/sites/SSFR/files/medias/PLFSS/2024/Annexe%202_Donn%C3%A9es.xlsx
2024;2021;comptes_fonds_reserves;FRR;FRR tab 1;F15;Produits de gestion financière;2021;2931;MEUR;1000000;293100000000;False;serie_documentaire_etape_non_inferree;https://contrib.securite-sociale.fr/files/live/sites/SSFR/files/medias/PLFSS/2024/Annexe%202_Donn%C3%A9es.xlsx
2024;2022;comptes_fonds_reserves;FRR;FRR tab 1;G15;Produits de gestion financière;2022;2172;MEUR;1000000;217200000000;False;serie_documentaire_etape_non_inferree;https://contrib.securite-sociale.fr/files/live/sites/SSFR/files/medias/PLFSS/2024/Annexe%202_Donn%C3%A9es.xlsx
2024;2023;comptes_fonds_reserves;FRR;FRR tab 1;H15;Produits de gestion financière;2023 (p);2607;MEUR;1000000;260700000000;False;prevision_explicitement_etiquetee;https://contrib.securite-sociale.fr/files/live/sites/SSFR/files/medias/PLFSS/2024/Annexe%202_Donn%C3%A9es.xlsx
2024;2019;comptes_fonds_reserves;FRR;FRR tab 1;D16;Produits d’exploitation;2019;4;MEUR;1000000;400000000;False;serie_documentaire_etape_non_inferree;https://contrib.securite-sociale.fr/files/live/sites/SSFR/files/medias/PLFSS/2024/Annexe%202_Donn%C3%A9es.xlsx
2024;2020;comptes_fonds_reserves;FRR;FRR tab 1;E16;Produits d’exploitation;2020;3;MEUR;1000000;300000000;False;serie_documentaire_etape_non_inferree;https://contrib.securite-sociale.fr/files/live/sites/SSFR/files/medias/PLFSS/2024/Annexe%202_Donn%C3%A9es.xlsx
2024;2021;comptes_fonds_reserves;FRR;FRR tab 1;F16;Produits d’exploitation;2021;0;MEUR;1000000;0;True;serie_documentaire_etape_non_inferree;https://contrib.securite-sociale.fr/files/live/sites/SSFR/files/medias/PLFSS/2024/Annexe%202_Donn%C3%A9es.xlsx
2024;2022;comptes_fonds_reserves;FRR;FRR tab 1;G16;Produits d’exploitation;2022;33;MEUR;1000000;3300000000;False;serie_documentaire_etape_non_inferree;https://contrib.securite-sociale.fr/files/live/sites/SSFR/files/medias/PLFSS/2024/Annexe%202_Donn%C3%A9es.xlsx
2024;2023;comptes_fonds_reserves;FRR;FRR tab 1;H16;Produits d’exploitation;2023 (p);0;MEUR;1000000;0;True;prevision_explicitement_etiquetee;https://contrib.securite-sociale.fr/files/live/sites/SSFR/files/medias/PLFSS/2024/Annexe%202_Donn%C3%A9es.xlsx
2024;2019;comptes_fonds_reserves;FRR;FRR tab 1;D17;Produits exceptionnels;2019;8;MEUR;1000000;800000000;False;serie_documentaire_etape_non_inferree;https://contrib.securite-sociale.fr/files/live/sites/SSFR/files/medias/PLFSS/2024/Annexe%202_Donn%C3%A9es.xlsx
2024;2020;comptes_fonds_reserves;FRR;FRR tab 1;E17;Produits exceptionnels;2020;0;MEUR;1000000;0;True;serie_documentaire_etape_non_inferree;https://contrib.securite-sociale.fr/files/live/sites/SSFR/files/medias/PLFSS/2024/Annexe%202_Donn%C3%A9es.xlsx
2024;2021;comptes_fonds_reserves;FRR;FRR tab 1;F17;Produits exceptionnels;2021;0;MEUR;1000000;0;True;serie_documentaire_etape_non_inferree;https://contrib.securite-sociale.fr/files/live/sites/SSFR/files/medias/PLFSS/2024/Annexe%202_Donn%C3%A9es.xlsx
2024;2022;comptes_fonds_reserves;FRR;FRR tab 1;G17;Produits exceptionnels;2022;0;MEUR;1000000;0;True;serie_documentaire_etape_non_inferree;https://contrib.securite-sociale.fr/files/live/sites/SSFR/files/medias/PLFSS/2024/Annexe%202_Donn%C3%A9es.xlsx
2024;2023;comptes_fonds_reserves;FRR;FRR tab 1;H17;Produits exceptionnels;2023 (p);0;MEUR;1000000;0;True;prevision_explicitement_etiquetee;https://contrib.securite-sociale.fr/files/live/sites/SSFR/files/medias/PLFSS/2024/Annexe%202_Donn%C3%A9es.xlsx
2024;2019;comptes_fonds_reserves;FRR;FRR tab 1;D18;CHARGES NETTES;2019;2389;MEUR;1000000;238900000000;False;serie_documentaire_etape_non_inferree;https://contrib.securite-sociale.fr/files/live/sites/SSFR/files/medias/PLFSS/2024/Annexe%202_Donn%C3%A9es.xlsx
2024;2020;comptes_fonds_reserves;FRR;FRR tab 1;E18;CHARGES NETTES;2020;3467;MEUR;1000000;346700000000;False;serie_documentaire_etape_non_inferree;https://contrib.securite-sociale.fr/files/live/sites/SSFR/files/medias/PLFSS/2024/Annexe%202_Donn%C3%A9es.xlsx
2024;2021;comptes_fonds_reserves;FRR;FRR tab 1;F18;CHARGES NETTES;2021;1367;MEUR;1000000;136700000000;False;serie_documentaire_etape_non_inferree;https://contrib.securite-sociale.fr/files/live/sites/SSFR/files/medias/PLFSS/2024/Annexe%202_Donn%C3%A9es.xlsx
2024;2022;comptes_fonds_reserves;FRR;FRR tab 1;G18;CHARGES NETTES;2022;2767;MEUR;1000000;276700000000;False;serie_documentaire_etape_non_inferree;https://contrib.securite-sociale.fr/files/live/sites/SSFR/files/medias/PLFSS/2024/Annexe%202_Donn%C3%A9es.xlsx
2024;2023;comptes_fonds_reserves;FRR;FRR tab 1;H18;CHARGES NETTES;2023 (p);1893;MEUR;1000000;189300000000;False;prevision_explicitement_etiquetee;https://contrib.securite-sociale.fr/files/live/sites/SSFR/files/medias/PLFSS/2024/Annexe%202_Donn%C3%A9es.xlsx
2024;2019;comptes_fonds_reserves;FRR;FRR tab 1;D19;Charges de fonctionnement;2019;2389;MEUR;1000000;238900000000;False;serie_documentaire_etape_non_inferree;https://contrib.securite-sociale.fr/files/live/sites/SSFR/files/medias/PLFSS/2024/Annexe%202_Donn%C3%A9es.xlsx
2024;2020;comptes_fonds_reserves;FRR;FRR tab 1;E19;Charges de fonctionnement;2020;3467;MEUR;1000000;346700000000;False;serie_documentaire_etape_non_inferree;https://contrib.securite-sociale.fr/files/live/sites/SSFR/files/medias/PLFSS/2024/Annexe%202_Donn%C3%A9es.xlsx
2024;2021;comptes_fonds_reserves;FRR;FRR tab 1;F19;Charges de fonctionnement;2021;1367;MEUR;1000000;136700000000;False;serie_documentaire_etape_non_inferree;https://contrib.securite-sociale.fr/files/live/sites/SSFR/files/medias/PLFSS/2024/Annexe%202_Donn%C3%A9es.xlsx
2024;2022;comptes_fonds_reserves;FRR;FRR tab 1;G19;Charges de fonctionnement;2022;2767;MEUR;1000000;276700000000;False;serie_documentaire_etape_non_inferree;https://contrib.securite-sociale.fr/files/live/sites/SSFR/files/medias/PLFSS/2024/Annexe%202_Donn%C3%A9es.xlsx
2024;2023;comptes_fonds_reserves;FRR;FRR tab 1;H19;Charges de fonctionnement;2023 (p);1893;MEUR;1000000;189300000000;False;prevision_explicitement_etiquetee;https://contrib.securite-sociale.fr/files/live/sites/SSFR/files/medias/PLFSS/2024/Annexe%202_Donn%C3%A9es.xlsx
2024;2019;comptes_fonds_reserves;FRR;FRR tab 1;D20;Frais de gestion administrative;2019;107;MEUR;1000000;10700000000;False;serie_documentaire_etape_non_inferree;https://contrib.securite-sociale.fr/files/live/sites/SSFR/files/medias/PLFSS/2024/Annexe%202_Donn%C3%A9es.xlsx
2024;2020;comptes_fonds_reserves;FRR;FRR tab 1;E20;Frais de gestion administrative;2020;95;MEUR;1000000;9500000000;False;serie_documentaire_etape_non_inferree;https://contrib.securite-sociale.fr/files/live/sites/SSFR/files/medias/PLFSS/2024/Annexe%202_Donn%C3%A9es.xlsx
2024;2021;comptes_fonds_reserves;FRR;FRR tab 1;F20;Frais de gestion administrative;2021;85;MEUR;1000000;8500000000;False;serie_documentaire_etape_non_inferree;https://contrib.securite-sociale.fr/files/live/sites/SSFR/files/medias/PLFSS/2024/Annexe%202_Donn%C3%A9es.xlsx
2024;2022;comptes_fonds_reserves;FRR;FRR tab 1;G20;Frais de gestion administrative;2022;87;MEUR;1000000;8700000000;False;serie_documentaire_etape_non_inferree;https://contrib.securite-sociale.fr/files/live/sites/SSFR/files/medias/PLFSS/2024/Annexe%202_Donn%C3%A9es.xlsx
2024;2023;comptes_fonds_reserves;FRR;FRR tab 1;H20;Frais de gestion administrative;2023 (p);57;MEUR;1000000;5700000000;False;prevision_explicitement_etiquetee;https://contrib.securite-sociale.fr/files/live/sites/SSFR/files/medias/PLFSS/2024/Annexe%202_Donn%C3%A9es.xlsx
2024;2019;comptes_fonds_reserves;FRR;FRR tab 1;D21;Charges de gestion financière;2019;2282;MEUR;1000000;228200000000;False;serie_documentaire_etape_non_inferree;https://contrib.securite-sociale.fr/files/live/sites/SSFR/files/medias/PLFSS/2024/Annexe%202_Donn%C3%A9es.xlsx
2024;2020;comptes_fonds_reserves;FRR;FRR tab 1;E21;Charges de gestion financière;2020;3372;MEUR;1000000;337200000000;False;serie_documentaire_etape_non_inferree;https://contrib.securite-sociale.fr/files/live/sites/SSFR/files/medias/PLFSS/2024/Annexe%202_Donn%C3%A9es.xlsx
2024;2021;comptes_fonds_reserves;FRR;FRR tab 1;F21;Charges de gestion financière;2021;1282;MEUR;1000000;128200000000;False;serie_documentaire_etape_non_inferree;https://contrib.securite-sociale.fr/files/live/sites/SSFR/files/medias/PLFSS/2024/Annexe%202_Donn%C3%A9es.xlsx
2024;2022;comptes_fonds_reserves;FRR;FRR tab 1;G21;Charges de gestion financière;2022;2680;MEUR;1000000;268000000000;False;serie_documentaire_etape_non_inferree;https://contrib.securite-sociale.fr/files/live/sites/SSFR/files/medias/PLFSS/2024/Annexe%202_Donn%C3%A9es.xlsx
2024;2019;comptes_fonds_reserves;FRR;FRR tab 1;D22;Charges exceptionnelles;2019;0;MEUR;1000000;0;True;serie_documentaire_etape_non_inferree;https://contrib.securite-sociale.fr/files/live/sites/SSFR/files/medias/PLFSS/2024/Annexe%202_Donn%C3%A9es.xlsx
2024;2020;comptes_fonds_reserves;FRR;FRR tab 1;E22;Charges exceptionnelles;2020;0;MEUR;1000000;0;True;serie_documentaire_etape_non_inferree;https://contrib.securite-sociale.fr/files/live/sites/SSFR/files/medias/PLFSS/2024/Annexe%202_Donn%C3%A9es.xlsx
2024;2021;comptes_fonds_reserves;FRR;FRR tab 1;F22;Charges exceptionnelles;2021;0;MEUR;1000000;0;True;serie_documentaire_etape_non_inferree;https://contrib.securite-sociale.fr/files/live/sites/SSFR/files/medias/PLFSS/2024/Annexe%202_Donn%C3%A9es.xlsx
2024;2022;comptes_fonds_reserves;FRR;FRR tab 1;G22;Charges exceptionnelles;2022;0;MEUR;1000000;0;True;serie_documentaire_etape_non_inferree;https://contrib.securite-sociale.fr/files/live/sites/SSFR/files/medias/PLFSS/2024/Annexe%202_Donn%C3%A9es.xlsx
2024;2023;comptes_fonds_reserves;FRR;FRR tab 1;H22;Charges exceptionnelles;2023 (p);0;MEUR;1000000;0;True;prevision_explicitement_etiquetee;https://contrib.securite-sociale.fr/files/live/sites/SSFR/files/medias/PLFSS/2024/Annexe%202_Donn%C3%A9es.xlsx
2024;2019;comptes_fonds_reserves;FRR;FRR tab 1;D23;RESULTAT FINANCIER ;2019;937;MEUR;1000000;93700000000;False;serie_documentaire_etape_non_inferree;https://contrib.securite-sociale.fr/files/live/sites/SSFR/files/medias/PLFSS/2024/Annexe%202_Donn%C3%A9es.xlsx
2024;2020;comptes_fonds_reserves;FRR;FRR tab 1;E23;RESULTAT FINANCIER ;2020;814;MEUR;1000000;81400000000;False;serie_documentaire_etape_non_inferree;https://contrib.securite-sociale.fr/files/live/sites/SSFR/files/medias/PLFSS/2024/Annexe%202_Donn%C3%A9es.xlsx
2024;2021;comptes_fonds_reserves;FRR;FRR tab 1;F23;RESULTAT FINANCIER ;2021;1649;MEUR;1000000;164900000000;False;serie_documentaire_etape_non_inferree;https://contrib.securite-sociale.fr/files/live/sites/SSFR/files/medias/PLFSS/2024/Annexe%202_Donn%C3%A9es.xlsx
2024;2022;comptes_fonds_reserves;FRR;FRR tab 1;G23;RESULTAT FINANCIER ;2022;-508;MEUR;1000000;-50800000000;False;serie_documentaire_etape_non_inferree;https://contrib.securite-sociale.fr/files/live/sites/SSFR/files/medias/PLFSS/2024/Annexe%202_Donn%C3%A9es.xlsx
2024;2023;comptes_fonds_reserves;FRR;FRR tab 1;H23;RESULTAT FINANCIER ;2023 (p);771;MEUR;1000000;77100000000;False;prevision_explicitement_etiquetee;https://contrib.securite-sociale.fr/files/live/sites/SSFR/files/medias/PLFSS/2024/Annexe%202_Donn%C3%A9es.xlsx
2024;2019;comptes_fonds_reserves;FRR;FRR tab 1;D25;RESULTAT DE L’EXERCICE ;2019;842;MEUR;1000000;84200000000;False;serie_documentaire_etape_non_inferree;https://contrib.securite-sociale.fr/files/live/sites/SSFR/files/medias/PLFSS/2024/Annexe%202_Donn%C3%A9es.xlsx
2024;2020;comptes_fonds_reserves;FRR;FRR tab 1;E25;RESULTAT DE L’EXERCICE ;2020;722;MEUR;1000000;72200000000;False;serie_documentaire_etape_non_inferree;https://contrib.securite-sociale.fr/files/live/sites/SSFR/files/medias/PLFSS/2024/Annexe%202_Donn%C3%A9es.xlsx
2024;2021;comptes_fonds_reserves;FRR;FRR tab 1;F25;RESULTAT DE L’EXERCICE ;2021;1564;MEUR;1000000;156400000000;False;serie_documentaire_etape_non_inferree;https://contrib.securite-sociale.fr/files/live/sites/SSFR/files/medias/PLFSS/2024/Annexe%202_Donn%C3%A9es.xlsx
2024;2022;comptes_fonds_reserves;FRR;FRR tab 1;G25;RESULTAT DE L’EXERCICE ;2022;-562;MEUR;1000000;-56200000000;False;serie_documentaire_etape_non_inferree;https://contrib.securite-sociale.fr/files/live/sites/SSFR/files/medias/PLFSS/2024/Annexe%202_Donn%C3%A9es.xlsx
2024;2023;comptes_fonds_reserves;FRR;FRR tab 1;H25;RESULTAT DE L’EXERCICE ;2023 (p);714;MEUR;1000000;71400000000;False;prevision_explicitement_etiquetee;https://contrib.securite-sociale.fr/files/live/sites/SSFR/files/medias/PLFSS/2024/Annexe%202_Donn%C3%A9es.xlsx
2024;2021;recettes_detaillees;consolide_ROBSS_FSV;III.tab9;B4;PRODUITS NETS;2021;543007;MEUR;1000000;54300700000000;False;serie_documentaire_etape_non_inferree;https://www.securite-sociale.fr/files/live/sites/SSFR/files/medias/PLFSS/2024/Annexe%203_Donn%c3%a9es.xlsx
2024;2022;recettes_detaillees;consolide_ROBSS_FSV;III.tab9;C4;PRODUITS NETS;2022;572455;MEUR;1000000;57245500000000;False;serie_documentaire_etape_non_inferree;https://www.securite-sociale.fr/files/live/sites/SSFR/files/medias/PLFSS/2024/Annexe%203_Donn%c3%a9es.xlsx
2024;2023;recettes_detaillees;consolide_ROBSS_FSV;III.tab9;E4;PRODUITS NETS;2023 (p);602107;MEUR;1000000;60210700000000;False;prevision_explicitement_etiquetee;https://www.securite-sociale.fr/files/live/sites/SSFR/files/medias/PLFSS/2024/Annexe%203_Donn%c3%a9es.xlsx
2024;2024;recettes_detaillees;consolide_ROBSS_FSV;III.tab9;G4;PRODUITS NETS;2024 (p);630651;MEUR;1000000;63065100000000;False;prevision_explicitement_etiquetee;https://www.securite-sociale.fr/files/live/sites/SSFR/files/medias/PLFSS/2024/Annexe%203_Donn%c3%a9es.xlsx
2024;2021;recettes_detaillees;consolide_ROBSS_FSV;III.tab9;B5;COTISATIONS, IMPÔTS ET CONTRIBUTIONS NETTES;2021;521016;MEUR;1000000;52101600000000;False;serie_documentaire_etape_non_inferree;https://www.securite-sociale.fr/files/live/sites/SSFR/files/medias/PLFSS/2024/Annexe%203_Donn%c3%a9es.xlsx
2024;2022;recettes_detaillees;consolide_ROBSS_FSV;III.tab9;C5;COTISATIONS, IMPÔTS ET CONTRIBUTIONS NETTES;2022;548012;MEUR;1000000;54801200000000;False;serie_documentaire_etape_non_inferree;https://www.securite-sociale.fr/files/live/sites/SSFR/files/medias/PLFSS/2024/Annexe%203_Donn%c3%a9es.xlsx
2024;2023;recettes_detaillees;consolide_ROBSS_FSV;III.tab9;E5;COTISATIONS, IMPÔTS ET CONTRIBUTIONS NETTES;2023 (p);574029;MEUR;1000000;57402900000000;False;prevision_explicitement_etiquetee;https://www.securite-sociale.fr/files/live/sites/SSFR/files/medias/PLFSS/2024/Annexe%203_Donn%c3%a9es.xlsx
2024;2024;recettes_detaillees;consolide_ROBSS_FSV;III.tab9;G5;COTISATIONS, IMPÔTS ET CONTRIBUTIONS NETTES;2024 (p);601056;MEUR;1000000;60105600000000;False;prevision_explicitement_etiquetee;https://www.securite-sociale.fr/files/live/sites/SSFR/files/medias/PLFSS/2024/Annexe%203_Donn%c3%a9es.xlsx
2024;2021;recettes_detaillees;consolide_ROBSS_FSV;III.tab9;B6;Cotisations sociales brutes*;2021;263667;MEUR;1000000;26366700000000;False;serie_documentaire_etape_non_inferree;https://www.securite-sociale.fr/files/live/sites/SSFR/files/medias/PLFSS/2024/Annexe%203_Donn%c3%a9es.xlsx
2024;2022;recettes_detaillees;consolide_ROBSS_FSV;III.tab9;C6;Cotisations sociales brutes*;2022;278971;MEUR;1000000;27897100000000;False;serie_documentaire_etape_non_inferree;https://www.securite-sociale.fr/files/live/sites/SSFR/files/medias/PLFSS/2024/Annexe%203_Donn%c3%a9es.xlsx
2024;2023;recettes_detaillees;consolide_ROBSS_FSV;III.tab9;E6;Cotisations sociales brutes*;2023 (p);293103;MEUR;1000000;29310300000000;False;prevision_explicitement_etiquetee;https://www.securite-sociale.fr/files/live/sites/SSFR/files/medias/PLFSS/2024/Annexe%203_Donn%c3%a9es.xlsx
2024;2024;recettes_detaillees;consolide_ROBSS_FSV;III.tab9;G6;Cotisations sociales brutes*;2024 (p);304161;MEUR;1000000;30416100000000;False;prevision_explicitement_etiquetee;https://www.securite-sociale.fr/files/live/sites/SSFR/files/medias/PLFSS/2024/Annexe%203_Donn%c3%a9es.xlsx
2024;2021;recettes_detaillees;consolide_ROBSS_FSV;III.tab9;B7;Cotisations sociales salariés;2021;243458;MEUR;1000000;24345800000000;False;serie_documentaire_etape_non_inferree;https://www.securite-sociale.fr/files/live/sites/SSFR/files/medias/PLFSS/2024/Annexe%203_Donn%c3%a9es.xlsx
2024;2022;recettes_detaillees;consolide_ROBSS_FSV;III.tab9;C7;Cotisations sociales salariés;2022;257809;MEUR;1000000;25780900000000;False;serie_documentaire_etape_non_inferree;https://www.securite-sociale.fr/files/live/sites/SSFR/files/medias/PLFSS/2024/Annexe%203_Donn%c3%a9es.xlsx
2024;2023;recettes_detaillees;consolide_ROBSS_FSV;III.tab9;E7;Cotisations sociales salariés;2023 (p);271613;MEUR;1000000;27161300000000;False;prevision_explicitement_etiquetee;https://www.securite-sociale.fr/files/live/sites/SSFR/files/medias/PLFSS/2024/Annexe%203_Donn%c3%a9es.xlsx
2024;2024;recettes_detaillees;consolide_ROBSS_FSV;III.tab9;G7;Cotisations sociales salariés;2024 (p);281814;MEUR;1000000;28181400000000;False;prevision_explicitement_etiquetee;https://www.securite-sociale.fr/files/live/sites/SSFR/files/medias/PLFSS/2024/Annexe%203_Donn%c3%a9es.xlsx
2024;2021;recettes_detaillees;consolide_ROBSS_FSV;III.tab9;B8;Cotisations sociales non-salariés;2021;17611;MEUR;1000000;1761100000000;False;serie_documentaire_etape_non_inferree;https://www.securite-sociale.fr/files/live/sites/SSFR/files/medias/PLFSS/2024/Annexe%203_Donn%c3%a9es.xlsx
2024;2022;recettes_detaillees;consolide_ROBSS_FSV;III.tab9;C8;Cotisations sociales non-salariés;2022;18475;MEUR;1000000;1847500000000;False;serie_documentaire_etape_non_inferree;https://www.securite-sociale.fr/files/live/sites/SSFR/files/medias/PLFSS/2024/Annexe%203_Donn%c3%a9es.xlsx
2024;2023;recettes_detaillees;consolide_ROBSS_FSV;III.tab9;E8;Cotisations sociales non-salariés;2023 (p);18729;MEUR;1000000;1872900000000;False;prevision_explicitement_etiquetee;https://www.securite-sociale.fr/files/live/sites/SSFR/files/medias/PLFSS/2024/Annexe%203_Donn%c3%a9es.xlsx
2024;2024;recettes_detaillees;consolide_ROBSS_FSV;III.tab9;G8;Cotisations sociales non-salariés;2024 (p);19563;MEUR;1000000;1956300000000;False;prevision_explicitement_etiquetee;https://www.securite-sociale.fr/files/live/sites/SSFR/files/medias/PLFSS/2024/Annexe%203_Donn%c3%a9es.xlsx
2024;2021;recettes_detaillees;consolide_ROBSS_FSV;III.tab9;B9;Cotisations des inactifs;2021;872;MEUR;1000000;87200000000;False;serie_documentaire_etape_non_inferree;https://www.securite-sociale.fr/files/live/sites/SSFR/files/medias/PLFSS/2024/Annexe%203_Donn%c3%a9es.xlsx
2024;2022;recettes_detaillees;consolide_ROBSS_FSV;III.tab9;C9;Cotisations des inactifs;2022;907;MEUR;1000000;90700000000;False;serie_documentaire_etape_non_inferree;https://www.securite-sociale.fr/files/live/sites/SSFR/files/medias/PLFSS/2024/Annexe%203_Donn%c3%a9es.xlsx
2024;2023;recettes_detaillees;consolide_ROBSS_FSV;III.tab9;E9;Cotisations des inactifs;2023 (p);960;MEUR;1000000;96000000000;False;prevision_explicitement_etiquetee;https://www.securite-sociale.fr/files/live/sites/SSFR/files/medias/PLFSS/2024/Annexe%203_Donn%c3%a9es.xlsx
2024;2024;recettes_detaillees;consolide_ROBSS_FSV;III.tab9;G9;Cotisations des inactifs;2024 (p);1006;MEUR;1000000;100600000000;False;prevision_explicitement_etiquetee;https://www.securite-sociale.fr/files/live/sites/SSFR/files/medias/PLFSS/2024/Annexe%203_Donn%c3%a9es.xlsx
2024;2021;recettes_detaillees;consolide_ROBSS_FSV;III.tab9;B10;Autres cotisations sociales;2021;1727;MEUR;1000000;172700000000;False;serie_documentaire_etape_non_inferree;https://www.securite-sociale.fr/files/live/sites/SSFR/files/medias/PLFSS/2024/Annexe%203_Donn%c3%a9es.xlsx
2024;2022;recettes_detaillees;consolide_ROBSS_FSV;III.tab9;C10;Autres cotisations sociales;2022;1780;MEUR;1000000;178000000000;False;serie_documentaire_etape_non_inferree;https://www.securite-sociale.fr/files/live/sites/SSFR/files/medias/PLFSS/2024/Annexe%203_Donn%c3%a9es.xlsx
2024;2023;recettes_detaillees;consolide_ROBSS_FSV;III.tab9;E10;Autres cotisations sociales;2023 (p);1801;MEUR;1000000;180100000000;False;prevision_explicitement_etiquetee;https://www.securite-sociale.fr/files/live/sites/SSFR/files/medias/PLFSS/2024/Annexe%203_Donn%c3%a9es.xlsx
2024;2024;recettes_detaillees;consolide_ROBSS_FSV;III.tab9;G10;Autres cotisations sociales;2024 (p);1778;MEUR;1000000;177800000000;False;prevision_explicitement_etiquetee;https://www.securite-sociale.fr/files/live/sites/SSFR/files/medias/PLFSS/2024/Annexe%203_Donn%c3%a9es.xlsx
2024;2021;recettes_detaillees;consolide_ROBSS_FSV;III.tab9;B11;Cotisations prises en charge par l’État nettes;2021;8102;MEUR;1000000;810200000000;False;serie_documentaire_etape_non_inferree;https://www.securite-sociale.fr/files/live/sites/SSFR/files/medias/PLFSS/2024/Annexe%203_Donn%c3%a9es.xlsx
2024;2022;recettes_detaillees;consolide_ROBSS_FSV;III.tab9;C11;Cotisations prises en charge par l’État nettes;2022;6898;MEUR;1000000;689800000000;False;serie_documentaire_etape_non_inferree;https://www.securite-sociale.fr/files/live/sites/SSFR/files/medias/PLFSS/2024/Annexe%203_Donn%c3%a9es.xlsx
2024;2023;recettes_detaillees;consolide_ROBSS_FSV;III.tab9;E11;Cotisations prises en charge par l’État nettes;2023 (p);6635;MEUR;1000000;663500000000;False;prevision_explicitement_etiquetee;https://www.securite-sociale.fr/files/live/sites/SSFR/files/medias/PLFSS/2024/Annexe%203_Donn%c3%a9es.xlsx
2024;2024;recettes_detaillees;consolide_ROBSS_FSV;III.tab9;G11;Cotisations prises en charge par l’État nettes;2024 (p);6750;MEUR;1000000;675000000000;False;prevision_explicitement_etiquetee;https://www.securite-sociale.fr/files/live/sites/SSFR/files/medias/PLFSS/2024/Annexe%203_Donn%c3%a9es.xlsx
2024;2021;recettes_detaillees;consolide_ROBSS_FSV;III.tab9;B12;Contributions, impôts et taxes;2021;207068;MEUR;1000000;20706800000000;False;serie_documentaire_etape_non_inferree;https://www.securite-sociale.fr/files/live/sites/SSFR/files/medias/PLFSS/2024/Annexe%203_Donn%c3%a9es.xlsx
2024;2022;recettes_detaillees;consolide_ROBSS_FSV;III.tab9;C12;Contributions, impôts et taxes;2022;218722;MEUR;1000000;21872200000000;False;serie_documentaire_etape_non_inferree;https://www.securite-sociale.fr/files/live/sites/SSFR/files/medias/PLFSS/2024/Annexe%203_Donn%c3%a9es.xlsx
2024;2023;recettes_detaillees;consolide_ROBSS_FSV;III.tab9;E12;Contributions, impôts et taxes;2023 (p);229425;MEUR;1000000;22942500000000;False;prevision_explicitement_etiquetee;https://www.securite-sociale.fr/files/live/sites/SSFR/files/medias/PLFSS/2024/Annexe%203_Donn%c3%a9es.xlsx
2024;2024;recettes_detaillees;consolide_ROBSS_FSV;III.tab9;G12;Contributions, impôts et taxes;2024 (p);242399;MEUR;1000000;24239900000000;False;prevision_explicitement_etiquetee;https://www.securite-sociale.fr/files/live/sites/SSFR/files/medias/PLFSS/2024/Annexe%203_Donn%c3%a9es.xlsx
2024;2021;recettes_detaillees;consolide_ROBSS_FSV;III.tab9;B13;CSG brute*;2021;107076;MEUR;1000000;10707600000000;False;serie_documentaire_etape_non_inferree;https://www.securite-sociale.fr/files/live/sites/SSFR/files/medias/PLFSS/2024/Annexe%203_Donn%c3%a9es.xlsx
2024;2022;recettes_detaillees;consolide_ROBSS_FSV;III.tab9;C13;CSG brute*;2022;115508;MEUR;1000000;11550800000000;False;serie_documentaire_etape_non_inferree;https://www.securite-sociale.fr/files/live/sites/SSFR/files/medias/PLFSS/2024/Annexe%203_Donn%c3%a9es.xlsx
2024;2023;recettes_detaillees;consolide_ROBSS_FSV;III.tab9;E13;CSG brute*;2023 (p);120959;MEUR;1000000;12095900000000;False;prevision_explicitement_etiquetee;https://www.securite-sociale.fr/files/live/sites/SSFR/files/medias/PLFSS/2024/Annexe%203_Donn%c3%a9es.xlsx
2024;2024;recettes_detaillees;consolide_ROBSS_FSV;III.tab9;G13;CSG brute*;2024 (p);128681;MEUR;1000000;12868100000000;False;prevision_explicitement_etiquetee;https://www.securite-sociale.fr/files/live/sites/SSFR/files/medias/PLFSS/2024/Annexe%203_Donn%c3%a9es.xlsx
2024;2021;recettes_detaillees;consolide_ROBSS_FSV;III.tab9;B14;CSG sur revenus d'activité;2021;71426;MEUR;1000000;7142600000000;False;serie_documentaire_etape_non_inferree;https://www.securite-sociale.fr/files/live/sites/SSFR/files/medias/PLFSS/2024/Annexe%203_Donn%c3%a9es.xlsx
2024;2022;recettes_detaillees;consolide_ROBSS_FSV;III.tab9;C14;CSG sur revenus d'activité;2022;77279;MEUR;1000000;7727900000000;False;serie_documentaire_etape_non_inferree;https://www.securite-sociale.fr/files/live/sites/SSFR/files/medias/PLFSS/2024/Annexe%203_Donn%c3%a9es.xlsx
2024;2023;recettes_detaillees;consolide_ROBSS_FSV;III.tab9;E14;CSG sur revenus d'activité;2023 (p);81025;MEUR;1000000;8102500000000;False;prevision_explicitement_etiquetee;https://www.securite-sociale.fr/files/live/sites/SSFR/files/medias/PLFSS/2024/Annexe%203_Donn%c3%a9es.xlsx
2024;2024;recettes_detaillees;consolide_ROBSS_FSV;III.tab9;G14;CSG sur revenus d'activité;2024 (p);85843;MEUR;1000000;8584300000000;False;prevision_explicitement_etiquetee;https://www.securite-sociale.fr/files/live/sites/SSFR/files/medias/PLFSS/2024/Annexe%203_Donn%c3%a9es.xlsx
2024;2021;recettes_detaillees;consolide_ROBSS_FSV;III.tab9;B15;CSG sur revenus de remplacement;2021;21968;MEUR;1000000;2196800000000;False;serie_documentaire_etape_non_inferree;https://www.securite-sociale.fr/files/live/sites/SSFR/files/medias/PLFSS/2024/Annexe%203_Donn%c3%a9es.xlsx
2024;2022;recettes_detaillees;consolide_ROBSS_FSV;III.tab9;C15;CSG sur revenus de remplacement;2022;22856;MEUR;1000000;2285600000000;False;serie_documentaire_etape_non_inferree;https://www.securite-sociale.fr/files/live/sites/SSFR/files/medias/PLFSS/2024/Annexe%203_Donn%c3%a9es.xlsx
2024;2023;recettes_detaillees;consolide_ROBSS_FSV;III.tab9;E15;CSG sur revenus de remplacement;2023 (p);23747;MEUR;1000000;2374700000000;False;prevision_explicitement_etiquetee;https://www.securite-sociale.fr/files/live/sites/SSFR/files/medias/PLFSS/2024/Annexe%203_Donn%c3%a9es.xlsx
2024;2024;recettes_detaillees;consolide_ROBSS_FSV;III.tab9;G15;CSG sur revenus de remplacement;2024 (p);25435;MEUR;1000000;2543500000000;False;prevision_explicitement_etiquetee;https://www.securite-sociale.fr/files/live/sites/SSFR/files/medias/PLFSS/2024/Annexe%203_Donn%c3%a9es.xlsx
2024;2021;recettes_detaillees;consolide_ROBSS_FSV;III.tab9;B16;CSG sur revenus du capital;2021;13249;MEUR;1000000;1324900000000;False;serie_documentaire_etape_non_inferree;https://www.securite-sociale.fr/files/live/sites/SSFR/files/medias/PLFSS/2024/Annexe%203_Donn%c3%a9es.xlsx
2024;2022;recettes_detaillees;consolide_ROBSS_FSV;III.tab9;C16;CSG sur revenus du capital;2022;14822;MEUR;1000000;1482200000000;False;serie_documentaire_etape_non_inferree;https://www.securite-sociale.fr/files/live/sites/SSFR/files/medias/PLFSS/2024/Annexe%203_Donn%c3%a9es.xlsx
2024;2023;recettes_detaillees;consolide_ROBSS_FSV;III.tab9;E16;CSG sur revenus du capital;2023 (p);15607;MEUR;1000000;1560700000000;False;prevision_explicitement_etiquetee;https://www.securite-sociale.fr/files/live/sites/SSFR/files/medias/PLFSS/2024/Annexe%203_Donn%c3%a9es.xlsx
2024;2024;recettes_detaillees;consolide_ROBSS_FSV;III.tab9;G16;CSG sur revenus du capital;2024 (p);16801;MEUR;1000000;1680100000000;False;prevision_explicitement_etiquetee;https://www.securite-sociale.fr/files/live/sites/SSFR/files/medias/PLFSS/2024/Annexe%203_Donn%c3%a9es.xlsx
2024;2021;recettes_detaillees;consolide_ROBSS_FSV;III.tab9;B17;CSG sur les jeux;2021;434;MEUR;1000000;43400000000;False;serie_documentaire_etape_non_inferree;https://www.securite-sociale.fr/files/live/sites/SSFR/files/medias/PLFSS/2024/Annexe%203_Donn%c3%a9es.xlsx
2024;2022;recettes_detaillees;consolide_ROBSS_FSV;III.tab9;C17;CSG sur les jeux;2022;551;MEUR;1000000;55100000000;False;serie_documentaire_etape_non_inferree;https://www.securite-sociale.fr/files/live/sites/SSFR/files/medias/PLFSS/2024/Annexe%203_Donn%c3%a9es.xlsx
2024;2023;recettes_detaillees;consolide_ROBSS_FSV;III.tab9;E17;CSG sur les jeux;2023 (p);580;MEUR;1000000;58000000000;False;prevision_explicitement_etiquetee;https://www.securite-sociale.fr/files/live/sites/SSFR/files/medias/PLFSS/2024/Annexe%203_Donn%c3%a9es.xlsx
2024;2024;recettes_detaillees;consolide_ROBSS_FSV;III.tab9;G17;CSG sur les jeux;2024 (p);603;MEUR;1000000;60300000000;False;prevision_explicitement_etiquetee;https://www.securite-sociale.fr/files/live/sites/SSFR/files/medias/PLFSS/2024/Annexe%203_Donn%c3%a9es.xlsx
2024;2021;recettes_detaillees;consolide_ROBSS_FSV;III.tab9;B18;Contributions sociales diverses;2021;10366;MEUR;1000000;1036600000000;False;serie_documentaire_etape_non_inferree;https://www.securite-sociale.fr/files/live/sites/SSFR/files/medias/PLFSS/2024/Annexe%203_Donn%c3%a9es.xlsx
2024;2022;recettes_detaillees;consolide_ROBSS_FSV;III.tab9;C18;Contributions sociales diverses;2022;11133;MEUR;1000000;1113300000000;False;serie_documentaire_etape_non_inferree;https://www.securite-sociale.fr/files/live/sites/SSFR/files/medias/PLFSS/2024/Annexe%203_Donn%c3%a9es.xlsx
2024;2023;recettes_detaillees;consolide_ROBSS_FSV;III.tab9;E18;Contributions sociales diverses;2023 (p);11937;MEUR;1000000;1193700000000;False;prevision_explicitement_etiquetee;https://www.securite-sociale.fr/files/live/sites/SSFR/files/medias/PLFSS/2024/Annexe%203_Donn%c3%a9es.xlsx
2024;2024;recettes_detaillees;consolide_ROBSS_FSV;III.tab9;G18;Contributions sociales diverses;2024 (p);13144;MEUR;1000000;1314400000000;False;prevision_explicitement_etiquetee;https://www.securite-sociale.fr/files/live/sites/SSFR/files/medias/PLFSS/2024/Annexe%203_Donn%c3%a9es.xlsx
2024;2021;recettes_detaillees;consolide_ROBSS_FSV;III.tab9;B19;Forfait social;2021;5132;MEUR;1000000;513200000000;False;serie_documentaire_etape_non_inferree;https://www.securite-sociale.fr/files/live/sites/SSFR/files/medias/PLFSS/2024/Annexe%203_Donn%c3%a9es.xlsx
2024;2022;recettes_detaillees;consolide_ROBSS_FSV;III.tab9;C19;Forfait social;2022;6192;MEUR;1000000;619200000000;False;serie_documentaire_etape_non_inferree;https://www.securite-sociale.fr/files/live/sites/SSFR/files/medias/PLFSS/2024/Annexe%203_Donn%c3%a9es.xlsx
2024;2023;recettes_detaillees;consolide_ROBSS_FSV;III.tab9;E19;Forfait social;2023 (p);6613;MEUR;1000000;661300000000;False;prevision_explicitement_etiquetee;https://www.securite-sociale.fr/files/live/sites/SSFR/files/medias/PLFSS/2024/Annexe%203_Donn%c3%a9es.xlsx
2024;2024;recettes_detaillees;consolide_ROBSS_FSV;III.tab9;G19;Forfait social;2024 (p);7007;MEUR;1000000;700700000000;False;prevision_explicitement_etiquetee;https://www.securite-sociale.fr/files/live/sites/SSFR/files/medias/PLFSS/2024/Annexe%203_Donn%c3%a9es.xlsx
2024;2021;recettes_detaillees;consolide_ROBSS_FSV;III.tab9;B20;Contribution solidarité autonomie (CSA);2021;2878;MEUR;1000000;287800000000;False;serie_documentaire_etape_non_inferree;https://www.securite-sociale.fr/files/live/sites/SSFR/files/medias/PLFSS/2024/Annexe%203_Donn%c3%a9es.xlsx
2024;2022;recettes_detaillees;consolide_ROBSS_FSV;III.tab9;C20;Contribution solidarité autonomie (CSA);2022;3073;MEUR;1000000;307300000000;False;serie_documentaire_etape_non_inferree;https://www.securite-sociale.fr/files/live/sites/SSFR/files/medias/PLFSS/2024/Annexe%203_Donn%c3%a9es.xlsx
2024;2023;recettes_detaillees;consolide_ROBSS_FSV;III.tab9;E20;Contribution solidarité autonomie (CSA);2023 (p);3249;MEUR;1000000;324900000000;False;prevision_explicitement_etiquetee;https://www.securite-sociale.fr/files/live/sites/SSFR/files/medias/PLFSS/2024/Annexe%203_Donn%c3%a9es.xlsx
2024;2024;recettes_detaillees;consolide_ROBSS_FSV;III.tab9;G20;Contribution solidarité autonomie (CSA);2024 (p);3399;MEUR;1000000;339900000000;False;prevision_explicitement_etiquetee;https://www.securite-sociale.fr/files/live/sites/SSFR/files/medias/PLFSS/2024/Annexe%203_Donn%c3%a9es.xlsx
2024;2021;recettes_detaillees;consolide_ROBSS_FSV;III.tab9;B21;Autres;2021;2357;MEUR;1000000;235700000000;False;serie_documentaire_etape_non_inferree;https://www.securite-sociale.fr/files/live/sites/SSFR/files/medias/PLFSS/2024/Annexe%203_Donn%c3%a9es.xlsx
2024;2022;recettes_detaillees;consolide_ROBSS_FSV;III.tab9;C21;Autres;2022;1868;MEUR;1000000;186800000000;False;serie_documentaire_etape_non_inferree;https://www.securite-sociale.fr/files/live/sites/SSFR/files/medias/PLFSS/2024/Annexe%203_Donn%c3%a9es.xlsx
2024;2023;recettes_detaillees;consolide_ROBSS_FSV;III.tab9;E21;Autres;2023 (p);2075;MEUR;1000000;207500000000;False;prevision_explicitement_etiquetee;https://www.securite-sociale.fr/files/live/sites/SSFR/files/medias/PLFSS/2024/Annexe%203_Donn%c3%a9es.xlsx
2024;2024;recettes_detaillees;consolide_ROBSS_FSV;III.tab9;G21;Autres;2024 (p);2738;MEUR;1000000;273800000000;False;prevision_explicitement_etiquetee;https://www.securite-sociale.fr/files/live/sites/SSFR/files/medias/PLFSS/2024/Annexe%203_Donn%c3%a9es.xlsx
2024;2021;recettes_detaillees;consolide_ROBSS_FSV;III.tab9;B22;Impôts et taxes;2021;89625;MEUR;1000000;8962500000000;False;serie_documentaire_etape_non_inferree;https://www.securite-sociale.fr/files/live/sites/SSFR/files/medias/PLFSS/2024/Annexe%203_Donn%c3%a9es.xlsx
2024;2022;recettes_detaillees;consolide_ROBSS_FSV;III.tab9;C22;Impôts et taxes;2022;92081;MEUR;1000000;9208100000000;False;serie_documentaire_etape_non_inferree;https://www.securite-sociale.fr/files/live/sites/SSFR/files/medias/PLFSS/2024/Annexe%203_Donn%c3%a9es.xlsx
2024;2023;recettes_detaillees;consolide_ROBSS_FSV;III.tab9;E22;Impôts et taxes;2023 (p);96529;MEUR;1000000;9652900000000;False;prevision_explicitement_etiquetee;https://www.securite-sociale.fr/files/live/sites/SSFR/files/medias/PLFSS/2024/Annexe%203_Donn%c3%a9es.xlsx
2024;2024;recettes_detaillees;consolide_ROBSS_FSV;III.tab9;G22;Impôts et taxes;2024 (p);100574;MEUR;1000000;10057400000000;False;prevision_explicitement_etiquetee;https://www.securite-sociale.fr/files/live/sites/SSFR/files/medias/PLFSS/2024/Annexe%203_Donn%c3%a9es.xlsx
2024;2021;recettes_detaillees;consolide_ROBSS_FSV;III.tab9;B23;Tabac;2021;14738;MEUR;1000000;1473800000000;False;serie_documentaire_etape_non_inferree;https://www.securite-sociale.fr/files/live/sites/SSFR/files/medias/PLFSS/2024/Annexe%203_Donn%c3%a9es.xlsx
2024;2022;recettes_detaillees;consolide_ROBSS_FSV;III.tab9;C23;Tabac;2022;13765;MEUR;1000000;1376500000000;False;serie_documentaire_etape_non_inferree;https://www.securite-sociale.fr/files/live/sites/SSFR/files/medias/PLFSS/2024/Annexe%203_Donn%c3%a9es.xlsx
2024;2023;recettes_detaillees;consolide_ROBSS_FSV;III.tab9;E23;Tabac;2023 (p);13701;MEUR;1000000;1370100000000;False;prevision_explicitement_etiquetee;https://www.securite-sociale.fr/files/live/sites/SSFR/files/medias/PLFSS/2024/Annexe%203_Donn%c3%a9es.xlsx
2024;2024;recettes_detaillees;consolide_ROBSS_FSV;III.tab9;G23;Tabac;2024 (p);13953;MEUR;1000000;1395300000000;False;prevision_explicitement_etiquetee;https://www.securite-sociale.fr/files/live/sites/SSFR/files/medias/PLFSS/2024/Annexe%203_Donn%c3%a9es.xlsx
2024;2021;recettes_detaillees;consolide_ROBSS_FSV;III.tab9;B24;Taxe sur les salaires;2021;15380;MEUR;1000000;1538000000000;False;serie_documentaire_etape_non_inferree;https://www.securite-sociale.fr/files/live/sites/SSFR/files/medias/PLFSS/2024/Annexe%203_Donn%c3%a9es.xlsx
2024;2022;recettes_detaillees;consolide_ROBSS_FSV;III.tab9;C24;Taxe sur les salaires;2022;16159;MEUR;1000000;1615900000000;False;serie_documentaire_etape_non_inferree;https://www.securite-sociale.fr/files/live/sites/SSFR/files/medias/PLFSS/2024/Annexe%203_Donn%c3%a9es.xlsx
2024;2023;recettes_detaillees;consolide_ROBSS_FSV;III.tab9;E24;Taxe sur les salaires;2023 (p);17386;MEUR;1000000;1738600000000;False;prevision_explicitement_etiquetee;https://www.securite-sociale.fr/files/live/sites/SSFR/files/medias/PLFSS/2024/Annexe%203_Donn%c3%a9es.xlsx
2024;2024;recettes_detaillees;consolide_ROBSS_FSV;III.tab9;G24;Taxe sur les salaires;2024 (p);17993;MEUR;1000000;1799300000000;False;prevision_explicitement_etiquetee;https://www.securite-sociale.fr/files/live/sites/SSFR/files/medias/PLFSS/2024/Annexe%203_Donn%c3%a9es.xlsx
2024;2021;recettes_detaillees;consolide_ROBSS_FSV;III.tab9;B25;TVA nette;2021;44312;MEUR;1000000;4431200000000;False;serie_documentaire_etape_non_inferree;https://www.securite-sociale.fr/files/live/sites/SSFR/files/medias/PLFSS/2024/Annexe%203_Donn%c3%a9es.xlsx
2024;2022;recettes_detaillees;consolide_ROBSS_FSV;III.tab9;C25;TVA nette;2022;46443;MEUR;1000000;4644300000000;False;serie_documentaire_etape_non_inferree;https://www.securite-sociale.fr/files/live/sites/SSFR/files/medias/PLFSS/2024/Annexe%203_Donn%c3%a9es.xlsx
2024;2023;recettes_detaillees;consolide_ROBSS_FSV;III.tab9;E25;TVA nette;2023 (p);49232;MEUR;1000000;4923200000000;False;prevision_explicitement_etiquetee;https://www.securite-sociale.fr/files/live/sites/SSFR/files/medias/PLFSS/2024/Annexe%203_Donn%c3%a9es.xlsx
2024;2024;recettes_detaillees;consolide_ROBSS_FSV;III.tab9;G25;TVA nette;2024 (p);51615;MEUR;1000000;5161500000000;False;prevision_explicitement_etiquetee;https://www.securite-sociale.fr/files/live/sites/SSFR/files/medias/PLFSS/2024/Annexe%203_Donn%c3%a9es.xlsx
2024;2021;recettes_detaillees;consolide_ROBSS_FSV;III.tab9;B26;CSSS (yc additionnelle);2021;3664;MEUR;1000000;366400000000;False;serie_documentaire_etape_non_inferree;https://www.securite-sociale.fr/files/live/sites/SSFR/files/medias/PLFSS/2024/Annexe%203_Donn%c3%a9es.xlsx
2024;2022;recettes_detaillees;consolide_ROBSS_FSV;III.tab9;C26;CSSS (yc additionnelle);2022;4278;MEUR;1000000;427800000000;False;serie_documentaire_etape_non_inferree;https://www.securite-sociale.fr/files/live/sites/SSFR/files/medias/PLFSS/2024/Annexe%203_Donn%c3%a9es.xlsx
2024;2023;recettes_detaillees;consolide_ROBSS_FSV;III.tab9;E26;CSSS (yc additionnelle);2023 (p);4800;MEUR;1000000;480000000000;False;prevision_explicitement_etiquetee;https://www.securite-sociale.fr/files/live/sites/SSFR/files/medias/PLFSS/2024/Annexe%203_Donn%c3%a9es.xlsx
2024;2024;recettes_detaillees;consolide_ROBSS_FSV;III.tab9;G26;CSSS (yc additionnelle);2024 (p);5126;MEUR;1000000;512600000000;False;prevision_explicitement_etiquetee;https://www.securite-sociale.fr/files/live/sites/SSFR/files/medias/PLFSS/2024/Annexe%203_Donn%c3%a9es.xlsx
2024;2021;recettes_detaillees;consolide_ROBSS_FSV;III.tab9;B27;Taxe alcools et boissons non-alcoolisées;2021;4432;MEUR;1000000;443200000000;False;serie_documentaire_etape_non_inferree;https://www.securite-sociale.fr/files/live/sites/SSFR/files/medias/PLFSS/2024/Annexe%203_Donn%c3%a9es.xlsx
2024;2022;recettes_detaillees;consolide_ROBSS_FSV;III.tab9;C27;Taxe alcools et boissons non-alcoolisées;2022;4201;MEUR;1000000;420100000000;False;serie_documentaire_etape_non_inferree;https://www.securite-sociale.fr/files/live/sites/SSFR/files/medias/PLFSS/2024/Annexe%203_Donn%c3%a9es.xlsx
2024;2023;recettes_detaillees;consolide_ROBSS_FSV;III.tab9;E27;Taxe alcools et boissons non-alcoolisées;2023 (p);4351;MEUR;1000000;435100000000;False;prevision_explicitement_etiquetee;https://www.securite-sociale.fr/files/live/sites/SSFR/files/medias/PLFSS/2024/Annexe%203_Donn%c3%a9es.xlsx
2024;2024;recettes_detaillees;consolide_ROBSS_FSV;III.tab9;G27;Taxe alcools et boissons non-alcoolisées;2024 (p);4427;MEUR;1000000;442700000000;False;prevision_explicitement_etiquetee;https://www.securite-sociale.fr/files/live/sites/SSFR/files/medias/PLFSS/2024/Annexe%203_Donn%c3%a9es.xlsx
2024;2021;recettes_detaillees;consolide_ROBSS_FSV;III.tab9;B28;Autres recettes fiscales;2021;7098;MEUR;1000000;709800000000;False;serie_documentaire_etape_non_inferree;https://www.securite-sociale.fr/files/live/sites/SSFR/files/medias/PLFSS/2024/Annexe%203_Donn%c3%a9es.xlsx
2024;2022;recettes_detaillees;consolide_ROBSS_FSV;III.tab9;C28;Autres recettes fiscales;2022;7235;MEUR;1000000;723500000000;False;serie_documentaire_etape_non_inferree;https://www.securite-sociale.fr/files/live/sites/SSFR/files/medias/PLFSS/2024/Annexe%203_Donn%c3%a9es.xlsx
2024;2023;recettes_detaillees;consolide_ROBSS_FSV;III.tab9;E28;Autres recettes fiscales;2023 (p);7060;MEUR;1000000;706000000000;False;prevision_explicitement_etiquetee;https://www.securite-sociale.fr/files/live/sites/SSFR/files/medias/PLFSS/2024/Annexe%203_Donn%c3%a9es.xlsx
2024;2024;recettes_detaillees;consolide_ROBSS_FSV;III.tab9;G28;Autres recettes fiscales;2024 (p);7460;MEUR;1000000;746000000000;False;prevision_explicitement_etiquetee;https://www.securite-sociale.fr/files/live/sites/SSFR/files/medias/PLFSS/2024/Annexe%203_Donn%c3%a9es.xlsx
2024;2021;recettes_detaillees;consolide_ROBSS_FSV;III.tab9;B29;Contribution de l'employeur principal;2021;42323;MEUR;1000000;4232300000000;False;serie_documentaire_etape_non_inferree;https://www.securite-sociale.fr/files/live/sites/SSFR/files/medias/PLFSS/2024/Annexe%203_Donn%c3%a9es.xlsx
2024;2022;recettes_detaillees;consolide_ROBSS_FSV;III.tab9;C29;Contribution de l'employeur principal;2022;44560;MEUR;1000000;4456000000000;False;serie_documentaire_etape_non_inferree;https://www.securite-sociale.fr/files/live/sites/SSFR/files/medias/PLFSS/2024/Annexe%203_Donn%c3%a9es.xlsx
2024;2023;recettes_detaillees;consolide_ROBSS_FSV;III.tab9;E29;Contribution de l'employeur principal;2023 (p);46319;MEUR;1000000;4631900000000;False;prevision_explicitement_etiquetee;https://www.securite-sociale.fr/files/live/sites/SSFR/files/medias/PLFSS/2024/Annexe%203_Donn%c3%a9es.xlsx
2024;2024;recettes_detaillees;consolide_ROBSS_FSV;III.tab9;G29;Contribution de l'employeur principal;2024 (p);49353;MEUR;1000000;4935300000000;False;prevision_explicitement_etiquetee;https://www.securite-sociale.fr/files/live/sites/SSFR/files/medias/PLFSS/2024/Annexe%203_Donn%c3%a9es.xlsx
2024;2021;recettes_detaillees;consolide_ROBSS_FSV;III.tab9;B30;Majorations et pénalités;2021;289;MEUR;1000000;28900000000;False;serie_documentaire_etape_non_inferree;https://www.securite-sociale.fr/files/live/sites/SSFR/files/medias/PLFSS/2024/Annexe%203_Donn%c3%a9es.xlsx
2024;2022;recettes_detaillees;consolide_ROBSS_FSV;III.tab9;C30;Majorations et pénalités;2022;155;MEUR;1000000;15500000000;False;serie_documentaire_etape_non_inferree;https://www.securite-sociale.fr/files/live/sites/SSFR/files/medias/PLFSS/2024/Annexe%203_Donn%c3%a9es.xlsx
2024;2023;recettes_detaillees;consolide_ROBSS_FSV;III.tab9;E30;Majorations et pénalités;2023 (p);242;MEUR;1000000;24200000000;False;prevision_explicitement_etiquetee;https://www.securite-sociale.fr/files/live/sites/SSFR/files/medias/PLFSS/2024/Annexe%203_Donn%c3%a9es.xlsx
2024;2024;recettes_detaillees;consolide_ROBSS_FSV;III.tab9;G30;Majorations et pénalités;2024 (p);298;MEUR;1000000;29800000000;False;prevision_explicitement_etiquetee;https://www.securite-sociale.fr/files/live/sites/SSFR/files/medias/PLFSS/2024/Annexe%203_Donn%c3%a9es.xlsx
2024;2021;recettes_detaillees;consolide_ROBSS_FSV;III.tab9;B31;Charges liées au non-recouvrement;2021;-433;MEUR;1000000;-43300000000;False;serie_documentaire_etape_non_inferree;https://www.securite-sociale.fr/files/live/sites/SSFR/files/medias/PLFSS/2024/Annexe%203_Donn%c3%a9es.xlsx
2024;2022;recettes_detaillees;consolide_ROBSS_FSV;III.tab9;C31;Charges liées au non-recouvrement;2022;-1294;MEUR;1000000;-129400000000;False;serie_documentaire_etape_non_inferree;https://www.securite-sociale.fr/files/live/sites/SSFR/files/medias/PLFSS/2024/Annexe%203_Donn%c3%a9es.xlsx
2024;2023;recettes_detaillees;consolide_ROBSS_FSV;III.tab9;E31;Charges liées au non-recouvrement;2023 (p);-1694;MEUR;1000000;-169400000000;False;prevision_explicitement_etiquetee;https://www.securite-sociale.fr/files/live/sites/SSFR/files/medias/PLFSS/2024/Annexe%203_Donn%c3%a9es.xlsx
2024;2024;recettes_detaillees;consolide_ROBSS_FSV;III.tab9;G31;Charges liées au non-recouvrement;2024 (p);-1905;MEUR;1000000;-190500000000;False;prevision_explicitement_etiquetee;https://www.securite-sociale.fr/files/live/sites/SSFR/files/medias/PLFSS/2024/Annexe%203_Donn%c3%a9es.xlsx
2024;2021;recettes_detaillees;consolide_ROBSS_FSV;III.tab9;B32;Sur cotisations sociales;2021;-276;MEUR;1000000;-27600000000;False;serie_documentaire_etape_non_inferree;https://www.securite-sociale.fr/files/live/sites/SSFR/files/medias/PLFSS/2024/Annexe%203_Donn%c3%a9es.xlsx
2024;2022;recettes_detaillees;consolide_ROBSS_FSV;III.tab9;C32;Sur cotisations sociales;2022;-1138;MEUR;1000000;-113800000000;False;serie_documentaire_etape_non_inferree;https://www.securite-sociale.fr/files/live/sites/SSFR/files/medias/PLFSS/2024/Annexe%203_Donn%c3%a9es.xlsx
2024;2023;recettes_detaillees;consolide_ROBSS_FSV;III.tab9;E32;Sur cotisations sociales;2023 (p);-893;MEUR;1000000;-89300000000;False;prevision_explicitement_etiquetee;https://www.securite-sociale.fr/files/live/sites/SSFR/files/medias/PLFSS/2024/Annexe%203_Donn%c3%a9es.xlsx
2024;2024;recettes_detaillees;consolide_ROBSS_FSV;III.tab9;G32;Sur cotisations sociales;2024 (p);-1351;MEUR;1000000;-135100000000;False;prevision_explicitement_etiquetee;https://www.securite-sociale.fr/files/live/sites/SSFR/files/medias/PLFSS/2024/Annexe%203_Donn%c3%a9es.xlsx
2024;2021;recettes_detaillees;consolide_ROBSS_FSV;III.tab9;B33;Sur CSG (hors capital);2021;-17;MEUR;1000000;-1700000000;False;serie_documentaire_etape_non_inferree;https://www.securite-sociale.fr/files/live/sites/SSFR/files/medias/PLFSS/2024/Annexe%203_Donn%c3%a9es.xlsx
2024;2022;recettes_detaillees;consolide_ROBSS_FSV;III.tab9;C33;Sur CSG (hors capital);2022;50;MEUR;1000000;5000000000;False;serie_documentaire_etape_non_inferree;https://www.securite-sociale.fr/files/live/sites/SSFR/files/medias/PLFSS/2024/Annexe%203_Donn%c3%a9es.xlsx
2024;2023;recettes_detaillees;consolide_ROBSS_FSV;III.tab9;E33;Sur CSG (hors capital);2023 (p);-590;MEUR;1000000;-59000000000;False;prevision_explicitement_etiquetee;https://www.securite-sociale.fr/files/live/sites/SSFR/files/medias/PLFSS/2024/Annexe%203_Donn%c3%a9es.xlsx
2024;2024;recettes_detaillees;consolide_ROBSS_FSV;III.tab9;G33;Sur CSG (hors capital);2024 (p);-326;MEUR;1000000;-32600000000;False;prevision_explicitement_etiquetee;https://www.securite-sociale.fr/files/live/sites/SSFR/files/medias/PLFSS/2024/Annexe%203_Donn%c3%a9es.xlsx
2024;2021;recettes_detaillees;consolide_ROBSS_FSV;III.tab9;B34;Sur autres produits;2021;-140;MEUR;1000000;-14000000000;False;serie_documentaire_etape_non_inferree;https://www.securite-sociale.fr/files/live/sites/SSFR/files/medias/PLFSS/2024/Annexe%203_Donn%c3%a9es.xlsx
2024;2022;recettes_detaillees;consolide_ROBSS_FSV;III.tab9;C34;Sur autres produits;2022;-206;MEUR;1000000;-20600000000;False;serie_documentaire_etape_non_inferree;https://www.securite-sociale.fr/files/live/sites/SSFR/files/medias/PLFSS/2024/Annexe%203_Donn%c3%a9es.xlsx
2024;2023;recettes_detaillees;consolide_ROBSS_FSV;III.tab9;E34;Sur autres produits;2023 (p);-212;MEUR;1000000;-21200000000;False;prevision_explicitement_etiquetee;https://www.securite-sociale.fr/files/live/sites/SSFR/files/medias/PLFSS/2024/Annexe%203_Donn%c3%a9es.xlsx
2024;2024;recettes_detaillees;consolide_ROBSS_FSV;III.tab9;G34;Sur autres produits;2024 (p);-228;MEUR;1000000;-22800000000;False;prevision_explicitement_etiquetee;https://www.securite-sociale.fr/files/live/sites/SSFR/files/medias/PLFSS/2024/Annexe%203_Donn%c3%a9es.xlsx
2024;2021;recettes_detaillees;consolide_ROBSS_FSV;III.tab9;B35;TRANSFERTS NETS;2021;11272;MEUR;1000000;1127200000000;False;serie_documentaire_etape_non_inferree;https://www.securite-sociale.fr/files/live/sites/SSFR/files/medias/PLFSS/2024/Annexe%203_Donn%c3%a9es.xlsx
2024;2022;recettes_detaillees;consolide_ROBSS_FSV;III.tab9;C35;TRANSFERTS NETS;2022;11449;MEUR;1000000;1144900000000;False;serie_documentaire_etape_non_inferree;https://www.securite-sociale.fr/files/live/sites/SSFR/files/medias/PLFSS/2024/Annexe%203_Donn%c3%a9es.xlsx
2024;2023;recettes_detaillees;consolide_ROBSS_FSV;III.tab9;E35;TRANSFERTS NETS;2023 (p);12668;MEUR;1000000;1266800000000;False;prevision_explicitement_etiquetee;https://www.securite-sociale.fr/files/live/sites/SSFR/files/medias/PLFSS/2024/Annexe%203_Donn%c3%a9es.xlsx
2024;2024;recettes_detaillees;consolide_ROBSS_FSV;III.tab9;G35;TRANSFERTS NETS;2024 (p);12088;MEUR;1000000;1208800000000;False;prevision_explicitement_etiquetee;https://www.securite-sociale.fr/files/live/sites/SSFR/files/medias/PLFSS/2024/Annexe%203_Donn%c3%a9es.xlsx
2024;2021;recettes_detaillees;consolide_ROBSS_FSV;III.tab9;B36;Tranferts avec régimes de base;2021;925;MEUR;1000000;92500000000;False;serie_documentaire_etape_non_inferree;https://www.securite-sociale.fr/files/live/sites/SSFR/files/medias/PLFSS/2024/Annexe%203_Donn%c3%a9es.xlsx
2024;2022;recettes_detaillees;consolide_ROBSS_FSV;III.tab9;C36;Tranferts avec régimes de base;2022;327;MEUR;1000000;32700000000;False;serie_documentaire_etape_non_inferree;https://www.securite-sociale.fr/files/live/sites/SSFR/files/medias/PLFSS/2024/Annexe%203_Donn%c3%a9es.xlsx
2024;2023;recettes_detaillees;consolide_ROBSS_FSV;III.tab9;E36;Tranferts avec régimes de base;2023 (p);113;MEUR;1000000;11300000000;False;prevision_explicitement_etiquetee;https://www.securite-sociale.fr/files/live/sites/SSFR/files/medias/PLFSS/2024/Annexe%203_Donn%c3%a9es.xlsx
2024;2024;recettes_detaillees;consolide_ROBSS_FSV;III.tab9;G36;Tranferts avec régimes de base;2024 (p);100;MEUR;1000000;10000000000;False;prevision_explicitement_etiquetee;https://www.securite-sociale.fr/files/live/sites/SSFR/files/medias/PLFSS/2024/Annexe%203_Donn%c3%a9es.xlsx
2024;2021;recettes_detaillees;consolide_ROBSS_FSV;III.tab9;B37;Transferts avec les fonds;2021;1441;MEUR;1000000;144100000000;False;serie_documentaire_etape_non_inferree;https://www.securite-sociale.fr/files/live/sites/SSFR/files/medias/PLFSS/2024/Annexe%203_Donn%c3%a9es.xlsx
2024;2022;recettes_detaillees;consolide_ROBSS_FSV;III.tab9;C37;Transferts avec les fonds;2022;761;MEUR;1000000;76100000000;False;serie_documentaire_etape_non_inferree;https://www.securite-sociale.fr/files/live/sites/SSFR/files/medias/PLFSS/2024/Annexe%203_Donn%c3%a9es.xlsx
2024;2023;recettes_detaillees;consolide_ROBSS_FSV;III.tab9;E37;Transferts avec les fonds;2023 (p);1394;MEUR;1000000;139400000000;False;prevision_explicitement_etiquetee;https://www.securite-sociale.fr/files/live/sites/SSFR/files/medias/PLFSS/2024/Annexe%203_Donn%c3%a9es.xlsx
2024;2024;recettes_detaillees;consolide_ROBSS_FSV;III.tab9;G37;Transferts avec les fonds;2024 (p);1397;MEUR;1000000;139700000000;False;prevision_explicitement_etiquetee;https://www.securite-sociale.fr/files/live/sites/SSFR/files/medias/PLFSS/2024/Annexe%203_Donn%c3%a9es.xlsx
2024;2021;recettes_detaillees;consolide_ROBSS_FSV;III.tab9;B38;Contributions publiques;2021;7627;MEUR;1000000;762700000000;False;serie_documentaire_etape_non_inferree;https://www.securite-sociale.fr/files/live/sites/SSFR/files/medias/PLFSS/2024/Annexe%203_Donn%c3%a9es.xlsx
2024;2022;recettes_detaillees;consolide_ROBSS_FSV;III.tab9;C38;Contributions publiques;2022;8991;MEUR;1000000;899100000000;False;serie_documentaire_etape_non_inferree;https://www.securite-sociale.fr/files/live/sites/SSFR/files/medias/PLFSS/2024/Annexe%203_Donn%c3%a9es.xlsx
2024;2023;recettes_detaillees;consolide_ROBSS_FSV;III.tab9;E38;Contributions publiques;2023 (p);9664;MEUR;1000000;966400000000;False;prevision_explicitement_etiquetee;https://www.securite-sociale.fr/files/live/sites/SSFR/files/medias/PLFSS/2024/Annexe%203_Donn%c3%a9es.xlsx
2024;2024;recettes_detaillees;consolide_ROBSS_FSV;III.tab9;G38;Contributions publiques;2024 (p);8974;MEUR;1000000;897400000000;False;prevision_explicitement_etiquetee;https://www.securite-sociale.fr/files/live/sites/SSFR/files/medias/PLFSS/2024/Annexe%203_Donn%c3%a9es.xlsx
2024;2021;recettes_detaillees;consolide_ROBSS_FSV;III.tab9;B39;Transferts avec les complémentaires;2021;1278;MEUR;1000000;127800000000;False;serie_documentaire_etape_non_inferree;https://www.securite-sociale.fr/files/live/sites/SSFR/files/medias/PLFSS/2024/Annexe%203_Donn%c3%a9es.xlsx
2024;2022;recettes_detaillees;consolide_ROBSS_FSV;III.tab9;C39;Transferts avec les complémentaires;2022;1369;MEUR;1000000;136900000000;False;serie_documentaire_etape_non_inferree;https://www.securite-sociale.fr/files/live/sites/SSFR/files/medias/PLFSS/2024/Annexe%203_Donn%c3%a9es.xlsx
2024;2023;recettes_detaillees;consolide_ROBSS_FSV;III.tab9;E39;Transferts avec les complémentaires;2023 (p);1497;MEUR;1000000;149700000000;False;prevision_explicitement_etiquetee;https://www.securite-sociale.fr/files/live/sites/SSFR/files/medias/PLFSS/2024/Annexe%203_Donn%c3%a9es.xlsx
2024;2024;recettes_detaillees;consolide_ROBSS_FSV;III.tab9;G39;Transferts avec les complémentaires;2024 (p);1617;MEUR;1000000;161700000000;False;prevision_explicitement_etiquetee;https://www.securite-sociale.fr/files/live/sites/SSFR/files/medias/PLFSS/2024/Annexe%203_Donn%c3%a9es.xlsx
2024;2021;recettes_detaillees;consolide_ROBSS_FSV;III.tab9;B40;AUTRES PRODUITS NETS;2021;10720;MEUR;1000000;1072000000000;False;serie_documentaire_etape_non_inferree;https://www.securite-sociale.fr/files/live/sites/SSFR/files/medias/PLFSS/2024/Annexe%203_Donn%c3%a9es.xlsx
2024;2022;recettes_detaillees;consolide_ROBSS_FSV;III.tab9;C40;AUTRES PRODUITS NETS;2022;12994;MEUR;1000000;1299400000000;False;serie_documentaire_etape_non_inferree;https://www.securite-sociale.fr/files/live/sites/SSFR/files/medias/PLFSS/2024/Annexe%203_Donn%c3%a9es.xlsx
2024;2023;recettes_detaillees;consolide_ROBSS_FSV;III.tab9;E40;AUTRES PRODUITS NETS;2023 (p);15410;MEUR;1000000;1541000000000;False;prevision_explicitement_etiquetee;https://www.securite-sociale.fr/files/live/sites/SSFR/files/medias/PLFSS/2024/Annexe%203_Donn%c3%a9es.xlsx
2024;2024;recettes_detaillees;consolide_ROBSS_FSV;III.tab9;G40;AUTRES PRODUITS NETS;2024 (p);17508;MEUR;1000000;1750800000000;False;prevision_explicitement_etiquetee;https://www.securite-sociale.fr/files/live/sites/SSFR/files/medias/PLFSS/2024/Annexe%203_Donn%c3%a9es.xlsx
2024;2020;depenses_detaillees;consolide_ROBSS_FSV;III.tab14;B4;Prestations sociales nettes;2020;510167;MEUR;1000000;51016700000000;False;serie_documentaire_etape_non_inferree;https://www.securite-sociale.fr/files/live/sites/SSFR/files/medias/PLFSS/2024/Annexe%203_Donn%c3%a9es.xlsx
2024;2021;depenses_detaillees;consolide_ROBSS_FSV;III.tab14;C4;Prestations sociales nettes;2021;533391;MEUR;1000000;53339100000000;False;serie_documentaire_etape_non_inferree;https://www.securite-sociale.fr/files/live/sites/SSFR/files/medias/PLFSS/2024/Annexe%203_Donn%c3%a9es.xlsx
2024;2022;depenses_detaillees;consolide_ROBSS_FSV;III.tab14;D4;Prestations sociales nettes;2022;556419;MEUR;1000000;55641900000000;False;serie_documentaire_etape_non_inferree;https://www.securite-sociale.fr/files/live/sites/SSFR/files/medias/PLFSS/2024/Annexe%203_Donn%c3%a9es.xlsx
2024;2023;depenses_detaillees;consolide_ROBSS_FSV;III.tab14;G4;Prestations sociales nettes;2023 (p);576020;MEUR;1000000;57602000000000;False;prevision_explicitement_etiquetee;https://www.securite-sociale.fr/files/live/sites/SSFR/files/medias/PLFSS/2024/Annexe%203_Donn%c3%a9es.xlsx
2024;2024;depenses_detaillees;consolide_ROBSS_FSV;III.tab14;I4;Prestations sociales nettes;2024 (p);606361;MEUR;1000000;60636100000000;False;prevision_explicitement_etiquetee;https://www.securite-sociale.fr/files/live/sites/SSFR/files/medias/PLFSS/2024/Annexe%203_Donn%c3%a9es.xlsx
2024;2020;depenses_detaillees;consolide_ROBSS_FSV;III.tab14;B5;Prestations légales;2020;503826;MEUR;1000000;50382600000000;False;serie_documentaire_etape_non_inferree;https://www.securite-sociale.fr/files/live/sites/SSFR/files/medias/PLFSS/2024/Annexe%203_Donn%c3%a9es.xlsx
2024;2021;depenses_detaillees;consolide_ROBSS_FSV;III.tab14;C5;Prestations légales;2021;526881;MEUR;1000000;52688100000000;False;serie_documentaire_etape_non_inferree;https://www.securite-sociale.fr/files/live/sites/SSFR/files/medias/PLFSS/2024/Annexe%203_Donn%c3%a9es.xlsx
2024;2022;depenses_detaillees;consolide_ROBSS_FSV;III.tab14;D5;Prestations légales;2022;549208;MEUR;1000000;54920800000000;False;serie_documentaire_etape_non_inferree;https://www.securite-sociale.fr/files/live/sites/SSFR/files/medias/PLFSS/2024/Annexe%203_Donn%c3%a9es.xlsx
2024;2023;depenses_detaillees;consolide_ROBSS_FSV;III.tab14;G5;Prestations légales;2023 (p);568503;MEUR;1000000;56850300000000;False;prevision_explicitement_etiquetee;https://www.securite-sociale.fr/files/live/sites/SSFR/files/medias/PLFSS/2024/Annexe%203_Donn%c3%a9es.xlsx
2024;2024;depenses_detaillees;consolide_ROBSS_FSV;III.tab14;I5;Prestations légales;2024 (p);598414;MEUR;1000000;59841400000000;False;prevision_explicitement_etiquetee;https://www.securite-sociale.fr/files/live/sites/SSFR/files/medias/PLFSS/2024/Annexe%203_Donn%c3%a9es.xlsx
2024;2020;depenses_detaillees;consolide_ROBSS_FSV;III.tab14;B6;Prestations extralégales;2020;6340;MEUR;1000000;634000000000;False;serie_documentaire_etape_non_inferree;https://www.securite-sociale.fr/files/live/sites/SSFR/files/medias/PLFSS/2024/Annexe%203_Donn%c3%a9es.xlsx
2024;2021;depenses_detaillees;consolide_ROBSS_FSV;III.tab14;C6;Prestations extralégales;2021;6510;MEUR;1000000;651000000000;False;serie_documentaire_etape_non_inferree;https://www.securite-sociale.fr/files/live/sites/SSFR/files/medias/PLFSS/2024/Annexe%203_Donn%c3%a9es.xlsx
2024;2022;depenses_detaillees;consolide_ROBSS_FSV;III.tab14;D6;Prestations extralégales;2022;7211;MEUR;1000000;721100000000;False;serie_documentaire_etape_non_inferree;https://www.securite-sociale.fr/files/live/sites/SSFR/files/medias/PLFSS/2024/Annexe%203_Donn%c3%a9es.xlsx
2024;2023;depenses_detaillees;consolide_ROBSS_FSV;III.tab14;G6;Prestations extralégales;2023 (p);7517;MEUR;1000000;751700000000;False;prevision_explicitement_etiquetee;https://www.securite-sociale.fr/files/live/sites/SSFR/files/medias/PLFSS/2024/Annexe%203_Donn%c3%a9es.xlsx
2024;2024;depenses_detaillees;consolide_ROBSS_FSV;III.tab14;I6;Prestations extralégales;2024 (p);7947;MEUR;1000000;794700000000;False;prevision_explicitement_etiquetee;https://www.securite-sociale.fr/files/live/sites/SSFR/files/medias/PLFSS/2024/Annexe%203_Donn%c3%a9es.xlsx
2024;2020;depenses_detaillees;consolide_ROBSS_FSV;III.tab14;B7;Transferts versés nets;2020;13406;MEUR;1000000;1340600000000;False;serie_documentaire_etape_non_inferree;https://www.securite-sociale.fr/files/live/sites/SSFR/files/medias/PLFSS/2024/Annexe%203_Donn%c3%a9es.xlsx
2024;2021;depenses_detaillees;consolide_ROBSS_FSV;III.tab14;C7;Transferts versés nets;2021;20235;MEUR;1000000;2023500000000;False;serie_documentaire_etape_non_inferree;https://www.securite-sociale.fr/files/live/sites/SSFR/files/medias/PLFSS/2024/Annexe%203_Donn%c3%a9es.xlsx
2024;2022;depenses_detaillees;consolide_ROBSS_FSV;III.tab14;D7;Transferts versés nets;2022;21100;MEUR;1000000;2110000000000;False;serie_documentaire_etape_non_inferree;https://www.securite-sociale.fr/files/live/sites/SSFR/files/medias/PLFSS/2024/Annexe%203_Donn%c3%a9es.xlsx
2024;2023;depenses_detaillees;consolide_ROBSS_FSV;III.tab14;G7;Transferts versés nets;2023 (p);20076;MEUR;1000000;2007600000000;False;prevision_explicitement_etiquetee;https://www.securite-sociale.fr/files/live/sites/SSFR/files/medias/PLFSS/2024/Annexe%203_Donn%c3%a9es.xlsx
2024;2024;depenses_detaillees;consolide_ROBSS_FSV;III.tab14;I7;Transferts versés nets;2024 (p);20203;MEUR;1000000;2020300000000;False;prevision_explicitement_etiquetee;https://www.securite-sociale.fr/files/live/sites/SSFR/files/medias/PLFSS/2024/Annexe%203_Donn%c3%a9es.xlsx
2024;2020;depenses_detaillees;consolide_ROBSS_FSV;III.tab14;B8;Transferts vers les régimes de base;2020;546;MEUR;1000000;54600000000;False;serie_documentaire_etape_non_inferree;https://www.securite-sociale.fr/files/live/sites/SSFR/files/medias/PLFSS/2024/Annexe%203_Donn%c3%a9es.xlsx
2024;2021;depenses_detaillees;consolide_ROBSS_FSV;III.tab14;C8;Transferts vers les régimes de base;2021;770;MEUR;1000000;77000000000;False;serie_documentaire_etape_non_inferree;https://www.securite-sociale.fr/files/live/sites/SSFR/files/medias/PLFSS/2024/Annexe%203_Donn%c3%a9es.xlsx
2024;2022;depenses_detaillees;consolide_ROBSS_FSV;III.tab14;D8;Transferts vers les régimes de base;2022;1213;MEUR;1000000;121300000000;False;serie_documentaire_etape_non_inferree;https://www.securite-sociale.fr/files/live/sites/SSFR/files/medias/PLFSS/2024/Annexe%203_Donn%c3%a9es.xlsx
2024;2023;depenses_detaillees;consolide_ROBSS_FSV;III.tab14;G8;Transferts vers les régimes de base;2023 (p);2180;MEUR;1000000;218000000000;False;prevision_explicitement_etiquetee;https://www.securite-sociale.fr/files/live/sites/SSFR/files/medias/PLFSS/2024/Annexe%203_Donn%c3%a9es.xlsx
2024;2024;depenses_detaillees;consolide_ROBSS_FSV;III.tab14;I8;Transferts vers les régimes de base;2024 (p);2446;MEUR;1000000;244600000000;False;prevision_explicitement_etiquetee;https://www.securite-sociale.fr/files/live/sites/SSFR/files/medias/PLFSS/2024/Annexe%203_Donn%c3%a9es.xlsx
2024;2020;depenses_detaillees;consolide_ROBSS_FSV;III.tab14;B9;Transferts vers les fonds;2020;10375;MEUR;1000000;1037500000000;False;serie_documentaire_etape_non_inferree;https://www.securite-sociale.fr/files/live/sites/SSFR/files/medias/PLFSS/2024/Annexe%203_Donn%c3%a9es.xlsx
2024;2021;depenses_detaillees;consolide_ROBSS_FSV;III.tab14;C9;Transferts vers les fonds;2021;12880;MEUR;1000000;1288000000000;False;serie_documentaire_etape_non_inferree;https://www.securite-sociale.fr/files/live/sites/SSFR/files/medias/PLFSS/2024/Annexe%203_Donn%c3%a9es.xlsx
2024;2022;depenses_detaillees;consolide_ROBSS_FSV;III.tab14;D9;Transferts vers les fonds;2022;12278;MEUR;1000000;1227800000000;False;serie_documentaire_etape_non_inferree;https://www.securite-sociale.fr/files/live/sites/SSFR/files/medias/PLFSS/2024/Annexe%203_Donn%c3%a9es.xlsx
2024;2023;depenses_detaillees;consolide_ROBSS_FSV;III.tab14;G9;Transferts vers les fonds;2023 (p);9804;MEUR;1000000;980400000000;False;prevision_explicitement_etiquetee;https://www.securite-sociale.fr/files/live/sites/SSFR/files/medias/PLFSS/2024/Annexe%203_Donn%c3%a9es.xlsx
2024;2024;depenses_detaillees;consolide_ROBSS_FSV;III.tab14;I9;Transferts vers les fonds;2024 (p);9387;MEUR;1000000;938700000000;False;prevision_explicitement_etiquetee;https://www.securite-sociale.fr/files/live/sites/SSFR/files/medias/PLFSS/2024/Annexe%203_Donn%c3%a9es.xlsx
2024;2021;depenses_detaillees;consolide_ROBSS_FSV;III.tab14;C10;Transferts vers les départements;2021;3413;MEUR;1000000;341300000000;False;serie_documentaire_etape_non_inferree;https://www.securite-sociale.fr/files/live/sites/SSFR/files/medias/PLFSS/2024/Annexe%203_Donn%c3%a9es.xlsx
2024;2022;depenses_detaillees;consolide_ROBSS_FSV;III.tab14;D10;Transferts vers les départements;2022;3895;MEUR;1000000;389500000000;False;serie_documentaire_etape_non_inferree;https://www.securite-sociale.fr/files/live/sites/SSFR/files/medias/PLFSS/2024/Annexe%203_Donn%c3%a9es.xlsx
2024;2023;depenses_detaillees;consolide_ROBSS_FSV;III.tab14;G10;Transferts vers les départements;2023 (p);4156;MEUR;1000000;415600000000;False;prevision_explicitement_etiquetee;https://www.securite-sociale.fr/files/live/sites/SSFR/files/medias/PLFSS/2024/Annexe%203_Donn%c3%a9es.xlsx
2024;2024;depenses_detaillees;consolide_ROBSS_FSV;III.tab14;I10;Transferts vers les départements;2024 (p);4388;MEUR;1000000;438800000000;False;prevision_explicitement_etiquetee;https://www.securite-sociale.fr/files/live/sites/SSFR/files/medias/PLFSS/2024/Annexe%203_Donn%c3%a9es.xlsx
2024;2020;depenses_detaillees;consolide_ROBSS_FSV;III.tab14;B11;Autres transferts;2020;2486;MEUR;1000000;248600000000;False;serie_documentaire_etape_non_inferree;https://www.securite-sociale.fr/files/live/sites/SSFR/files/medias/PLFSS/2024/Annexe%203_Donn%c3%a9es.xlsx
2024;2021;depenses_detaillees;consolide_ROBSS_FSV;III.tab14;C11;Autres transferts;2021;3172;MEUR;1000000;317200000000;False;serie_documentaire_etape_non_inferree;https://www.securite-sociale.fr/files/live/sites/SSFR/files/medias/PLFSS/2024/Annexe%203_Donn%c3%a9es.xlsx
2024;2022;depenses_detaillees;consolide_ROBSS_FSV;III.tab14;D11;Autres transferts;2022;3714;MEUR;1000000;371400000000;False;serie_documentaire_etape_non_inferree;https://www.securite-sociale.fr/files/live/sites/SSFR/files/medias/PLFSS/2024/Annexe%203_Donn%c3%a9es.xlsx
2024;2023;depenses_detaillees;consolide_ROBSS_FSV;III.tab14;G11;Autres transferts;2023 (p);3935;MEUR;1000000;393500000000;False;prevision_explicitement_etiquetee;https://www.securite-sociale.fr/files/live/sites/SSFR/files/medias/PLFSS/2024/Annexe%203_Donn%c3%a9es.xlsx
2024;2024;depenses_detaillees;consolide_ROBSS_FSV;III.tab14;I11;Autres transferts;2024 (p);3983;MEUR;1000000;398300000000;False;prevision_explicitement_etiquetee;https://www.securite-sociale.fr/files/live/sites/SSFR/files/medias/PLFSS/2024/Annexe%203_Donn%c3%a9es.xlsx
2024;2020;depenses_detaillees;consolide_ROBSS_FSV;III.tab14;B12;Charges de gestion courante;2020;12997;MEUR;1000000;1299700000000;False;serie_documentaire_etape_non_inferree;https://www.securite-sociale.fr/files/live/sites/SSFR/files/medias/PLFSS/2024/Annexe%203_Donn%c3%a9es.xlsx
2024;2021;depenses_detaillees;consolide_ROBSS_FSV;III.tab14;C12;Charges de gestion courante;2021;13271;MEUR;1000000;1327100000000;False;serie_documentaire_etape_non_inferree;https://www.securite-sociale.fr/files/live/sites/SSFR/files/medias/PLFSS/2024/Annexe%203_Donn%c3%a9es.xlsx
2024;2022;depenses_detaillees;consolide_ROBSS_FSV;III.tab14;D12;Charges de gestion courante;2022;13725;MEUR;1000000;1372500000000;False;serie_documentaire_etape_non_inferree;https://www.securite-sociale.fr/files/live/sites/SSFR/files/medias/PLFSS/2024/Annexe%203_Donn%c3%a9es.xlsx
2024;2023;depenses_detaillees;consolide_ROBSS_FSV;III.tab14;G12;Charges de gestion courante;2023 (p);13880;MEUR;1000000;1388000000000;False;prevision_explicitement_etiquetee;https://www.securite-sociale.fr/files/live/sites/SSFR/files/medias/PLFSS/2024/Annexe%203_Donn%c3%a9es.xlsx
2024;2024;depenses_detaillees;consolide_ROBSS_FSV;III.tab14;I12;Charges de gestion courante;2024 (p);14164;MEUR;1000000;1416400000000;False;prevision_explicitement_etiquetee;https://www.securite-sociale.fr/files/live/sites/SSFR/files/medias/PLFSS/2024/Annexe%203_Donn%c3%a9es.xlsx
2024;2020;depenses_detaillees;consolide_ROBSS_FSV;III.tab14;B13;Charges financières;2020;118;MEUR;1000000;11800000000;False;serie_documentaire_etape_non_inferree;https://www.securite-sociale.fr/files/live/sites/SSFR/files/medias/PLFSS/2024/Annexe%203_Donn%c3%a9es.xlsx
2024;2021;depenses_detaillees;consolide_ROBSS_FSV;III.tab14;C13;Charges financières;2021;143;MEUR;1000000;14300000000;False;serie_documentaire_etape_non_inferree;https://www.securite-sociale.fr/files/live/sites/SSFR/files/medias/PLFSS/2024/Annexe%203_Donn%c3%a9es.xlsx
2024;2022;depenses_detaillees;consolide_ROBSS_FSV;III.tab14;D13;Charges financières;2022;598;MEUR;1000000;59800000000;False;serie_documentaire_etape_non_inferree;https://www.securite-sociale.fr/files/live/sites/SSFR/files/medias/PLFSS/2024/Annexe%203_Donn%c3%a9es.xlsx
2024;2023;depenses_detaillees;consolide_ROBSS_FSV;III.tab14;G13;Charges financières;2023 (p);798;MEUR;1000000;79800000000;False;prevision_explicitement_etiquetee;https://www.securite-sociale.fr/files/live/sites/SSFR/files/medias/PLFSS/2024/Annexe%203_Donn%c3%a9es.xlsx
2024;2024;depenses_detaillees;consolide_ROBSS_FSV;III.tab14;I13;Charges financières;2024 (p);986;MEUR;1000000;98600000000;False;prevision_explicitement_etiquetee;https://www.securite-sociale.fr/files/live/sites/SSFR/files/medias/PLFSS/2024/Annexe%203_Donn%c3%a9es.xlsx
2024;2020;depenses_detaillees;consolide_ROBSS_FSV;III.tab14;B14;Autres charges;2020;239;MEUR;1000000;23900000000;False;serie_documentaire_etape_non_inferree;https://www.securite-sociale.fr/files/live/sites/SSFR/files/medias/PLFSS/2024/Annexe%203_Donn%c3%a9es.xlsx
2024;2021;depenses_detaillees;consolide_ROBSS_FSV;III.tab14;C14;Autres charges;2021;245;MEUR;1000000;24500000000;False;serie_documentaire_etape_non_inferree;https://www.securite-sociale.fr/files/live/sites/SSFR/files/medias/PLFSS/2024/Annexe%203_Donn%c3%a9es.xlsx
2024;2022;depenses_detaillees;consolide_ROBSS_FSV;III.tab14;D14;Autres charges;2022;275;MEUR;1000000;27500000000;False;serie_documentaire_etape_non_inferree;https://www.securite-sociale.fr/files/live/sites/SSFR/files/medias/PLFSS/2024/Annexe%203_Donn%c3%a9es.xlsx
2024;2023;depenses_detaillees;consolide_ROBSS_FSV;III.tab14;G14;Autres charges;2023 (p);105;MEUR;1000000;10500000000;False;prevision_explicitement_etiquetee;https://www.securite-sociale.fr/files/live/sites/SSFR/files/medias/PLFSS/2024/Annexe%203_Donn%c3%a9es.xlsx
2024;2024;depenses_detaillees;consolide_ROBSS_FSV;III.tab14;I14;Autres charges;2024 (p);103;MEUR;1000000;10300000000;False;prevision_explicitement_etiquetee;https://www.securite-sociale.fr/files/live/sites/SSFR/files/medias/PLFSS/2024/Annexe%203_Donn%c3%a9es.xlsx
2024;2020;depenses_detaillees;consolide_ROBSS_FSV;III.tab14;B15;"Ensemble des charges nettes 
des régimes de base et du FSV";2020;536927;MEUR;1000000;53692700000000;False;serie_documentaire_etape_non_inferree;https://www.securite-sociale.fr/files/live/sites/SSFR/files/medias/PLFSS/2024/Annexe%203_Donn%c3%a9es.xlsx
2024;2021;depenses_detaillees;consolide_ROBSS_FSV;III.tab14;C15;"Ensemble des charges nettes 
des régimes de base et du FSV";2021;567285;MEUR;1000000;56728500000000;False;serie_documentaire_etape_non_inferree;https://www.securite-sociale.fr/files/live/sites/SSFR/files/medias/PLFSS/2024/Annexe%203_Donn%c3%a9es.xlsx
2024;2022;depenses_detaillees;consolide_ROBSS_FSV;III.tab14;D15;"Ensemble des charges nettes 
des régimes de base et du FSV";2022;592117;MEUR;1000000;59211700000000;False;serie_documentaire_etape_non_inferree;https://www.securite-sociale.fr/files/live/sites/SSFR/files/medias/PLFSS/2024/Annexe%203_Donn%c3%a9es.xlsx
2024;2023;depenses_detaillees;consolide_ROBSS_FSV;III.tab14;G15;"Ensemble des charges nettes 
des régimes de base et du FSV";2023 (p);610879;MEUR;1000000;61087900000000;False;prevision_explicitement_etiquetee;https://www.securite-sociale.fr/files/live/sites/SSFR/files/medias/PLFSS/2024/Annexe%203_Donn%c3%a9es.xlsx
2024;2024;depenses_detaillees;consolide_ROBSS_FSV;III.tab14;I15;"Ensemble des charges nettes 
des régimes de base et du FSV";2024 (p);641817;MEUR;1000000;64181700000000;False;prevision_explicitement_etiquetee;https://www.securite-sociale.fr/files/live/sites/SSFR/files/medias/PLFSS/2024/Annexe%203_Donn%c3%a9es.xlsx
2022;2019;comptes_fonds_reserves;FRR;FRR tab_2;C4;PRODUITS NETS;2019;3231;MEUR;1000000;323100000000;False;serie_documentaire_etape_non_inferree;https://www.securite-sociale.fr/files/live/sites/SSFR/files/Annexe%207.xlsx
2022;2020;comptes_fonds_reserves;FRR;FRR tab_2;D4;PRODUITS NETS;2020;4189;MEUR;1000000;418900000000;False;serie_documentaire_etape_non_inferree;https://www.securite-sociale.fr/files/live/sites/SSFR/files/Annexe%207.xlsx
2022;2021;comptes_fonds_reserves;FRR;FRR tab_2;E4;PRODUITS NETS;2021;2931;MEUR;1000000;293100000000;False;serie_documentaire_etape_non_inferree;https://www.securite-sociale.fr/files/live/sites/SSFR/files/Annexe%207.xlsx
2022;2022;comptes_fonds_reserves;FRR;FRR tab_2;F4;PRODUITS NETS;2022;2205;MEUR;1000000;220500000000;False;serie_documentaire_etape_non_inferree;https://www.securite-sociale.fr/files/live/sites/SSFR/files/Annexe%207.xlsx
2022;2019;comptes_fonds_reserves;FRR;FRR tab_2;C5;Abondements;2019;0;MEUR;1000000;0;True;serie_documentaire_etape_non_inferree;https://www.securite-sociale.fr/files/live/sites/SSFR/files/Annexe%207.xlsx
2022;2020;comptes_fonds_reserves;FRR;FRR tab_2;D5;Abondements;2020;0;MEUR;1000000;0;True;serie_documentaire_etape_non_inferree;https://www.securite-sociale.fr/files/live/sites/SSFR/files/Annexe%207.xlsx
2022;2021;comptes_fonds_reserves;FRR;FRR tab_2;E5;Abondements;2021;0;MEUR;1000000;0;True;serie_documentaire_etape_non_inferree;https://www.securite-sociale.fr/files/live/sites/SSFR/files/Annexe%207.xlsx
2022;2022;comptes_fonds_reserves;FRR;FRR tab_2;F5;Abondements;2022;0;MEUR;1000000;0;True;serie_documentaire_etape_non_inferree;https://www.securite-sociale.fr/files/live/sites/SSFR/files/Annexe%207.xlsx
2022;2019;comptes_fonds_reserves;FRR;FRR tab_2;C6;Prélèvement de 2% sur les revenus du capital;2019;0;MEUR;1000000;0;True;serie_documentaire_etape_non_inferree;https://www.securite-sociale.fr/files/live/sites/SSFR/files/Annexe%207.xlsx
2022;2020;comptes_fonds_reserves;FRR;FRR tab_2;D6;Prélèvement de 2% sur les revenus du capital;2020;0;MEUR;1000000;0;True;serie_documentaire_etape_non_inferree;https://www.securite-sociale.fr/files/live/sites/SSFR/files/Annexe%207.xlsx
2022;2021;comptes_fonds_reserves;FRR;FRR tab_2;E6;Prélèvement de 2% sur les revenus du capital;2021;0;MEUR;1000000;0;True;serie_documentaire_etape_non_inferree;https://www.securite-sociale.fr/files/live/sites/SSFR/files/Annexe%207.xlsx
2022;2022;comptes_fonds_reserves;FRR;FRR tab_2;F6;Prélèvement de 2% sur les revenus du capital;2022;0;MEUR;1000000;0;True;serie_documentaire_etape_non_inferree;https://www.securite-sociale.fr/files/live/sites/SSFR/files/Annexe%207.xlsx
2022;2019;comptes_fonds_reserves;FRR;FRR tab_2;C7;UMTS;2019;0;MEUR;1000000;0;True;serie_documentaire_etape_non_inferree;https://www.securite-sociale.fr/files/live/sites/SSFR/files/Annexe%207.xlsx
2022;2020;comptes_fonds_reserves;FRR;FRR tab_2;D7;UMTS;2020;0;MEUR;1000000;0;True;serie_documentaire_etape_non_inferree;https://www.securite-sociale.fr/files/live/sites/SSFR/files/Annexe%207.xlsx
2022;2021;comptes_fonds_reserves;FRR;FRR tab_2;E7;UMTS;2021;0;MEUR;1000000;0;True;serie_documentaire_etape_non_inferree;https://www.securite-sociale.fr/files/live/sites/SSFR/files/Annexe%207.xlsx
2022;2022;comptes_fonds_reserves;FRR;FRR tab_2;F7;UMTS;2022;0;MEUR;1000000;0;True;serie_documentaire_etape_non_inferree;https://www.securite-sociale.fr/files/live/sites/SSFR/files/Annexe%207.xlsx
2022;2019;comptes_fonds_reserves;FRR;FRR tab_2;C8;Contribution de 8,2% (PPESV) et consignations   ;2019;0;MEUR;1000000;0;True;serie_documentaire_etape_non_inferree;https://www.securite-sociale.fr/files/live/sites/SSFR/files/Annexe%207.xlsx
2022;2020;comptes_fonds_reserves;FRR;FRR tab_2;D8;Contribution de 8,2% (PPESV) et consignations   ;2020;0;MEUR;1000000;0;True;serie_documentaire_etape_non_inferree;https://www.securite-sociale.fr/files/live/sites/SSFR/files/Annexe%207.xlsx
2022;2021;comptes_fonds_reserves;FRR;FRR tab_2;E8;Contribution de 8,2% (PPESV) et consignations   ;2021;0;MEUR;1000000;0;True;serie_documentaire_etape_non_inferree;https://www.securite-sociale.fr/files/live/sites/SSFR/files/Annexe%207.xlsx
2022;2022;comptes_fonds_reserves;FRR;FRR tab_2;F8;Contribution de 8,2% (PPESV) et consignations   ;2022;0;MEUR;1000000;0;True;serie_documentaire_etape_non_inferree;https://www.securite-sociale.fr/files/live/sites/SSFR/files/Annexe%207.xlsx
2022;2019;comptes_fonds_reserves;FRR;FRR tab_2;C10;Produits financiers;2019;3219;MEUR;1000000;321900000000;False;serie_documentaire_etape_non_inferree;https://www.securite-sociale.fr/files/live/sites/SSFR/files/Annexe%207.xlsx
2022;2020;comptes_fonds_reserves;FRR;FRR tab_2;D10;Produits financiers;2020;4186;MEUR;1000000;418600000000;False;serie_documentaire_etape_non_inferree;https://www.securite-sociale.fr/files/live/sites/SSFR/files/Annexe%207.xlsx
2022;2021;comptes_fonds_reserves;FRR;FRR tab_2;E10;Produits financiers;2021;2931;MEUR;1000000;293100000000;False;serie_documentaire_etape_non_inferree;https://www.securite-sociale.fr/files/live/sites/SSFR/files/Annexe%207.xlsx
2022;2022;comptes_fonds_reserves;FRR;FRR tab_2;F10;Produits financiers;2022;2172;MEUR;1000000;217200000000;False;serie_documentaire_etape_non_inferree;https://www.securite-sociale.fr/files/live/sites/SSFR/files/Annexe%207.xlsx
2022;2019;comptes_fonds_reserves;FRR;FRR tab_2;C11;Produits de trésorerie courante;2019;0;MEUR;1000000;0;True;serie_documentaire_etape_non_inferree;https://www.securite-sociale.fr/files/live/sites/SSFR/files/Annexe%207.xlsx
2022;2020;comptes_fonds_reserves;FRR;FRR tab_2;D11;Produits de trésorerie courante;2020;0;MEUR;1000000;0;True;serie_documentaire_etape_non_inferree;https://www.securite-sociale.fr/files/live/sites/SSFR/files/Annexe%207.xlsx
2022;2021;comptes_fonds_reserves;FRR;FRR tab_2;E11;Produits de trésorerie courante;2021;0;MEUR;1000000;0;True;serie_documentaire_etape_non_inferree;https://www.securite-sociale.fr/files/live/sites/SSFR/files/Annexe%207.xlsx
2022;2022;comptes_fonds_reserves;FRR;FRR tab_2;F11;Produits de trésorerie courante;2022;0;MEUR;1000000;0;True;serie_documentaire_etape_non_inferree;https://www.securite-sociale.fr/files/live/sites/SSFR/files/Annexe%207.xlsx
2022;2019;comptes_fonds_reserves;FRR;FRR tab_2;C12;Produits de gestion financière;2019;3219;MEUR;1000000;321900000000;False;serie_documentaire_etape_non_inferree;https://www.securite-sociale.fr/files/live/sites/SSFR/files/Annexe%207.xlsx
2022;2020;comptes_fonds_reserves;FRR;FRR tab_2;D12;Produits de gestion financière;2020;4186;MEUR;1000000;418600000000;False;serie_documentaire_etape_non_inferree;https://www.securite-sociale.fr/files/live/sites/SSFR/files/Annexe%207.xlsx
2022;2021;comptes_fonds_reserves;FRR;FRR tab_2;E12;Produits de gestion financière;2021;2931;MEUR;1000000;293100000000;False;serie_documentaire_etape_non_inferree;https://www.securite-sociale.fr/files/live/sites/SSFR/files/Annexe%207.xlsx
2022;2022;comptes_fonds_reserves;FRR;FRR tab_2;F12;Produits de gestion financière;2022;2172;MEUR;1000000;217200000000;False;serie_documentaire_etape_non_inferree;https://www.securite-sociale.fr/files/live/sites/SSFR/files/Annexe%207.xlsx
2022;2019;comptes_fonds_reserves;FRR;FRR tab_2;C13;Produits d’exploitation;2019;4;MEUR;1000000;400000000;False;serie_documentaire_etape_non_inferree;https://www.securite-sociale.fr/files/live/sites/SSFR/files/Annexe%207.xlsx
2022;2020;comptes_fonds_reserves;FRR;FRR tab_2;D13;Produits d’exploitation;2020;3;MEUR;1000000;300000000;False;serie_documentaire_etape_non_inferree;https://www.securite-sociale.fr/files/live/sites/SSFR/files/Annexe%207.xlsx
2022;2021;comptes_fonds_reserves;FRR;FRR tab_2;E13;Produits d’exploitation;2021;0;MEUR;1000000;0;True;serie_documentaire_etape_non_inferree;https://www.securite-sociale.fr/files/live/sites/SSFR/files/Annexe%207.xlsx
2022;2022;comptes_fonds_reserves;FRR;FRR tab_2;F13;Produits d’exploitation;2022;33;MEUR;1000000;3300000000;False;serie_documentaire_etape_non_inferree;https://www.securite-sociale.fr/files/live/sites/SSFR/files/Annexe%207.xlsx
2022;2019;comptes_fonds_reserves;FRR;FRR tab_2;C14;Produits exceptionnels;2019;8;MEUR;1000000;800000000;False;serie_documentaire_etape_non_inferree;https://www.securite-sociale.fr/files/live/sites/SSFR/files/Annexe%207.xlsx
2022;2020;comptes_fonds_reserves;FRR;FRR tab_2;D14;Produits exceptionnels;2020;0;MEUR;1000000;0;True;serie_documentaire_etape_non_inferree;https://www.securite-sociale.fr/files/live/sites/SSFR/files/Annexe%207.xlsx
2022;2021;comptes_fonds_reserves;FRR;FRR tab_2;E14;Produits exceptionnels;2021;0;MEUR;1000000;0;True;serie_documentaire_etape_non_inferree;https://www.securite-sociale.fr/files/live/sites/SSFR/files/Annexe%207.xlsx
2022;2022;comptes_fonds_reserves;FRR;FRR tab_2;F14;Produits exceptionnels;2022;0;MEUR;1000000;0;True;serie_documentaire_etape_non_inferree;https://www.securite-sociale.fr/files/live/sites/SSFR/files/Annexe%207.xlsx
2022;2019;comptes_fonds_reserves;FRR;FRR tab_2;C15;CHARGES NETTES;2019;2389;MEUR;1000000;238900000000;False;serie_documentaire_etape_non_inferree;https://www.securite-sociale.fr/files/live/sites/SSFR/files/Annexe%207.xlsx
2022;2020;comptes_fonds_reserves;FRR;FRR tab_2;D15;CHARGES NETTES;2020;3467;MEUR;1000000;346700000000;False;serie_documentaire_etape_non_inferree;https://www.securite-sociale.fr/files/live/sites/SSFR/files/Annexe%207.xlsx
2022;2021;comptes_fonds_reserves;FRR;FRR tab_2;E15;CHARGES NETTES;2021;1367;MEUR;1000000;136700000000;False;serie_documentaire_etape_non_inferree;https://www.securite-sociale.fr/files/live/sites/SSFR/files/Annexe%207.xlsx
2022;2022;comptes_fonds_reserves;FRR;FRR tab_2;F15;CHARGES NETTES;2022;2767;MEUR;1000000;276700000000;False;serie_documentaire_etape_non_inferree;https://www.securite-sociale.fr/files/live/sites/SSFR/files/Annexe%207.xlsx
2022;2019;comptes_fonds_reserves;FRR;FRR tab_2;C16;Charges de fonctionnement;2019;2389;MEUR;1000000;238900000000;False;serie_documentaire_etape_non_inferree;https://www.securite-sociale.fr/files/live/sites/SSFR/files/Annexe%207.xlsx
2022;2020;comptes_fonds_reserves;FRR;FRR tab_2;D16;Charges de fonctionnement;2020;3467;MEUR;1000000;346700000000;False;serie_documentaire_etape_non_inferree;https://www.securite-sociale.fr/files/live/sites/SSFR/files/Annexe%207.xlsx
2022;2021;comptes_fonds_reserves;FRR;FRR tab_2;E16;Charges de fonctionnement;2021;1367;MEUR;1000000;136700000000;False;serie_documentaire_etape_non_inferree;https://www.securite-sociale.fr/files/live/sites/SSFR/files/Annexe%207.xlsx
2022;2022;comptes_fonds_reserves;FRR;FRR tab_2;F16;Charges de fonctionnement;2022;2767;MEUR;1000000;276700000000;False;serie_documentaire_etape_non_inferree;https://www.securite-sociale.fr/files/live/sites/SSFR/files/Annexe%207.xlsx
2022;2019;comptes_fonds_reserves;FRR;FRR tab_2;C17;Frais de gestion administrative;2019;107;MEUR;1000000;10700000000;False;serie_documentaire_etape_non_inferree;https://www.securite-sociale.fr/files/live/sites/SSFR/files/Annexe%207.xlsx
2022;2020;comptes_fonds_reserves;FRR;FRR tab_2;D17;Frais de gestion administrative;2020;95;MEUR;1000000;9500000000;False;serie_documentaire_etape_non_inferree;https://www.securite-sociale.fr/files/live/sites/SSFR/files/Annexe%207.xlsx
2022;2021;comptes_fonds_reserves;FRR;FRR tab_2;E17;Frais de gestion administrative;2021;85;MEUR;1000000;8500000000;False;serie_documentaire_etape_non_inferree;https://www.securite-sociale.fr/files/live/sites/SSFR/files/Annexe%207.xlsx
2022;2022;comptes_fonds_reserves;FRR;FRR tab_2;F17;Frais de gestion administrative;2022;87;MEUR;1000000;8700000000;False;serie_documentaire_etape_non_inferree;https://www.securite-sociale.fr/files/live/sites/SSFR/files/Annexe%207.xlsx
2022;2019;comptes_fonds_reserves;FRR;FRR tab_2;C18;Charges de gestion financière;2019;2282;MEUR;1000000;228200000000;False;serie_documentaire_etape_non_inferree;https://www.securite-sociale.fr/files/live/sites/SSFR/files/Annexe%207.xlsx
2022;2020;comptes_fonds_reserves;FRR;FRR tab_2;D18;Charges de gestion financière;2020;3372;MEUR;1000000;337200000000;False;serie_documentaire_etape_non_inferree;https://www.securite-sociale.fr/files/live/sites/SSFR/files/Annexe%207.xlsx
2022;2021;comptes_fonds_reserves;FRR;FRR tab_2;E18;Charges de gestion financière;2021;1282;MEUR;1000000;128200000000;False;serie_documentaire_etape_non_inferree;https://www.securite-sociale.fr/files/live/sites/SSFR/files/Annexe%207.xlsx
2022;2022;comptes_fonds_reserves;FRR;FRR tab_2;F18;Charges de gestion financière;2022;2680;MEUR;1000000;268000000000;False;serie_documentaire_etape_non_inferree;https://www.securite-sociale.fr/files/live/sites/SSFR/files/Annexe%207.xlsx
2022;2019;comptes_fonds_reserves;FRR;FRR tab_2;C19;Charges exceptionnelles;2019;0;MEUR;1000000;0;True;serie_documentaire_etape_non_inferree;https://www.securite-sociale.fr/files/live/sites/SSFR/files/Annexe%207.xlsx
2022;2020;comptes_fonds_reserves;FRR;FRR tab_2;D19;Charges exceptionnelles;2020;0;MEUR;1000000;0;True;serie_documentaire_etape_non_inferree;https://www.securite-sociale.fr/files/live/sites/SSFR/files/Annexe%207.xlsx
2022;2021;comptes_fonds_reserves;FRR;FRR tab_2;E19;Charges exceptionnelles;2021;0;MEUR;1000000;0;True;serie_documentaire_etape_non_inferree;https://www.securite-sociale.fr/files/live/sites/SSFR/files/Annexe%207.xlsx
2022;2022;comptes_fonds_reserves;FRR;FRR tab_2;F19;Charges exceptionnelles;2022;0;MEUR;1000000;0;True;serie_documentaire_etape_non_inferree;https://www.securite-sociale.fr/files/live/sites/SSFR/files/Annexe%207.xlsx
2022;2019;comptes_fonds_reserves;FRR;FRR tab_2;C21;RESULTAT FINANCIER ;2019;937;MEUR;1000000;93700000000;False;serie_documentaire_etape_non_inferree;https://www.securite-sociale.fr/files/live/sites/SSFR/files/Annexe%207.xlsx
2022;2020;comptes_fonds_reserves;FRR;FRR tab_2;D21;RESULTAT FINANCIER ;2020;814;MEUR;1000000;81400000000;False;serie_documentaire_etape_non_inferree;https://www.securite-sociale.fr/files/live/sites/SSFR/files/Annexe%207.xlsx
2022;2021;comptes_fonds_reserves;FRR;FRR tab_2;E21;RESULTAT FINANCIER ;2021;1649;MEUR;1000000;164900000000;False;serie_documentaire_etape_non_inferree;https://www.securite-sociale.fr/files/live/sites/SSFR/files/Annexe%207.xlsx
2022;2022;comptes_fonds_reserves;FRR;FRR tab_2;F21;RESULTAT FINANCIER ;2022;-508;MEUR;1000000;-50800000000;False;serie_documentaire_etape_non_inferree;https://www.securite-sociale.fr/files/live/sites/SSFR/files/Annexe%207.xlsx
2022;2019;comptes_fonds_reserves;FRR;FRR tab_2;C23;RESULTAT DE L’EXERCICE ;2019;842;MEUR;1000000;84200000000;False;serie_documentaire_etape_non_inferree;https://www.securite-sociale.fr/files/live/sites/SSFR/files/Annexe%207.xlsx
2022;2020;comptes_fonds_reserves;FRR;FRR tab_2;D23;RESULTAT DE L’EXERCICE ;2020;722;MEUR;1000000;72200000000;False;serie_documentaire_etape_non_inferree;https://www.securite-sociale.fr/files/live/sites/SSFR/files/Annexe%207.xlsx
2022;2021;comptes_fonds_reserves;FRR;FRR tab_2;E23;RESULTAT DE L’EXERCICE ;2021;1564;MEUR;1000000;156400000000;False;serie_documentaire_etape_non_inferree;https://www.securite-sociale.fr/files/live/sites/SSFR/files/Annexe%207.xlsx
2022;2022;comptes_fonds_reserves;FRR;FRR tab_2;F23;RESULTAT DE L’EXERCICE ;2022;-562;MEUR;1000000;-56200000000;False;serie_documentaire_etape_non_inferree;https://www.securite-sociale.fr/files/live/sites/SSFR/files/Annexe%207.xlsx
2022;2017;dette_sociale;CADES;CADES tab_3;C26;2017;Dette reprise cumulée;260496.10457733815;MEUR;1000000;26049610457734;False;serie_documentaire_etape_non_inferree;https://www.securite-sociale.fr/files/live/sites/SSFR/files/Annexe%207.xlsx
2022;2017;dette_sociale;CADES;CADES tab_3;D26;2017;Amortissement annuel;15044;MEUR;1000000;1504400000000;False;serie_documentaire_etape_non_inferree;https://www.securite-sociale.fr/files/live/sites/SSFR/files/Annexe%207.xlsx
2022;2017;dette_sociale;CADES;CADES tab_3;E26;2017;Amortissement cumulé;139706.06357733815;MEUR;1000000;13970606357734;False;serie_documentaire_etape_non_inferree;https://www.securite-sociale.fr/files/live/sites/SSFR/files/Annexe%207.xlsx
2022;2017;dette_sociale;CADES;CADES tab_3;F26;2017;Situation nette de l'année;-120790.041;MEUR;1000000;-12079004100000;False;serie_documentaire_etape_non_inferree;https://www.securite-sociale.fr/files/live/sites/SSFR/files/Annexe%207.xlsx
2022;2018;dette_sociale;CADES;CADES tab_3;C27;2018;Dette reprise cumulée;260496.10457733815;MEUR;1000000;26049610457734;False;serie_documentaire_etape_non_inferree;https://www.securite-sociale.fr/files/live/sites/SSFR/files/Annexe%207.xlsx
2022;2018;dette_sociale;CADES;CADES tab_3;D27;2018;Amortissement annuel;15444;MEUR;1000000;1544400000000;False;serie_documentaire_etape_non_inferree;https://www.securite-sociale.fr/files/live/sites/SSFR/files/Annexe%207.xlsx
2022;2018;dette_sociale;CADES;CADES tab_3;E27;2018;Amortissement cumulé;155150.06357733815;MEUR;1000000;15515006357734;False;serie_documentaire_etape_non_inferree;https://www.securite-sociale.fr/files/live/sites/SSFR/files/Annexe%207.xlsx
2022;2018;dette_sociale;CADES;CADES tab_3;F27;2018;Situation nette de l'année;-105346.041;MEUR;1000000;-10534604100000;False;serie_documentaire_etape_non_inferree;https://www.securite-sociale.fr/files/live/sites/SSFR/files/Annexe%207.xlsx
2022;2019;dette_sociale;CADES;CADES tab_3;C28;2019;Dette reprise cumulée;260496.10457733815;MEUR;1000000;26049610457734;False;serie_documentaire_etape_non_inferree;https://www.securite-sociale.fr/files/live/sites/SSFR/files/Annexe%207.xlsx
2022;2019;dette_sociale;CADES;CADES tab_3;D28;2019;Amortissement annuel;16253;MEUR;1000000;1625300000000;False;serie_documentaire_etape_non_inferree;https://www.securite-sociale.fr/files/live/sites/SSFR/files/Annexe%207.xlsx
2022;2019;dette_sociale;CADES;CADES tab_3;E28;2019;Amortissement cumulé;171403.06357733815;MEUR;1000000;17140306357734;False;serie_documentaire_etape_non_inferree;https://www.securite-sociale.fr/files/live/sites/SSFR/files/Annexe%207.xlsx
2022;2019;dette_sociale;CADES;CADES tab_3;F28;2019;Situation nette de l'année;-89093.040999999997;MEUR;1000000;-8909304100000;False;serie_documentaire_etape_non_inferree;https://www.securite-sociale.fr/files/live/sites/SSFR/files/Annexe%207.xlsx
2022;2020;dette_sociale;CADES;CADES tab_3;C29;2020;Dette reprise cumulée;280496.10457733815;MEUR;1000000;28049610457734;False;serie_documentaire_etape_non_inferree;https://www.securite-sociale.fr/files/live/sites/SSFR/files/Annexe%207.xlsx
2022;2020;dette_sociale;CADES;CADES tab_3;D29;2020;Amortissement annuel;16089;MEUR;1000000;1608900000000;False;serie_documentaire_etape_non_inferree;https://www.securite-sociale.fr/files/live/sites/SSFR/files/Annexe%207.xlsx
2022;2020;dette_sociale;CADES;CADES tab_3;E29;2020;Amortissement cumulé;187492.06357733815;MEUR;1000000;18749206357734;False;serie_documentaire_etape_non_inferree;https://www.securite-sociale.fr/files/live/sites/SSFR/files/Annexe%207.xlsx
2022;2020;dette_sociale;CADES;CADES tab_3;F29;2020;Situation nette de l'année;-93004.040999999997;MEUR;1000000;-9300404100000;False;serie_documentaire_etape_non_inferree;https://www.securite-sociale.fr/files/live/sites/SSFR/files/Annexe%207.xlsx
2022;2021;dette_sociale;CADES;CADES tab_3;C30;2021 ;Dette reprise cumulée;320496.10457733815;MEUR;1000000;32049610457734;False;serie_documentaire_etape_non_inferree;https://www.securite-sociale.fr/files/live/sites/SSFR/files/Annexe%207.xlsx
2022;2021;dette_sociale;CADES;CADES tab_3;D30;2021 ;Amortissement annuel;17813.199999999983;MEUR;1000000;1781320000000;False;serie_documentaire_etape_non_inferree;https://www.securite-sociale.fr/files/live/sites/SSFR/files/Annexe%207.xlsx
2022;2021;dette_sociale;CADES;CADES tab_3;E30;2021 ;Amortissement cumulé;205305.26357733813;MEUR;1000000;20530526357734;False;serie_documentaire_etape_non_inferree;https://www.securite-sociale.fr/files/live/sites/SSFR/files/Annexe%207.xlsx
2022;2021;dette_sociale;CADES;CADES tab_3;F30;2021 ;Situation nette de l'année;-115190.841;MEUR;1000000;-11519084100000;False;serie_documentaire_etape_non_inferree;https://www.securite-sociale.fr/files/live/sites/SSFR/files/Annexe%207.xlsx
2022;2022;dette_sociale;CADES;CADES tab_3;C31;2022 ;Dette reprise cumulée;360496.10457733815;MEUR;1000000;36049610457734;False;serie_documentaire_etape_non_inferree;https://www.securite-sociale.fr/files/live/sites/SSFR/files/Annexe%207.xlsx
2022;2022;dette_sociale;CADES;CADES tab_3;D31;2022 ;Amortissement annuel;18961;MEUR;1000000;1896100000000;False;serie_documentaire_etape_non_inferree;https://www.securite-sociale.fr/files/live/sites/SSFR/files/Annexe%207.xlsx
2022;2022;dette_sociale;CADES;CADES tab_3;E31;2022 ;Amortissement cumulé;224266.26357733813;MEUR;1000000;22426626357734;False;serie_documentaire_etape_non_inferree;https://www.securite-sociale.fr/files/live/sites/SSFR/files/Annexe%207.xlsx
2022;2022;dette_sociale;CADES;CADES tab_3;F31;2022 ;Situation nette de l'année;-136229.84100000001;MEUR;1000000;-13622984100000;False;serie_documentaire_etape_non_inferree;https://www.securite-sociale.fr/files/live/sites/SSFR/files/Annexe%207.xlsx
2023;2018;comptes_fonds_reserves;FRR;FRR tab2;C4;PRODUITS NETS;2018;3083;MEUR;1000000;308300000000;False;serie_documentaire_etape_non_inferree;https://www.securite-sociale.fr/files/live/sites/SSFR/files/medias/PLFSS/2023/Annexe%202_Tableaux.xlsx
2023;2019;comptes_fonds_reserves;FRR;FRR tab2;D4;PRODUITS NETS;2019;3231;MEUR;1000000;323100000000;False;serie_documentaire_etape_non_inferree;https://www.securite-sociale.fr/files/live/sites/SSFR/files/medias/PLFSS/2023/Annexe%202_Tableaux.xlsx
2023;2020;comptes_fonds_reserves;FRR;FRR tab2;E4;PRODUITS NETS;2020;4189;MEUR;1000000;418900000000;False;serie_documentaire_etape_non_inferree;https://www.securite-sociale.fr/files/live/sites/SSFR/files/medias/PLFSS/2023/Annexe%202_Tableaux.xlsx
2023;2021;comptes_fonds_reserves;FRR;FRR tab2;F4;PRODUITS NETS;2021;2931;MEUR;1000000;293100000000;False;serie_documentaire_etape_non_inferree;https://www.securite-sociale.fr/files/live/sites/SSFR/files/medias/PLFSS/2023/Annexe%202_Tableaux.xlsx
2023;2022;comptes_fonds_reserves;FRR;FRR tab2;G4;PRODUITS NETS;2022 (p);2376;MEUR;1000000;237600000000;False;prevision_explicitement_etiquetee;https://www.securite-sociale.fr/files/live/sites/SSFR/files/medias/PLFSS/2023/Annexe%202_Tableaux.xlsx
2023;2018;comptes_fonds_reserves;FRR;FRR tab2;C5;Abondements;2018;0;MEUR;1000000;0;True;serie_documentaire_etape_non_inferree;https://www.securite-sociale.fr/files/live/sites/SSFR/files/medias/PLFSS/2023/Annexe%202_Tableaux.xlsx
2023;2019;comptes_fonds_reserves;FRR;FRR tab2;D5;Abondements;2019;0;MEUR;1000000;0;True;serie_documentaire_etape_non_inferree;https://www.securite-sociale.fr/files/live/sites/SSFR/files/medias/PLFSS/2023/Annexe%202_Tableaux.xlsx
2023;2020;comptes_fonds_reserves;FRR;FRR tab2;E5;Abondements;2020;0;MEUR;1000000;0;True;serie_documentaire_etape_non_inferree;https://www.securite-sociale.fr/files/live/sites/SSFR/files/medias/PLFSS/2023/Annexe%202_Tableaux.xlsx
2023;2021;comptes_fonds_reserves;FRR;FRR tab2;F5;Abondements;2021;0;MEUR;1000000;0;True;serie_documentaire_etape_non_inferree;https://www.securite-sociale.fr/files/live/sites/SSFR/files/medias/PLFSS/2023/Annexe%202_Tableaux.xlsx
2023;2022;comptes_fonds_reserves;FRR;FRR tab2;G5;Abondements;2022 (p);0;MEUR;1000000;0;True;prevision_explicitement_etiquetee;https://www.securite-sociale.fr/files/live/sites/SSFR/files/medias/PLFSS/2023/Annexe%202_Tableaux.xlsx
2023;2018;comptes_fonds_reserves;FRR;FRR tab2;C6;Prélèvement de 2% sur les revenus du capital;2018;0;MEUR;1000000;0;True;serie_documentaire_etape_non_inferree;https://www.securite-sociale.fr/files/live/sites/SSFR/files/medias/PLFSS/2023/Annexe%202_Tableaux.xlsx
2023;2019;comptes_fonds_reserves;FRR;FRR tab2;D6;Prélèvement de 2% sur les revenus du capital;2019;0;MEUR;1000000;0;True;serie_documentaire_etape_non_inferree;https://www.securite-sociale.fr/files/live/sites/SSFR/files/medias/PLFSS/2023/Annexe%202_Tableaux.xlsx
2023;2020;comptes_fonds_reserves;FRR;FRR tab2;E6;Prélèvement de 2% sur les revenus du capital;2020;0;MEUR;1000000;0;True;serie_documentaire_etape_non_inferree;https://www.securite-sociale.fr/files/live/sites/SSFR/files/medias/PLFSS/2023/Annexe%202_Tableaux.xlsx
2023;2021;comptes_fonds_reserves;FRR;FRR tab2;F6;Prélèvement de 2% sur les revenus du capital;2021;0;MEUR;1000000;0;True;serie_documentaire_etape_non_inferree;https://www.securite-sociale.fr/files/live/sites/SSFR/files/medias/PLFSS/2023/Annexe%202_Tableaux.xlsx
2023;2022;comptes_fonds_reserves;FRR;FRR tab2;G6;Prélèvement de 2% sur les revenus du capital;2022 (p);0;MEUR;1000000;0;True;prevision_explicitement_etiquetee;https://www.securite-sociale.fr/files/live/sites/SSFR/files/medias/PLFSS/2023/Annexe%202_Tableaux.xlsx
2023;2018;comptes_fonds_reserves;FRR;FRR tab2;C7;UMTS;2018;0;MEUR;1000000;0;True;serie_documentaire_etape_non_inferree;https://www.securite-sociale.fr/files/live/sites/SSFR/files/medias/PLFSS/2023/Annexe%202_Tableaux.xlsx
2023;2019;comptes_fonds_reserves;FRR;FRR tab2;D7;UMTS;2019;0;MEUR;1000000;0;True;serie_documentaire_etape_non_inferree;https://www.securite-sociale.fr/files/live/sites/SSFR/files/medias/PLFSS/2023/Annexe%202_Tableaux.xlsx
2023;2020;comptes_fonds_reserves;FRR;FRR tab2;E7;UMTS;2020;0;MEUR;1000000;0;True;serie_documentaire_etape_non_inferree;https://www.securite-sociale.fr/files/live/sites/SSFR/files/medias/PLFSS/2023/Annexe%202_Tableaux.xlsx
2023;2021;comptes_fonds_reserves;FRR;FRR tab2;F7;UMTS;2021;0;MEUR;1000000;0;True;serie_documentaire_etape_non_inferree;https://www.securite-sociale.fr/files/live/sites/SSFR/files/medias/PLFSS/2023/Annexe%202_Tableaux.xlsx
2023;2022;comptes_fonds_reserves;FRR;FRR tab2;G7;UMTS;2022 (p);0;MEUR;1000000;0;True;prevision_explicitement_etiquetee;https://www.securite-sociale.fr/files/live/sites/SSFR/files/medias/PLFSS/2023/Annexe%202_Tableaux.xlsx
2023;2018;comptes_fonds_reserves;FRR;FRR tab2;C8;Contribution de 8,2% (PPESV) et consignations prescrites Caisse des dépôts ;2018;0;MEUR;1000000;0;True;serie_documentaire_etape_non_inferree;https://www.securite-sociale.fr/files/live/sites/SSFR/files/medias/PLFSS/2023/Annexe%202_Tableaux.xlsx
2023;2019;comptes_fonds_reserves;FRR;FRR tab2;D8;Contribution de 8,2% (PPESV) et consignations prescrites Caisse des dépôts ;2019;0;MEUR;1000000;0;True;serie_documentaire_etape_non_inferree;https://www.securite-sociale.fr/files/live/sites/SSFR/files/medias/PLFSS/2023/Annexe%202_Tableaux.xlsx
2023;2020;comptes_fonds_reserves;FRR;FRR tab2;E8;Contribution de 8,2% (PPESV) et consignations prescrites Caisse des dépôts ;2020;0;MEUR;1000000;0;True;serie_documentaire_etape_non_inferree;https://www.securite-sociale.fr/files/live/sites/SSFR/files/medias/PLFSS/2023/Annexe%202_Tableaux.xlsx
2023;2021;comptes_fonds_reserves;FRR;FRR tab2;F8;Contribution de 8,2% (PPESV) et consignations prescrites Caisse des dépôts ;2021;0;MEUR;1000000;0;True;serie_documentaire_etape_non_inferree;https://www.securite-sociale.fr/files/live/sites/SSFR/files/medias/PLFSS/2023/Annexe%202_Tableaux.xlsx
2023;2022;comptes_fonds_reserves;FRR;FRR tab2;G8;Contribution de 8,2% (PPESV) et consignations prescrites Caisse des dépôts ;2022 (p);0;MEUR;1000000;0;True;prevision_explicitement_etiquetee;https://www.securite-sociale.fr/files/live/sites/SSFR/files/medias/PLFSS/2023/Annexe%202_Tableaux.xlsx
2023;2018;comptes_fonds_reserves;FRR;FRR tab2;C9;Produits financiers;2018;3080;MEUR;1000000;308000000000;False;serie_documentaire_etape_non_inferree;https://www.securite-sociale.fr/files/live/sites/SSFR/files/medias/PLFSS/2023/Annexe%202_Tableaux.xlsx
2023;2019;comptes_fonds_reserves;FRR;FRR tab2;D9;Produits financiers;2019;3219;MEUR;1000000;321900000000;False;serie_documentaire_etape_non_inferree;https://www.securite-sociale.fr/files/live/sites/SSFR/files/medias/PLFSS/2023/Annexe%202_Tableaux.xlsx
2023;2020;comptes_fonds_reserves;FRR;FRR tab2;E9;Produits financiers;2020;4186;MEUR;1000000;418600000000;False;serie_documentaire_etape_non_inferree;https://www.securite-sociale.fr/files/live/sites/SSFR/files/medias/PLFSS/2023/Annexe%202_Tableaux.xlsx
2023;2021;comptes_fonds_reserves;FRR;FRR tab2;F9;Produits financiers;2021;2931;MEUR;1000000;293100000000;False;serie_documentaire_etape_non_inferree;https://www.securite-sociale.fr/files/live/sites/SSFR/files/medias/PLFSS/2023/Annexe%202_Tableaux.xlsx
2023;2022;comptes_fonds_reserves;FRR;FRR tab2;G9;Produits financiers;2022 (p);2376;MEUR;1000000;237600000000;False;prevision_explicitement_etiquetee;https://www.securite-sociale.fr/files/live/sites/SSFR/files/medias/PLFSS/2023/Annexe%202_Tableaux.xlsx
2023;2018;comptes_fonds_reserves;FRR;FRR tab2;C10;Produits de trésorerie courante;2018;0;MEUR;1000000;0;True;serie_documentaire_etape_non_inferree;https://www.securite-sociale.fr/files/live/sites/SSFR/files/medias/PLFSS/2023/Annexe%202_Tableaux.xlsx
2023;2019;comptes_fonds_reserves;FRR;FRR tab2;D10;Produits de trésorerie courante;2019;0;MEUR;1000000;0;True;serie_documentaire_etape_non_inferree;https://www.securite-sociale.fr/files/live/sites/SSFR/files/medias/PLFSS/2023/Annexe%202_Tableaux.xlsx
2023;2020;comptes_fonds_reserves;FRR;FRR tab2;E10;Produits de trésorerie courante;2020;0;MEUR;1000000;0;True;serie_documentaire_etape_non_inferree;https://www.securite-sociale.fr/files/live/sites/SSFR/files/medias/PLFSS/2023/Annexe%202_Tableaux.xlsx
2023;2021;comptes_fonds_reserves;FRR;FRR tab2;F10;Produits de trésorerie courante;2021;0;MEUR;1000000;0;True;serie_documentaire_etape_non_inferree;https://www.securite-sociale.fr/files/live/sites/SSFR/files/medias/PLFSS/2023/Annexe%202_Tableaux.xlsx
2023;2022;comptes_fonds_reserves;FRR;FRR tab2;G10;Produits de trésorerie courante;2022 (p);0;MEUR;1000000;0;True;prevision_explicitement_etiquetee;https://www.securite-sociale.fr/files/live/sites/SSFR/files/medias/PLFSS/2023/Annexe%202_Tableaux.xlsx
2023;2018;comptes_fonds_reserves;FRR;FRR tab2;C11;Produits de gestion financière;2018;3080;MEUR;1000000;308000000000;False;serie_documentaire_etape_non_inferree;https://www.securite-sociale.fr/files/live/sites/SSFR/files/medias/PLFSS/2023/Annexe%202_Tableaux.xlsx
2023;2019;comptes_fonds_reserves;FRR;FRR tab2;D11;Produits de gestion financière;2019;3219;MEUR;1000000;321900000000;False;serie_documentaire_etape_non_inferree;https://www.securite-sociale.fr/files/live/sites/SSFR/files/medias/PLFSS/2023/Annexe%202_Tableaux.xlsx
2023;2020;comptes_fonds_reserves;FRR;FRR tab2;E11;Produits de gestion financière;2020;4186;MEUR;1000000;418600000000;False;serie_documentaire_etape_non_inferree;https://www.securite-sociale.fr/files/live/sites/SSFR/files/medias/PLFSS/2023/Annexe%202_Tableaux.xlsx
2023;2021;comptes_fonds_reserves;FRR;FRR tab2;F11;Produits de gestion financière;2021;2931;MEUR;1000000;293100000000;False;serie_documentaire_etape_non_inferree;https://www.securite-sociale.fr/files/live/sites/SSFR/files/medias/PLFSS/2023/Annexe%202_Tableaux.xlsx
2023;2022;comptes_fonds_reserves;FRR;FRR tab2;G11;Produits de gestion financière;2022 (p);2376;MEUR;1000000;237600000000;False;prevision_explicitement_etiquetee;https://www.securite-sociale.fr/files/live/sites/SSFR/files/medias/PLFSS/2023/Annexe%202_Tableaux.xlsx
2023;2018;comptes_fonds_reserves;FRR;FRR tab2;C12;Produits d’exploitation;2018;3;MEUR;1000000;300000000;False;serie_documentaire_etape_non_inferree;https://www.securite-sociale.fr/files/live/sites/SSFR/files/medias/PLFSS/2023/Annexe%202_Tableaux.xlsx
2023;2019;comptes_fonds_reserves;FRR;FRR tab2;D12;Produits d’exploitation;2019;4;MEUR;1000000;400000000;False;serie_documentaire_etape_non_inferree;https://www.securite-sociale.fr/files/live/sites/SSFR/files/medias/PLFSS/2023/Annexe%202_Tableaux.xlsx
2023;2020;comptes_fonds_reserves;FRR;FRR tab2;E12;Produits d’exploitation;2020;3;MEUR;1000000;300000000;False;serie_documentaire_etape_non_inferree;https://www.securite-sociale.fr/files/live/sites/SSFR/files/medias/PLFSS/2023/Annexe%202_Tableaux.xlsx
2023;2021;comptes_fonds_reserves;FRR;FRR tab2;F12;Produits d’exploitation;2021;0;MEUR;1000000;0;True;serie_documentaire_etape_non_inferree;https://www.securite-sociale.fr/files/live/sites/SSFR/files/medias/PLFSS/2023/Annexe%202_Tableaux.xlsx
2023;2022;comptes_fonds_reserves;FRR;FRR tab2;G12;Produits d’exploitation;2022 (p);0;MEUR;1000000;0;True;prevision_explicitement_etiquetee;https://www.securite-sociale.fr/files/live/sites/SSFR/files/medias/PLFSS/2023/Annexe%202_Tableaux.xlsx
2023;2018;comptes_fonds_reserves;FRR;FRR tab2;C13;Produits exceptionnels;2018;0;MEUR;1000000;0;True;serie_documentaire_etape_non_inferree;https://www.securite-sociale.fr/files/live/sites/SSFR/files/medias/PLFSS/2023/Annexe%202_Tableaux.xlsx
2023;2019;comptes_fonds_reserves;FRR;FRR tab2;D13;Produits exceptionnels;2019;8;MEUR;1000000;800000000;False;serie_documentaire_etape_non_inferree;https://www.securite-sociale.fr/files/live/sites/SSFR/files/medias/PLFSS/2023/Annexe%202_Tableaux.xlsx
2023;2020;comptes_fonds_reserves;FRR;FRR tab2;E13;Produits exceptionnels;2020;0;MEUR;1000000;0;True;serie_documentaire_etape_non_inferree;https://www.securite-sociale.fr/files/live/sites/SSFR/files/medias/PLFSS/2023/Annexe%202_Tableaux.xlsx
2023;2021;comptes_fonds_reserves;FRR;FRR tab2;F13;Produits exceptionnels;2021;0;MEUR;1000000;0;True;serie_documentaire_etape_non_inferree;https://www.securite-sociale.fr/files/live/sites/SSFR/files/medias/PLFSS/2023/Annexe%202_Tableaux.xlsx
2023;2022;comptes_fonds_reserves;FRR;FRR tab2;G13;Produits exceptionnels;2022 (p);0;MEUR;1000000;0;True;prevision_explicitement_etiquetee;https://www.securite-sociale.fr/files/live/sites/SSFR/files/medias/PLFSS/2023/Annexe%202_Tableaux.xlsx
2023;2018;comptes_fonds_reserves;FRR;FRR tab2;C14;CHARGES NETTES;2018;2138;MEUR;1000000;213800000000;False;serie_documentaire_etape_non_inferree;https://www.securite-sociale.fr/files/live/sites/SSFR/files/medias/PLFSS/2023/Annexe%202_Tableaux.xlsx
2023;2019;comptes_fonds_reserves;FRR;FRR tab2;D14;CHARGES NETTES;2019;2389;MEUR;1000000;238900000000;False;serie_documentaire_etape_non_inferree;https://www.securite-sociale.fr/files/live/sites/SSFR/files/medias/PLFSS/2023/Annexe%202_Tableaux.xlsx
2023;2020;comptes_fonds_reserves;FRR;FRR tab2;E14;CHARGES NETTES;2020;3467;MEUR;1000000;346700000000;False;serie_documentaire_etape_non_inferree;https://www.securite-sociale.fr/files/live/sites/SSFR/files/medias/PLFSS/2023/Annexe%202_Tableaux.xlsx
2023;2021;comptes_fonds_reserves;FRR;FRR tab2;F14;CHARGES NETTES;2021;1367;MEUR;1000000;136700000000;False;serie_documentaire_etape_non_inferree;https://www.securite-sociale.fr/files/live/sites/SSFR/files/medias/PLFSS/2023/Annexe%202_Tableaux.xlsx
2023;2022;comptes_fonds_reserves;FRR;FRR tab2;G14;CHARGES NETTES;2022 (p);2075;MEUR;1000000;207500000000;False;prevision_explicitement_etiquetee;https://www.securite-sociale.fr/files/live/sites/SSFR/files/medias/PLFSS/2023/Annexe%202_Tableaux.xlsx
2023;2018;comptes_fonds_reserves;FRR;FRR tab2;C15;Charges de fonctionnement;2018;2138;MEUR;1000000;213800000000;False;serie_documentaire_etape_non_inferree;https://www.securite-sociale.fr/files/live/sites/SSFR/files/medias/PLFSS/2023/Annexe%202_Tableaux.xlsx
2023;2019;comptes_fonds_reserves;FRR;FRR tab2;D15;Charges de fonctionnement;2019;2389;MEUR;1000000;238900000000;False;serie_documentaire_etape_non_inferree;https://www.securite-sociale.fr/files/live/sites/SSFR/files/medias/PLFSS/2023/Annexe%202_Tableaux.xlsx
2023;2020;comptes_fonds_reserves;FRR;FRR tab2;E15;Charges de fonctionnement;2020;3467;MEUR;1000000;346700000000;False;serie_documentaire_etape_non_inferree;https://www.securite-sociale.fr/files/live/sites/SSFR/files/medias/PLFSS/2023/Annexe%202_Tableaux.xlsx
2023;2021;comptes_fonds_reserves;FRR;FRR tab2;F15;Charges de fonctionnement;2021;1367;MEUR;1000000;136700000000;False;serie_documentaire_etape_non_inferree;https://www.securite-sociale.fr/files/live/sites/SSFR/files/medias/PLFSS/2023/Annexe%202_Tableaux.xlsx
2023;2022;comptes_fonds_reserves;FRR;FRR tab2;G15;Charges de fonctionnement;2022 (p);2075;MEUR;1000000;207500000000;False;prevision_explicitement_etiquetee;https://www.securite-sociale.fr/files/live/sites/SSFR/files/medias/PLFSS/2023/Annexe%202_Tableaux.xlsx
2023;2018;comptes_fonds_reserves;FRR;FRR tab2;C16;Frais de gestion administrative;2018;71;MEUR;1000000;7100000000;False;serie_documentaire_etape_non_inferree;https://www.securite-sociale.fr/files/live/sites/SSFR/files/medias/PLFSS/2023/Annexe%202_Tableaux.xlsx
2023;2019;comptes_fonds_reserves;FRR;FRR tab2;D16;Frais de gestion administrative;2019;107;MEUR;1000000;10700000000;False;serie_documentaire_etape_non_inferree;https://www.securite-sociale.fr/files/live/sites/SSFR/files/medias/PLFSS/2023/Annexe%202_Tableaux.xlsx
2023;2020;comptes_fonds_reserves;FRR;FRR tab2;E16;Frais de gestion administrative;2020;95;MEUR;1000000;9500000000;False;serie_documentaire_etape_non_inferree;https://www.securite-sociale.fr/files/live/sites/SSFR/files/medias/PLFSS/2023/Annexe%202_Tableaux.xlsx
2023;2021;comptes_fonds_reserves;FRR;FRR tab2;F16;Frais de gestion administrative;2021;85;MEUR;1000000;8500000000;False;serie_documentaire_etape_non_inferree;https://www.securite-sociale.fr/files/live/sites/SSFR/files/medias/PLFSS/2023/Annexe%202_Tableaux.xlsx
2023;2022;comptes_fonds_reserves;FRR;FRR tab2;G16;Frais de gestion administrative;2022 (p);70;MEUR;1000000;7000000000;False;prevision_explicitement_etiquetee;https://www.securite-sociale.fr/files/live/sites/SSFR/files/medias/PLFSS/2023/Annexe%202_Tableaux.xlsx
2023;2018;comptes_fonds_reserves;FRR;FRR tab2;C17;Charges de gestion financière;2018;2067;MEUR;1000000;206700000000;False;serie_documentaire_etape_non_inferree;https://www.securite-sociale.fr/files/live/sites/SSFR/files/medias/PLFSS/2023/Annexe%202_Tableaux.xlsx
2023;2019;comptes_fonds_reserves;FRR;FRR tab2;D17;Charges de gestion financière;2019;2282;MEUR;1000000;228200000000;False;serie_documentaire_etape_non_inferree;https://www.securite-sociale.fr/files/live/sites/SSFR/files/medias/PLFSS/2023/Annexe%202_Tableaux.xlsx
2023;2020;comptes_fonds_reserves;FRR;FRR tab2;E17;Charges de gestion financière;2020;3372;MEUR;1000000;337200000000;False;serie_documentaire_etape_non_inferree;https://www.securite-sociale.fr/files/live/sites/SSFR/files/medias/PLFSS/2023/Annexe%202_Tableaux.xlsx
2023;2021;comptes_fonds_reserves;FRR;FRR tab2;F17;Charges de gestion financière;2021;1282;MEUR;1000000;128200000000;False;serie_documentaire_etape_non_inferree;https://www.securite-sociale.fr/files/live/sites/SSFR/files/medias/PLFSS/2023/Annexe%202_Tableaux.xlsx
2023;2022;comptes_fonds_reserves;FRR;FRR tab2;G17;Charges de gestion financière;2022 (p);2005;MEUR;1000000;200500000000;False;prevision_explicitement_etiquetee;https://www.securite-sociale.fr/files/live/sites/SSFR/files/medias/PLFSS/2023/Annexe%202_Tableaux.xlsx
2023;2018;comptes_fonds_reserves;FRR;FRR tab2;C18;Charges exceptionnelles;2018;0;MEUR;1000000;0;True;serie_documentaire_etape_non_inferree;https://www.securite-sociale.fr/files/live/sites/SSFR/files/medias/PLFSS/2023/Annexe%202_Tableaux.xlsx
2023;2019;comptes_fonds_reserves;FRR;FRR tab2;D18;Charges exceptionnelles;2019;0;MEUR;1000000;0;True;serie_documentaire_etape_non_inferree;https://www.securite-sociale.fr/files/live/sites/SSFR/files/medias/PLFSS/2023/Annexe%202_Tableaux.xlsx
2023;2020;comptes_fonds_reserves;FRR;FRR tab2;E18;Charges exceptionnelles;2020;0;MEUR;1000000;0;True;serie_documentaire_etape_non_inferree;https://www.securite-sociale.fr/files/live/sites/SSFR/files/medias/PLFSS/2023/Annexe%202_Tableaux.xlsx
2023;2021;comptes_fonds_reserves;FRR;FRR tab2;F18;Charges exceptionnelles;2021;0;MEUR;1000000;0;True;serie_documentaire_etape_non_inferree;https://www.securite-sociale.fr/files/live/sites/SSFR/files/medias/PLFSS/2023/Annexe%202_Tableaux.xlsx
2023;2022;comptes_fonds_reserves;FRR;FRR tab2;G18;Charges exceptionnelles;2022 (p);0;MEUR;1000000;0;True;prevision_explicitement_etiquetee;https://www.securite-sociale.fr/files/live/sites/SSFR/files/medias/PLFSS/2023/Annexe%202_Tableaux.xlsx
2023;2018;comptes_fonds_reserves;FRR;FRR tab2;C20;RESULTAT FINANCIER ;2018;1013;MEUR;1000000;101300000000;False;serie_documentaire_etape_non_inferree;https://www.securite-sociale.fr/files/live/sites/SSFR/files/medias/PLFSS/2023/Annexe%202_Tableaux.xlsx
2023;2019;comptes_fonds_reserves;FRR;FRR tab2;D20;RESULTAT FINANCIER ;2019;937;MEUR;1000000;93700000000;False;serie_documentaire_etape_non_inferree;https://www.securite-sociale.fr/files/live/sites/SSFR/files/medias/PLFSS/2023/Annexe%202_Tableaux.xlsx
2023;2020;comptes_fonds_reserves;FRR;FRR tab2;E20;RESULTAT FINANCIER ;2020;814;MEUR;1000000;81400000000;False;serie_documentaire_etape_non_inferree;https://www.securite-sociale.fr/files/live/sites/SSFR/files/medias/PLFSS/2023/Annexe%202_Tableaux.xlsx
2023;2021;comptes_fonds_reserves;FRR;FRR tab2;F20;RESULTAT FINANCIER ;2021;1649;MEUR;1000000;164900000000;False;serie_documentaire_etape_non_inferree;https://www.securite-sociale.fr/files/live/sites/SSFR/files/medias/PLFSS/2023/Annexe%202_Tableaux.xlsx
2023;2022;comptes_fonds_reserves;FRR;FRR tab2;G20;RESULTAT FINANCIER ;2022 (p);371;MEUR;1000000;37100000000;False;prevision_explicitement_etiquetee;https://www.securite-sociale.fr/files/live/sites/SSFR/files/medias/PLFSS/2023/Annexe%202_Tableaux.xlsx
2023;2018;comptes_fonds_reserves;FRR;FRR tab2;C22;RESULTAT DE L’EXERCICE ;2018;945;MEUR;1000000;94500000000;False;serie_documentaire_etape_non_inferree;https://www.securite-sociale.fr/files/live/sites/SSFR/files/medias/PLFSS/2023/Annexe%202_Tableaux.xlsx
2023;2019;comptes_fonds_reserves;FRR;FRR tab2;D22;RESULTAT DE L’EXERCICE ;2019;842;MEUR;1000000;84200000000;False;serie_documentaire_etape_non_inferree;https://www.securite-sociale.fr/files/live/sites/SSFR/files/medias/PLFSS/2023/Annexe%202_Tableaux.xlsx
2023;2020;comptes_fonds_reserves;FRR;FRR tab2;E22;RESULTAT DE L’EXERCICE ;2020;722;MEUR;1000000;72200000000;False;serie_documentaire_etape_non_inferree;https://www.securite-sociale.fr/files/live/sites/SSFR/files/medias/PLFSS/2023/Annexe%202_Tableaux.xlsx
2023;2021;comptes_fonds_reserves;FRR;FRR tab2;F22;RESULTAT DE L’EXERCICE ;2021;1564;MEUR;1000000;156400000000;False;serie_documentaire_etape_non_inferree;https://www.securite-sociale.fr/files/live/sites/SSFR/files/medias/PLFSS/2023/Annexe%202_Tableaux.xlsx
2023;2022;comptes_fonds_reserves;FRR;FRR tab2;G22;RESULTAT DE L’EXERCICE ;2022 (p);301;MEUR;1000000;30100000000;False;prevision_explicitement_etiquetee;https://www.securite-sociale.fr/files/live/sites/SSFR/files/medias/PLFSS/2023/Annexe%202_Tableaux.xlsx
2023;2017;dette_sociale;CADES;CADES tab3;C26;2017;Dette reprise cumulée;260496;MEUR;1000000;26049600000000;False;serie_documentaire_etape_non_inferree;https://www.securite-sociale.fr/files/live/sites/SSFR/files/medias/PLFSS/2023/Annexe%202_Tableaux.xlsx
2023;2017;dette_sociale;CADES;CADES tab3;D26;2017;Amortissement annuel;15044;MEUR;1000000;1504400000000;False;serie_documentaire_etape_non_inferree;https://www.securite-sociale.fr/files/live/sites/SSFR/files/medias/PLFSS/2023/Annexe%202_Tableaux.xlsx
2023;2017;dette_sociale;CADES;CADES tab3;E26;2017;Amortissement cumulé;139706;MEUR;1000000;13970600000000;False;serie_documentaire_etape_non_inferree;https://www.securite-sociale.fr/files/live/sites/SSFR/files/medias/PLFSS/2023/Annexe%202_Tableaux.xlsx
2023;2017;dette_sociale;CADES;CADES tab3;F26;2017;Situation nette de l'année;-120790;MEUR;1000000;-12079000000000;False;serie_documentaire_etape_non_inferree;https://www.securite-sociale.fr/files/live/sites/SSFR/files/medias/PLFSS/2023/Annexe%202_Tableaux.xlsx
2023;2018;dette_sociale;CADES;CADES tab3;C27;2018;Dette reprise cumulée;260496;MEUR;1000000;26049600000000;False;serie_documentaire_etape_non_inferree;https://www.securite-sociale.fr/files/live/sites/SSFR/files/medias/PLFSS/2023/Annexe%202_Tableaux.xlsx
2023;2018;dette_sociale;CADES;CADES tab3;D27;2018;Amortissement annuel;15444;MEUR;1000000;1544400000000;False;serie_documentaire_etape_non_inferree;https://www.securite-sociale.fr/files/live/sites/SSFR/files/medias/PLFSS/2023/Annexe%202_Tableaux.xlsx
2023;2018;dette_sociale;CADES;CADES tab3;E27;2018;Amortissement cumulé;155150;MEUR;1000000;15515000000000;False;serie_documentaire_etape_non_inferree;https://www.securite-sociale.fr/files/live/sites/SSFR/files/medias/PLFSS/2023/Annexe%202_Tableaux.xlsx
2023;2018;dette_sociale;CADES;CADES tab3;F27;2018;Situation nette de l'année;-105346;MEUR;1000000;-10534600000000;False;serie_documentaire_etape_non_inferree;https://www.securite-sociale.fr/files/live/sites/SSFR/files/medias/PLFSS/2023/Annexe%202_Tableaux.xlsx
2023;2019;dette_sociale;CADES;CADES tab3;C28;2019;Dette reprise cumulée;260496;MEUR;1000000;26049600000000;False;serie_documentaire_etape_non_inferree;https://www.securite-sociale.fr/files/live/sites/SSFR/files/medias/PLFSS/2023/Annexe%202_Tableaux.xlsx
2023;2019;dette_sociale;CADES;CADES tab3;D28;2019;Amortissement annuel;16253;MEUR;1000000;1625300000000;False;serie_documentaire_etape_non_inferree;https://www.securite-sociale.fr/files/live/sites/SSFR/files/medias/PLFSS/2023/Annexe%202_Tableaux.xlsx
2023;2019;dette_sociale;CADES;CADES tab3;E28;2019;Amortissement cumulé;171403;MEUR;1000000;17140300000000;False;serie_documentaire_etape_non_inferree;https://www.securite-sociale.fr/files/live/sites/SSFR/files/medias/PLFSS/2023/Annexe%202_Tableaux.xlsx
2023;2019;dette_sociale;CADES;CADES tab3;F28;2019;Situation nette de l'année;-89093;MEUR;1000000;-8909300000000;False;serie_documentaire_etape_non_inferree;https://www.securite-sociale.fr/files/live/sites/SSFR/files/medias/PLFSS/2023/Annexe%202_Tableaux.xlsx
2023;2020;dette_sociale;CADES;CADES tab3;C29;2020;Dette reprise cumulée;280496;MEUR;1000000;28049600000000;False;serie_documentaire_etape_non_inferree;https://www.securite-sociale.fr/files/live/sites/SSFR/files/medias/PLFSS/2023/Annexe%202_Tableaux.xlsx
2023;2020;dette_sociale;CADES;CADES tab3;D29;2020;Amortissement annuel;16089;MEUR;1000000;1608900000000;False;serie_documentaire_etape_non_inferree;https://www.securite-sociale.fr/files/live/sites/SSFR/files/medias/PLFSS/2023/Annexe%202_Tableaux.xlsx
2023;2020;dette_sociale;CADES;CADES tab3;E29;2020;Amortissement cumulé;187492;MEUR;1000000;18749200000000;False;serie_documentaire_etape_non_inferree;https://www.securite-sociale.fr/files/live/sites/SSFR/files/medias/PLFSS/2023/Annexe%202_Tableaux.xlsx
2023;2020;dette_sociale;CADES;CADES tab3;F29;2020;Situation nette de l'année;-93004;MEUR;1000000;-9300400000000;False;serie_documentaire_etape_non_inferree;https://www.securite-sociale.fr/files/live/sites/SSFR/files/medias/PLFSS/2023/Annexe%202_Tableaux.xlsx
2023;2021;dette_sociale;CADES;CADES tab3;C30;2021 ;Dette reprise cumulée;320496;MEUR;1000000;32049600000000;False;serie_documentaire_etape_non_inferree;https://www.securite-sociale.fr/files/live/sites/SSFR/files/medias/PLFSS/2023/Annexe%202_Tableaux.xlsx
2023;2021;dette_sociale;CADES;CADES tab3;D30;2021 ;Amortissement annuel;17813;MEUR;1000000;1781300000000;False;serie_documentaire_etape_non_inferree;https://www.securite-sociale.fr/files/live/sites/SSFR/files/medias/PLFSS/2023/Annexe%202_Tableaux.xlsx
2023;2021;dette_sociale;CADES;CADES tab3;E30;2021 ;Amortissement cumulé;205305;MEUR;1000000;20530500000000;False;serie_documentaire_etape_non_inferree;https://www.securite-sociale.fr/files/live/sites/SSFR/files/medias/PLFSS/2023/Annexe%202_Tableaux.xlsx
2023;2021;dette_sociale;CADES;CADES tab3;F30;2021 ;Situation nette de l'année;-115191;MEUR;1000000;-11519100000000;False;serie_documentaire_etape_non_inferree;https://www.securite-sociale.fr/files/live/sites/SSFR/files/medias/PLFSS/2023/Annexe%202_Tableaux.xlsx
2023;2022;dette_sociale;CADES;CADES tab3;C31;2022 (p);Dette reprise cumulée;360496;MEUR;1000000;36049600000000;False;serie_documentaire_etape_non_inferree;https://www.securite-sociale.fr/files/live/sites/SSFR/files/medias/PLFSS/2023/Annexe%202_Tableaux.xlsx
2023;2022;dette_sociale;CADES;CADES tab3;D31;2022 (p);Amortissement annuel;18571;MEUR;1000000;1857100000000;False;serie_documentaire_etape_non_inferree;https://www.securite-sociale.fr/files/live/sites/SSFR/files/medias/PLFSS/2023/Annexe%202_Tableaux.xlsx
2023;2022;dette_sociale;CADES;CADES tab3;E31;2022 (p);Amortissement cumulé;223876;MEUR;1000000;22387600000000;False;serie_documentaire_etape_non_inferree;https://www.securite-sociale.fr/files/live/sites/SSFR/files/medias/PLFSS/2023/Annexe%202_Tableaux.xlsx
2023;2022;dette_sociale;CADES;CADES tab3;F31;2022 (p);Situation nette de l'année;-136620;MEUR;1000000;-13662000000000;False;serie_documentaire_etape_non_inferree;https://www.securite-sociale.fr/files/live/sites/SSFR/files/medias/PLFSS/2023/Annexe%202_Tableaux.xlsx
2023;2019;recettes_detaillees;consolide_ROBSS_FSV;IV.tab16;C4;PRODUITS NETS;2019;508007;MEUR;1000000;50800700000000;False;serie_documentaire_etape_non_inferree;https://www.securite-sociale.fr/files/live/sites/SSFR/files/medias/PLFSS/2023/Annexe%203_Tableaux.xlsx
2023;2020;recettes_detaillees;consolide_ROBSS_FSV;IV.tab16;E4;PRODUITS NETS;2020;497210;MEUR;1000000;49721000000000;False;serie_documentaire_etape_non_inferree;https://www.securite-sociale.fr/files/live/sites/SSFR/files/medias/PLFSS/2023/Annexe%203_Tableaux.xlsx
2023;2021;recettes_detaillees;consolide_ROBSS_FSV;IV.tab16;G4;PRODUITS NETS;2021;543001;MEUR;1000000;54300100000000;False;serie_documentaire_etape_non_inferree;https://www.securite-sociale.fr/files/live/sites/SSFR/files/medias/PLFSS/2023/Annexe%203_Tableaux.xlsx
2023;2022;recettes_detaillees;consolide_ROBSS_FSV;IV.tab16;I4;PRODUITS NETS;2022 (p);571743;MEUR;1000000;57174300000000;False;prevision_explicitement_etiquetee;https://www.securite-sociale.fr/files/live/sites/SSFR/files/medias/PLFSS/2023/Annexe%203_Tableaux.xlsx
2023;2023;recettes_detaillees;consolide_ROBSS_FSV;IV.tab16;K4;PRODUITS NETS;2023 (p);594961;MEUR;1000000;59496100000000;False;prevision_explicitement_etiquetee;https://www.securite-sociale.fr/files/live/sites/SSFR/files/medias/PLFSS/2023/Annexe%203_Tableaux.xlsx
2023;2019;recettes_detaillees;consolide_ROBSS_FSV;IV.tab16;C5;COTISATIONS, IMPÔTS ET CONTRIBUTIONS NETTES;2019;489534;MEUR;1000000;48953400000000;False;serie_documentaire_etape_non_inferree;https://www.securite-sociale.fr/files/live/sites/SSFR/files/medias/PLFSS/2023/Annexe%203_Tableaux.xlsx
2023;2020;recettes_detaillees;consolide_ROBSS_FSV;IV.tab16;E5;COTISATIONS, IMPÔTS ET CONTRIBUTIONS NETTES;2020;472204;MEUR;1000000;47220400000000;False;serie_documentaire_etape_non_inferree;https://www.securite-sociale.fr/files/live/sites/SSFR/files/medias/PLFSS/2023/Annexe%203_Tableaux.xlsx
2023;2021;recettes_detaillees;consolide_ROBSS_FSV;IV.tab16;G5;COTISATIONS, IMPÔTS ET CONTRIBUTIONS NETTES;2021;521174;MEUR;1000000;52117400000000;False;serie_documentaire_etape_non_inferree;https://www.securite-sociale.fr/files/live/sites/SSFR/files/medias/PLFSS/2023/Annexe%203_Tableaux.xlsx
2023;2022;recettes_detaillees;consolide_ROBSS_FSV;IV.tab16;I5;COTISATIONS, IMPÔTS ET CONTRIBUTIONS NETTES;2022 (p);548013;MEUR;1000000;54801300000000;False;prevision_explicitement_etiquetee;https://www.securite-sociale.fr/files/live/sites/SSFR/files/medias/PLFSS/2023/Annexe%203_Tableaux.xlsx
2023;2023;recettes_detaillees;consolide_ROBSS_FSV;IV.tab16;K5;COTISATIONS, IMPÔTS ET CONTRIBUTIONS NETTES;2023 (p);570680;MEUR;1000000;57068000000000;False;prevision_explicitement_etiquetee;https://www.securite-sociale.fr/files/live/sites/SSFR/files/medias/PLFSS/2023/Annexe%203_Tableaux.xlsx
2023;2019;recettes_detaillees;consolide_ROBSS_FSV;IV.tab16;C6;Cotisations sociales brutes;2019;255388;MEUR;1000000;25538800000000;False;serie_documentaire_etape_non_inferree;https://www.securite-sociale.fr/files/live/sites/SSFR/files/medias/PLFSS/2023/Annexe%203_Tableaux.xlsx
2023;2020;recettes_detaillees;consolide_ROBSS_FSV;IV.tab16;E6;Cotisations sociales brutes;2020;243603;MEUR;1000000;24360300000000;False;serie_documentaire_etape_non_inferree;https://www.securite-sociale.fr/files/live/sites/SSFR/files/medias/PLFSS/2023/Annexe%203_Tableaux.xlsx
2023;2021;recettes_detaillees;consolide_ROBSS_FSV;IV.tab16;G6;Cotisations sociales brutes;2021;264045;MEUR;1000000;26404500000000;False;serie_documentaire_etape_non_inferree;https://www.securite-sociale.fr/files/live/sites/SSFR/files/medias/PLFSS/2023/Annexe%203_Tableaux.xlsx
2023;2022;recettes_detaillees;consolide_ROBSS_FSV;IV.tab16;I6;Cotisations sociales brutes;2022 (p);279514;MEUR;1000000;27951400000000;False;prevision_explicitement_etiquetee;https://www.securite-sociale.fr/files/live/sites/SSFR/files/medias/PLFSS/2023/Annexe%203_Tableaux.xlsx
2023;2023;recettes_detaillees;consolide_ROBSS_FSV;IV.tab16;K6;Cotisations sociales brutes;2023 (p);290184;MEUR;1000000;29018400000000;False;prevision_explicitement_etiquetee;https://www.securite-sociale.fr/files/live/sites/SSFR/files/medias/PLFSS/2023/Annexe%203_Tableaux.xlsx
2023;2019;recettes_detaillees;consolide_ROBSS_FSV;IV.tab16;C7;Cotisations sociales salariés;2019;236278;MEUR;1000000;23627800000000;False;serie_documentaire_etape_non_inferree;https://www.securite-sociale.fr/files/live/sites/SSFR/files/medias/PLFSS/2023/Annexe%203_Tableaux.xlsx
2023;2020;recettes_detaillees;consolide_ROBSS_FSV;IV.tab16;E7;Cotisations sociales salariés;2020;228179;MEUR;1000000;22817900000000;False;serie_documentaire_etape_non_inferree;https://www.securite-sociale.fr/files/live/sites/SSFR/files/medias/PLFSS/2023/Annexe%203_Tableaux.xlsx
2023;2021;recettes_detaillees;consolide_ROBSS_FSV;IV.tab16;G7;Cotisations sociales salariés;2021;243500;MEUR;1000000;24350000000000;False;serie_documentaire_etape_non_inferree;https://www.securite-sociale.fr/files/live/sites/SSFR/files/medias/PLFSS/2023/Annexe%203_Tableaux.xlsx
2023;2022;recettes_detaillees;consolide_ROBSS_FSV;IV.tab16;I7;Cotisations sociales salariés;2022 (p);258643;MEUR;1000000;25864300000000;False;prevision_explicitement_etiquetee;https://www.securite-sociale.fr/files/live/sites/SSFR/files/medias/PLFSS/2023/Annexe%203_Tableaux.xlsx
2023;2023;recettes_detaillees;consolide_ROBSS_FSV;IV.tab16;K7;Cotisations sociales salariés;2023 (p);269189;MEUR;1000000;26918900000000;False;prevision_explicitement_etiquetee;https://www.securite-sociale.fr/files/live/sites/SSFR/files/medias/PLFSS/2023/Annexe%203_Tableaux.xlsx
2023;2019;recettes_detaillees;consolide_ROBSS_FSV;IV.tab16;C8;Cotisations sociales non-salariés;2019;15862;MEUR;1000000;1586200000000;False;serie_documentaire_etape_non_inferree;https://www.securite-sociale.fr/files/live/sites/SSFR/files/medias/PLFSS/2023/Annexe%203_Tableaux.xlsx
2023;2020;recettes_detaillees;consolide_ROBSS_FSV;IV.tab16;E8;Cotisations sociales non-salariés;2020;12744;MEUR;1000000;1274400000000;False;serie_documentaire_etape_non_inferree;https://www.securite-sociale.fr/files/live/sites/SSFR/files/medias/PLFSS/2023/Annexe%203_Tableaux.xlsx
2023;2021;recettes_detaillees;consolide_ROBSS_FSV;IV.tab16;G8;Cotisations sociales non-salariés;2021;17725;MEUR;1000000;1772500000000;False;serie_documentaire_etape_non_inferree;https://www.securite-sociale.fr/files/live/sites/SSFR/files/medias/PLFSS/2023/Annexe%203_Tableaux.xlsx
2023;2022;recettes_detaillees;consolide_ROBSS_FSV;IV.tab16;I8;Cotisations sociales non-salariés;2022 (p);17963;MEUR;1000000;1796300000000;False;prevision_explicitement_etiquetee;https://www.securite-sociale.fr/files/live/sites/SSFR/files/medias/PLFSS/2023/Annexe%203_Tableaux.xlsx
2023;2023;recettes_detaillees;consolide_ROBSS_FSV;IV.tab16;K8;Cotisations sociales non-salariés;2023 (p);17966;MEUR;1000000;1796600000000;False;prevision_explicitement_etiquetee;https://www.securite-sociale.fr/files/live/sites/SSFR/files/medias/PLFSS/2023/Annexe%203_Tableaux.xlsx
2023;2019;recettes_detaillees;consolide_ROBSS_FSV;IV.tab16;C9;Cotisations des inactifs;2019;847;MEUR;1000000;84700000000;False;serie_documentaire_etape_non_inferree;https://www.securite-sociale.fr/files/live/sites/SSFR/files/medias/PLFSS/2023/Annexe%203_Tableaux.xlsx
2023;2020;recettes_detaillees;consolide_ROBSS_FSV;IV.tab16;E9;Cotisations des inactifs;2020;850;MEUR;1000000;85000000000;False;serie_documentaire_etape_non_inferree;https://www.securite-sociale.fr/files/live/sites/SSFR/files/medias/PLFSS/2023/Annexe%203_Tableaux.xlsx
2023;2021;recettes_detaillees;consolide_ROBSS_FSV;IV.tab16;G9;Cotisations des inactifs;2021;872;MEUR;1000000;87200000000;False;serie_documentaire_etape_non_inferree;https://www.securite-sociale.fr/files/live/sites/SSFR/files/medias/PLFSS/2023/Annexe%203_Tableaux.xlsx
2023;2022;recettes_detaillees;consolide_ROBSS_FSV;IV.tab16;I9;Cotisations des inactifs;2022 (p);895;MEUR;1000000;89500000000;False;prevision_explicitement_etiquetee;https://www.securite-sociale.fr/files/live/sites/SSFR/files/medias/PLFSS/2023/Annexe%203_Tableaux.xlsx
2023;2023;recettes_detaillees;consolide_ROBSS_FSV;IV.tab16;K9;Cotisations des inactifs;2023 (p);951;MEUR;1000000;95100000000;False;prevision_explicitement_etiquetee;https://www.securite-sociale.fr/files/live/sites/SSFR/files/medias/PLFSS/2023/Annexe%203_Tableaux.xlsx
2023;2019;recettes_detaillees;consolide_ROBSS_FSV;IV.tab16;C10;Autres cotisations sociales;2019;1790;MEUR;1000000;179000000000;False;serie_documentaire_etape_non_inferree;https://www.securite-sociale.fr/files/live/sites/SSFR/files/medias/PLFSS/2023/Annexe%203_Tableaux.xlsx
2023;2020;recettes_detaillees;consolide_ROBSS_FSV;IV.tab16;E10;Autres cotisations sociales;2020;1466;MEUR;1000000;146600000000;False;serie_documentaire_etape_non_inferree;https://www.securite-sociale.fr/files/live/sites/SSFR/files/medias/PLFSS/2023/Annexe%203_Tableaux.xlsx
2023;2021;recettes_detaillees;consolide_ROBSS_FSV;IV.tab16;G10;Autres cotisations sociales;2021;1588;MEUR;1000000;158800000000;False;serie_documentaire_etape_non_inferree;https://www.securite-sociale.fr/files/live/sites/SSFR/files/medias/PLFSS/2023/Annexe%203_Tableaux.xlsx
2023;2022;recettes_detaillees;consolide_ROBSS_FSV;IV.tab16;I10;Autres cotisations sociales;2022 (p);1627;MEUR;1000000;162700000000;False;prevision_explicitement_etiquetee;https://www.securite-sociale.fr/files/live/sites/SSFR/files/medias/PLFSS/2023/Annexe%203_Tableaux.xlsx
2023;2023;recettes_detaillees;consolide_ROBSS_FSV;IV.tab16;K10;Autres cotisations sociales;2023 (p);1674;MEUR;1000000;167400000000;False;prevision_explicitement_etiquetee;https://www.securite-sociale.fr/files/live/sites/SSFR/files/medias/PLFSS/2023/Annexe%203_Tableaux.xlsx
2023;2019;recettes_detaillees;consolide_ROBSS_FSV;IV.tab16;C11;Majorations et pénalités;2019;612;MEUR;1000000;61200000000;False;serie_documentaire_etape_non_inferree;https://www.securite-sociale.fr/files/live/sites/SSFR/files/medias/PLFSS/2023/Annexe%203_Tableaux.xlsx
2023;2020;recettes_detaillees;consolide_ROBSS_FSV;IV.tab16;E11;Majorations et pénalités;2020;364;MEUR;1000000;36400000000;False;serie_documentaire_etape_non_inferree;https://www.securite-sociale.fr/files/live/sites/SSFR/files/medias/PLFSS/2023/Annexe%203_Tableaux.xlsx
2023;2021;recettes_detaillees;consolide_ROBSS_FSV;IV.tab16;G11;Majorations et pénalités;2021;360;MEUR;1000000;36000000000;False;serie_documentaire_etape_non_inferree;https://www.securite-sociale.fr/files/live/sites/SSFR/files/medias/PLFSS/2023/Annexe%203_Tableaux.xlsx
2023;2022;recettes_detaillees;consolide_ROBSS_FSV;IV.tab16;I11;Majorations et pénalités;2022 (p);386;MEUR;1000000;38600000000;False;prevision_explicitement_etiquetee;https://www.securite-sociale.fr/files/live/sites/SSFR/files/medias/PLFSS/2023/Annexe%203_Tableaux.xlsx
2023;2023;recettes_detaillees;consolide_ROBSS_FSV;IV.tab16;K11;Majorations et pénalités;2023 (p);404;MEUR;1000000;40400000000;False;prevision_explicitement_etiquetee;https://www.securite-sociale.fr/files/live/sites/SSFR/files/medias/PLFSS/2023/Annexe%203_Tableaux.xlsx
2023;2019;recettes_detaillees;consolide_ROBSS_FSV;IV.tab16;C12;Cotisations prises en charge par l’État nettes;2019;5699;MEUR;1000000;569900000000;False;serie_documentaire_etape_non_inferree;https://www.securite-sociale.fr/files/live/sites/SSFR/files/medias/PLFSS/2023/Annexe%203_Tableaux.xlsx
2023;2020;recettes_detaillees;consolide_ROBSS_FSV;IV.tab16;E12;Cotisations prises en charge par l’État nettes;2020;6901;MEUR;1000000;690100000000;False;serie_documentaire_etape_non_inferree;https://www.securite-sociale.fr/files/live/sites/SSFR/files/medias/PLFSS/2023/Annexe%203_Tableaux.xlsx
2023;2021;recettes_detaillees;consolide_ROBSS_FSV;IV.tab16;G12;Cotisations prises en charge par l’État nettes;2021;8102;MEUR;1000000;810200000000;False;serie_documentaire_etape_non_inferree;https://www.securite-sociale.fr/files/live/sites/SSFR/files/medias/PLFSS/2023/Annexe%203_Tableaux.xlsx
2023;2022;recettes_detaillees;consolide_ROBSS_FSV;IV.tab16;I12;Cotisations prises en charge par l’État nettes;2022 (p);6467;MEUR;1000000;646700000000;False;prevision_explicitement_etiquetee;https://www.securite-sociale.fr/files/live/sites/SSFR/files/medias/PLFSS/2023/Annexe%203_Tableaux.xlsx
2023;2023;recettes_detaillees;consolide_ROBSS_FSV;IV.tab16;K12;Cotisations prises en charge par l’État nettes;2023 (p);5921;MEUR;1000000;592100000000;False;prevision_explicitement_etiquetee;https://www.securite-sociale.fr/files/live/sites/SSFR/files/medias/PLFSS/2023/Annexe%203_Tableaux.xlsx
2023;2019;recettes_detaillees;consolide_ROBSS_FSV;IV.tab16;C13;Contributions, impôts et taxes;2019;189130;MEUR;1000000;18913000000000;False;serie_documentaire_etape_non_inferree;https://www.securite-sociale.fr/files/live/sites/SSFR/files/medias/PLFSS/2023/Annexe%203_Tableaux.xlsx
2023;2020;recettes_detaillees;consolide_ROBSS_FSV;IV.tab16;E13;Contributions, impôts et taxes;2020;187178;MEUR;1000000;18717800000000;False;serie_documentaire_etape_non_inferree;https://www.securite-sociale.fr/files/live/sites/SSFR/files/medias/PLFSS/2023/Annexe%203_Tableaux.xlsx
2023;2021;recettes_detaillees;consolide_ROBSS_FSV;IV.tab16;G13;Contributions, impôts et taxes;2021;207182;MEUR;1000000;20718200000000;False;serie_documentaire_etape_non_inferree;https://www.securite-sociale.fr/files/live/sites/SSFR/files/medias/PLFSS/2023/Annexe%203_Tableaux.xlsx
2023;2022;recettes_detaillees;consolide_ROBSS_FSV;IV.tab16;I13;Contributions, impôts et taxes;2022 (p);218794;MEUR;1000000;21879400000000;False;prevision_explicitement_etiquetee;https://www.securite-sociale.fr/files/live/sites/SSFR/files/medias/PLFSS/2023/Annexe%203_Tableaux.xlsx
2023;2023;recettes_detaillees;consolide_ROBSS_FSV;IV.tab16;K13;Contributions, impôts et taxes;2023 (p);230182;MEUR;1000000;23018200000000;False;prevision_explicitement_etiquetee;https://www.securite-sociale.fr/files/live/sites/SSFR/files/medias/PLFSS/2023/Annexe%203_Tableaux.xlsx
2023;2019;recettes_detaillees;consolide_ROBSS_FSV;IV.tab16;C14;CSG brute;2019;100857;MEUR;1000000;10085700000000;False;serie_documentaire_etape_non_inferree;https://www.securite-sociale.fr/files/live/sites/SSFR/files/medias/PLFSS/2023/Annexe%203_Tableaux.xlsx
2023;2020;recettes_detaillees;consolide_ROBSS_FSV;IV.tab16;E14;CSG brute;2020;97376;MEUR;1000000;9737600000000;False;serie_documentaire_etape_non_inferree;https://www.securite-sociale.fr/files/live/sites/SSFR/files/medias/PLFSS/2023/Annexe%203_Tableaux.xlsx
2023;2021;recettes_detaillees;consolide_ROBSS_FSV;IV.tab16;G14;CSG brute;2021;107191;MEUR;1000000;10719100000000;False;serie_documentaire_etape_non_inferree;https://www.securite-sociale.fr/files/live/sites/SSFR/files/medias/PLFSS/2023/Annexe%203_Tableaux.xlsx
2023;2022;recettes_detaillees;consolide_ROBSS_FSV;IV.tab16;I14;CSG brute;2022 (p);113848;MEUR;1000000;11384800000000;False;prevision_explicitement_etiquetee;https://www.securite-sociale.fr/files/live/sites/SSFR/files/medias/PLFSS/2023/Annexe%203_Tableaux.xlsx
2023;2023;recettes_detaillees;consolide_ROBSS_FSV;IV.tab16;K14;CSG brute;2023 (p);118413;MEUR;1000000;11841300000000;False;prevision_explicitement_etiquetee;https://www.securite-sociale.fr/files/live/sites/SSFR/files/medias/PLFSS/2023/Annexe%203_Tableaux.xlsx
2023;2019;recettes_detaillees;consolide_ROBSS_FSV;IV.tab16;C15;CSG sur revenus d'activité;2019;66775;MEUR;1000000;6677500000000;False;serie_documentaire_etape_non_inferree;https://www.securite-sociale.fr/files/live/sites/SSFR/files/medias/PLFSS/2023/Annexe%203_Tableaux.xlsx
2023;2020;recettes_detaillees;consolide_ROBSS_FSV;IV.tab16;E15;CSG sur revenus d'activité;2020;62997;MEUR;1000000;6299700000000;False;serie_documentaire_etape_non_inferree;https://www.securite-sociale.fr/files/live/sites/SSFR/files/medias/PLFSS/2023/Annexe%203_Tableaux.xlsx
2023;2021;recettes_detaillees;consolide_ROBSS_FSV;IV.tab16;G15;CSG sur revenus d'activité;2021;71426;MEUR;1000000;7142600000000;False;serie_documentaire_etape_non_inferree;https://www.securite-sociale.fr/files/live/sites/SSFR/files/medias/PLFSS/2023/Annexe%203_Tableaux.xlsx
2023;2022;recettes_detaillees;consolide_ROBSS_FSV;IV.tab16;I15;CSG sur revenus d'activité;2022 (p);76182;MEUR;1000000;7618200000000;False;prevision_explicitement_etiquetee;https://www.securite-sociale.fr/files/live/sites/SSFR/files/medias/PLFSS/2023/Annexe%203_Tableaux.xlsx
2023;2023;recettes_detaillees;consolide_ROBSS_FSV;IV.tab16;K15;CSG sur revenus d'activité;2023 (p);79200;MEUR;1000000;7920000000000;False;prevision_explicitement_etiquetee;https://www.securite-sociale.fr/files/live/sites/SSFR/files/medias/PLFSS/2023/Annexe%203_Tableaux.xlsx
2023;2019;recettes_detaillees;consolide_ROBSS_FSV;IV.tab16;C16;CSG sur revenus de remplacement;2019;20921;MEUR;1000000;2092100000000;False;serie_documentaire_etape_non_inferree;https://www.securite-sociale.fr/files/live/sites/SSFR/files/medias/PLFSS/2023/Annexe%203_Tableaux.xlsx
2023;2020;recettes_detaillees;consolide_ROBSS_FSV;IV.tab16;E16;CSG sur revenus de remplacement;2020;22137;MEUR;1000000;2213700000000;False;serie_documentaire_etape_non_inferree;https://www.securite-sociale.fr/files/live/sites/SSFR/files/medias/PLFSS/2023/Annexe%203_Tableaux.xlsx
2023;2021;recettes_detaillees;consolide_ROBSS_FSV;IV.tab16;G16;CSG sur revenus de remplacement;2021;21968;MEUR;1000000;2196800000000;False;serie_documentaire_etape_non_inferree;https://www.securite-sociale.fr/files/live/sites/SSFR/files/medias/PLFSS/2023/Annexe%203_Tableaux.xlsx
2023;2022;recettes_detaillees;consolide_ROBSS_FSV;IV.tab16;I16;CSG sur revenus de remplacement;2022 (p);22624;MEUR;1000000;2262400000000;False;prevision_explicitement_etiquetee;https://www.securite-sociale.fr/files/live/sites/SSFR/files/medias/PLFSS/2023/Annexe%203_Tableaux.xlsx
2023;2023;recettes_detaillees;consolide_ROBSS_FSV;IV.tab16;K16;CSG sur revenus de remplacement;2023 (p);23596;MEUR;1000000;2359600000000;False;prevision_explicitement_etiquetee;https://www.securite-sociale.fr/files/live/sites/SSFR/files/medias/PLFSS/2023/Annexe%203_Tableaux.xlsx
2023;2019;recettes_detaillees;consolide_ROBSS_FSV;IV.tab16;C17;CSG sur revenus du capital;2019;12471;MEUR;1000000;1247100000000;False;serie_documentaire_etape_non_inferree;https://www.securite-sociale.fr/files/live/sites/SSFR/files/medias/PLFSS/2023/Annexe%203_Tableaux.xlsx
2023;2020;recettes_detaillees;consolide_ROBSS_FSV;IV.tab16;E17;CSG sur revenus du capital;2020;11740;MEUR;1000000;1174000000000;False;serie_documentaire_etape_non_inferree;https://www.securite-sociale.fr/files/live/sites/SSFR/files/medias/PLFSS/2023/Annexe%203_Tableaux.xlsx
2023;2021;recettes_detaillees;consolide_ROBSS_FSV;IV.tab16;G17;CSG sur revenus du capital;2021;13249;MEUR;1000000;1324900000000;False;serie_documentaire_etape_non_inferree;https://www.securite-sociale.fr/files/live/sites/SSFR/files/medias/PLFSS/2023/Annexe%203_Tableaux.xlsx
2023;2022;recettes_detaillees;consolide_ROBSS_FSV;IV.tab16;I17;CSG sur revenus du capital;2022 (p);14473;MEUR;1000000;1447300000000;False;prevision_explicitement_etiquetee;https://www.securite-sociale.fr/files/live/sites/SSFR/files/medias/PLFSS/2023/Annexe%203_Tableaux.xlsx
2023;2023;recettes_detaillees;consolide_ROBSS_FSV;IV.tab16;K17;CSG sur revenus du capital;2023 (p);15021;MEUR;1000000;1502100000000;False;prevision_explicitement_etiquetee;https://www.securite-sociale.fr/files/live/sites/SSFR/files/medias/PLFSS/2023/Annexe%203_Tableaux.xlsx
2023;2019;recettes_detaillees;consolide_ROBSS_FSV;IV.tab16;C18;Autres assiettes (jeux + majorations et pénalités);2019;689;MEUR;1000000;68900000000;False;serie_documentaire_etape_non_inferree;https://www.securite-sociale.fr/files/live/sites/SSFR/files/medias/PLFSS/2023/Annexe%203_Tableaux.xlsx
2023;2021;recettes_detaillees;consolide_ROBSS_FSV;IV.tab16;G18;Autres assiettes (jeux + majorations et pénalités);2021;548;MEUR;1000000;54800000000;False;serie_documentaire_etape_non_inferree;https://www.securite-sociale.fr/files/live/sites/SSFR/files/medias/PLFSS/2023/Annexe%203_Tableaux.xlsx
2023;2022;recettes_detaillees;consolide_ROBSS_FSV;IV.tab16;I18;Autres assiettes (jeux + majorations et pénalités);2022 (p);569;MEUR;1000000;56900000000;False;prevision_explicitement_etiquetee;https://www.securite-sociale.fr/files/live/sites/SSFR/files/medias/PLFSS/2023/Annexe%203_Tableaux.xlsx
2023;2023;recettes_detaillees;consolide_ROBSS_FSV;IV.tab16;K18;Autres assiettes (jeux + majorations et pénalités);2023 (p);595;MEUR;1000000;59500000000;False;prevision_explicitement_etiquetee;https://www.securite-sociale.fr/files/live/sites/SSFR/files/medias/PLFSS/2023/Annexe%203_Tableaux.xlsx
2023;2019;recettes_detaillees;consolide_ROBSS_FSV;IV.tab16;C19;Contributions sociales diverses;2019;6861;MEUR;1000000;686100000000;False;serie_documentaire_etape_non_inferree;https://www.securite-sociale.fr/files/live/sites/SSFR/files/medias/PLFSS/2023/Annexe%203_Tableaux.xlsx
2023;2020;recettes_detaillees;consolide_ROBSS_FSV;IV.tab16;E19;Contributions sociales diverses;2020;7214;MEUR;1000000;721400000000;False;serie_documentaire_etape_non_inferree;https://www.securite-sociale.fr/files/live/sites/SSFR/files/medias/PLFSS/2023/Annexe%203_Tableaux.xlsx
2023;2021;recettes_detaillees;consolide_ROBSS_FSV;IV.tab16;G19;Contributions sociales diverses;2021;9980;MEUR;1000000;998000000000;False;serie_documentaire_etape_non_inferree;https://www.securite-sociale.fr/files/live/sites/SSFR/files/medias/PLFSS/2023/Annexe%203_Tableaux.xlsx
2023;2022;recettes_detaillees;consolide_ROBSS_FSV;IV.tab16;I19;Contributions sociales diverses;2022 (p);10899;MEUR;1000000;1089900000000;False;prevision_explicitement_etiquetee;https://www.securite-sociale.fr/files/live/sites/SSFR/files/medias/PLFSS/2023/Annexe%203_Tableaux.xlsx
2023;2023;recettes_detaillees;consolide_ROBSS_FSV;IV.tab16;K19;Contributions sociales diverses;2023 (p);11390;MEUR;1000000;1139000000000;False;prevision_explicitement_etiquetee;https://www.securite-sociale.fr/files/live/sites/SSFR/files/medias/PLFSS/2023/Annexe%203_Tableaux.xlsx
2023;2019;recettes_detaillees;consolide_ROBSS_FSV;IV.tab16;C20;Prélèvement social et de solidarité sur les revenus du capital;2019;9;MEUR;1000000;900000000;False;serie_documentaire_etape_non_inferree;https://www.securite-sociale.fr/files/live/sites/SSFR/files/medias/PLFSS/2023/Annexe%203_Tableaux.xlsx
2023;2020;recettes_detaillees;consolide_ROBSS_FSV;IV.tab16;E20;Prélèvement social et de solidarité sur les revenus du capital;2020;-19;MEUR;1000000;-1900000000;False;serie_documentaire_etape_non_inferree;https://www.securite-sociale.fr/files/live/sites/SSFR/files/medias/PLFSS/2023/Annexe%203_Tableaux.xlsx
2023;2021;recettes_detaillees;consolide_ROBSS_FSV;IV.tab16;G20;Prélèvement social et de solidarité sur les revenus du capital;2021;-7;MEUR;1000000;-700000000;False;serie_documentaire_etape_non_inferree;https://www.securite-sociale.fr/files/live/sites/SSFR/files/medias/PLFSS/2023/Annexe%203_Tableaux.xlsx
2023;2022;recettes_detaillees;consolide_ROBSS_FSV;IV.tab16;I20;Prélèvement social et de solidarité sur les revenus du capital;2022 (p);0;MEUR;1000000;0;True;prevision_explicitement_etiquetee;https://www.securite-sociale.fr/files/live/sites/SSFR/files/medias/PLFSS/2023/Annexe%203_Tableaux.xlsx
2023;2023;recettes_detaillees;consolide_ROBSS_FSV;IV.tab16;K20;Prélèvement social et de solidarité sur les revenus du capital;2023 (p);0;MEUR;1000000;0;True;prevision_explicitement_etiquetee;https://www.securite-sociale.fr/files/live/sites/SSFR/files/medias/PLFSS/2023/Annexe%203_Tableaux.xlsx
2023;2019;recettes_detaillees;consolide_ROBSS_FSV;IV.tab16;C21;Forfait social;2019;5252;MEUR;1000000;525200000000;False;serie_documentaire_etape_non_inferree;https://www.securite-sociale.fr/files/live/sites/SSFR/files/medias/PLFSS/2023/Annexe%203_Tableaux.xlsx
2023;2020;recettes_detaillees;consolide_ROBSS_FSV;IV.tab16;E21;Forfait social;2020;5428;MEUR;1000000;542800000000;False;serie_documentaire_etape_non_inferree;https://www.securite-sociale.fr/files/live/sites/SSFR/files/medias/PLFSS/2023/Annexe%203_Tableaux.xlsx
2023;2021;recettes_detaillees;consolide_ROBSS_FSV;IV.tab16;G21;Forfait social;2021;5136;MEUR;1000000;513600000000;False;serie_documentaire_etape_non_inferree;https://www.securite-sociale.fr/files/live/sites/SSFR/files/medias/PLFSS/2023/Annexe%203_Tableaux.xlsx
2023;2022;recettes_detaillees;consolide_ROBSS_FSV;IV.tab16;I21;Forfait social;2022 (p);5881;MEUR;1000000;588100000000;False;prevision_explicitement_etiquetee;https://www.securite-sociale.fr/files/live/sites/SSFR/files/medias/PLFSS/2023/Annexe%203_Tableaux.xlsx
2023;2023;recettes_detaillees;consolide_ROBSS_FSV;IV.tab16;K21;Forfait social;2023 (p);6103;MEUR;1000000;610300000000;False;prevision_explicitement_etiquetee;https://www.securite-sociale.fr/files/live/sites/SSFR/files/medias/PLFSS/2023/Annexe%203_Tableaux.xlsx
2023;2019;recettes_detaillees;consolide_ROBSS_FSV;IV.tab16;C22;Contribution solidarité autonomie (CSA);2019;0;MEUR;1000000;0;True;serie_documentaire_etape_non_inferree;https://www.securite-sociale.fr/files/live/sites/SSFR/files/medias/PLFSS/2023/Annexe%203_Tableaux.xlsx
2023;2020;recettes_detaillees;consolide_ROBSS_FSV;IV.tab16;E22;Contribution solidarité autonomie (CSA);2020;0;MEUR;1000000;0;True;serie_documentaire_etape_non_inferree;https://www.securite-sociale.fr/files/live/sites/SSFR/files/medias/PLFSS/2023/Annexe%203_Tableaux.xlsx
2023;2021;recettes_detaillees;consolide_ROBSS_FSV;IV.tab16;G22;Contribution solidarité autonomie (CSA);2021;2881;MEUR;1000000;288100000000;False;serie_documentaire_etape_non_inferree;https://www.securite-sociale.fr/files/live/sites/SSFR/files/medias/PLFSS/2023/Annexe%203_Tableaux.xlsx
2023;2022;recettes_detaillees;consolide_ROBSS_FSV;IV.tab16;I22;Contribution solidarité autonomie (CSA);2022 (p);3073;MEUR;1000000;307300000000;False;prevision_explicitement_etiquetee;https://www.securite-sociale.fr/files/live/sites/SSFR/files/medias/PLFSS/2023/Annexe%203_Tableaux.xlsx
2023;2023;recettes_detaillees;consolide_ROBSS_FSV;IV.tab16;K22;Contribution solidarité autonomie (CSA);2023 (p);3235;MEUR;1000000;323500000000;False;prevision_explicitement_etiquetee;https://www.securite-sociale.fr/files/live/sites/SSFR/files/medias/PLFSS/2023/Annexe%203_Tableaux.xlsx
2023;2019;recettes_detaillees;consolide_ROBSS_FSV;IV.tab16;C23;Autres;2019;1600;MEUR;1000000;160000000000;False;serie_documentaire_etape_non_inferree;https://www.securite-sociale.fr/files/live/sites/SSFR/files/medias/PLFSS/2023/Annexe%203_Tableaux.xlsx
2023;2020;recettes_detaillees;consolide_ROBSS_FSV;IV.tab16;E23;Autres;2020;1805;MEUR;1000000;180500000000;False;serie_documentaire_etape_non_inferree;https://www.securite-sociale.fr/files/live/sites/SSFR/files/medias/PLFSS/2023/Annexe%203_Tableaux.xlsx
2023;2021;recettes_detaillees;consolide_ROBSS_FSV;IV.tab16;G23;Autres;2021;1970;MEUR;1000000;197000000000;False;serie_documentaire_etape_non_inferree;https://www.securite-sociale.fr/files/live/sites/SSFR/files/medias/PLFSS/2023/Annexe%203_Tableaux.xlsx
2023;2022;recettes_detaillees;consolide_ROBSS_FSV;IV.tab16;I23;Autres;2022 (p);1945;MEUR;1000000;194500000000;False;prevision_explicitement_etiquetee;https://www.securite-sociale.fr/files/live/sites/SSFR/files/medias/PLFSS/2023/Annexe%203_Tableaux.xlsx
2023;2023;recettes_detaillees;consolide_ROBSS_FSV;IV.tab16;K23;Autres;2023 (p);2052;MEUR;1000000;205200000000;False;prevision_explicitement_etiquetee;https://www.securite-sociale.fr/files/live/sites/SSFR/files/medias/PLFSS/2023/Annexe%203_Tableaux.xlsx
2023;2019;recettes_detaillees;consolide_ROBSS_FSV;IV.tab16;C24;Impôts et taxes;2019;81412;MEUR;1000000;8141200000000;False;serie_documentaire_etape_non_inferree;https://www.securite-sociale.fr/files/live/sites/SSFR/files/medias/PLFSS/2023/Annexe%203_Tableaux.xlsx
2023;2020;recettes_detaillees;consolide_ROBSS_FSV;IV.tab16;E24;Impôts et taxes;2020;82588;MEUR;1000000;8258800000000;False;serie_documentaire_etape_non_inferree;https://www.securite-sociale.fr/files/live/sites/SSFR/files/medias/PLFSS/2023/Annexe%203_Tableaux.xlsx
2023;2021;recettes_detaillees;consolide_ROBSS_FSV;IV.tab16;G24;Impôts et taxes;2021;90011;MEUR;1000000;9001100000000;False;serie_documentaire_etape_non_inferree;https://www.securite-sociale.fr/files/live/sites/SSFR/files/medias/PLFSS/2023/Annexe%203_Tableaux.xlsx
2023;2022;recettes_detaillees;consolide_ROBSS_FSV;IV.tab16;I24;Impôts et taxes;2022 (p);94047;MEUR;1000000;9404700000000;False;prevision_explicitement_etiquetee;https://www.securite-sociale.fr/files/live/sites/SSFR/files/medias/PLFSS/2023/Annexe%203_Tableaux.xlsx
2023;2023;recettes_detaillees;consolide_ROBSS_FSV;IV.tab16;K24;Impôts et taxes;2023 (p);100379;MEUR;1000000;10037900000000;False;prevision_explicitement_etiquetee;https://www.securite-sociale.fr/files/live/sites/SSFR/files/medias/PLFSS/2023/Annexe%203_Tableaux.xlsx
2023;2019;recettes_detaillees;consolide_ROBSS_FSV;IV.tab16;C25;Tabac;2019;13022;MEUR;1000000;1302200000000;False;serie_documentaire_etape_non_inferree;https://www.securite-sociale.fr/files/live/sites/SSFR/files/medias/PLFSS/2023/Annexe%203_Tableaux.xlsx
2023;2020;recettes_detaillees;consolide_ROBSS_FSV;IV.tab16;E25;Tabac;2020;14841;MEUR;1000000;1484100000000;False;serie_documentaire_etape_non_inferree;https://www.securite-sociale.fr/files/live/sites/SSFR/files/medias/PLFSS/2023/Annexe%203_Tableaux.xlsx
2023;2021;recettes_detaillees;consolide_ROBSS_FSV;IV.tab16;G25;Tabac;2021;14738;MEUR;1000000;1473800000000;False;serie_documentaire_etape_non_inferree;https://www.securite-sociale.fr/files/live/sites/SSFR/files/medias/PLFSS/2023/Annexe%203_Tableaux.xlsx
2023;2022;recettes_detaillees;consolide_ROBSS_FSV;IV.tab16;I25;Tabac;2022 (p);13929;MEUR;1000000;1392900000000;False;prevision_explicitement_etiquetee;https://www.securite-sociale.fr/files/live/sites/SSFR/files/medias/PLFSS/2023/Annexe%203_Tableaux.xlsx
2023;2023;recettes_detaillees;consolide_ROBSS_FSV;IV.tab16;K25;Tabac;2023 (p);14378;MEUR;1000000;1437800000000;False;prevision_explicitement_etiquetee;https://www.securite-sociale.fr/files/live/sites/SSFR/files/medias/PLFSS/2023/Annexe%203_Tableaux.xlsx
2023;2019;recettes_detaillees;consolide_ROBSS_FSV;IV.tab16;C26;Taxe sur les salaires;2019;12308;MEUR;1000000;1230800000000;False;serie_documentaire_etape_non_inferree;https://www.securite-sociale.fr/files/live/sites/SSFR/files/medias/PLFSS/2023/Annexe%203_Tableaux.xlsx
2023;2020;recettes_detaillees;consolide_ROBSS_FSV;IV.tab16;E26;Taxe sur les salaires;2020;14537;MEUR;1000000;1453700000000;False;serie_documentaire_etape_non_inferree;https://www.securite-sociale.fr/files/live/sites/SSFR/files/medias/PLFSS/2023/Annexe%203_Tableaux.xlsx
2023;2021;recettes_detaillees;consolide_ROBSS_FSV;IV.tab16;G26;Taxe sur les salaires;2021;15380;MEUR;1000000;1538000000000;False;serie_documentaire_etape_non_inferree;https://www.securite-sociale.fr/files/live/sites/SSFR/files/medias/PLFSS/2023/Annexe%203_Tableaux.xlsx
2023;2022;recettes_detaillees;consolide_ROBSS_FSV;IV.tab16;I26;Taxe sur les salaires;2022 (p);16502;MEUR;1000000;1650200000000;False;prevision_explicitement_etiquetee;https://www.securite-sociale.fr/files/live/sites/SSFR/files/medias/PLFSS/2023/Annexe%203_Tableaux.xlsx
2023;2023;recettes_detaillees;consolide_ROBSS_FSV;IV.tab16;K26;Taxe sur les salaires;2023 (p);17418;MEUR;1000000;1741800000000;False;prevision_explicitement_etiquetee;https://www.securite-sociale.fr/files/live/sites/SSFR/files/medias/PLFSS/2023/Annexe%203_Tableaux.xlsx
2023;2019;recettes_detaillees;consolide_ROBSS_FSV;IV.tab16;C27;TVA nette;2019;41023;MEUR;1000000;4102300000000;False;serie_documentaire_etape_non_inferree;https://www.securite-sociale.fr/files/live/sites/SSFR/files/medias/PLFSS/2023/Annexe%203_Tableaux.xlsx
2023;2020;recettes_detaillees;consolide_ROBSS_FSV;IV.tab16;E27;TVA nette;2020;36827;MEUR;1000000;3682700000000;False;serie_documentaire_etape_non_inferree;https://www.securite-sociale.fr/files/live/sites/SSFR/files/medias/PLFSS/2023/Annexe%203_Tableaux.xlsx
2023;2021;recettes_detaillees;consolide_ROBSS_FSV;IV.tab16;G27;TVA nette;2021;44312;MEUR;1000000;4431200000000;False;serie_documentaire_etape_non_inferree;https://www.securite-sociale.fr/files/live/sites/SSFR/files/medias/PLFSS/2023/Annexe%203_Tableaux.xlsx
2023;2022;recettes_detaillees;consolide_ROBSS_FSV;IV.tab16;I27;TVA nette;2022 (p);46555;MEUR;1000000;4655500000000;False;prevision_explicitement_etiquetee;https://www.securite-sociale.fr/files/live/sites/SSFR/files/medias/PLFSS/2023/Annexe%203_Tableaux.xlsx
2023;2023;recettes_detaillees;consolide_ROBSS_FSV;IV.tab16;K27;TVA nette;2023 (p);50313;MEUR;1000000;5031300000000;False;prevision_explicitement_etiquetee;https://www.securite-sociale.fr/files/live/sites/SSFR/files/medias/PLFSS/2023/Annexe%203_Tableaux.xlsx
2023;2019;recettes_detaillees;consolide_ROBSS_FSV;IV.tab16;C28;CSSS (yc additionnelle);2019;3898;MEUR;1000000;389800000000;False;serie_documentaire_etape_non_inferree;https://www.securite-sociale.fr/files/live/sites/SSFR/files/medias/PLFSS/2023/Annexe%203_Tableaux.xlsx
2023;2020;recettes_detaillees;consolide_ROBSS_FSV;IV.tab16;E28;CSSS (yc additionnelle);2020;4107;MEUR;1000000;410700000000;False;serie_documentaire_etape_non_inferree;https://www.securite-sociale.fr/files/live/sites/SSFR/files/medias/PLFSS/2023/Annexe%203_Tableaux.xlsx
2023;2021;recettes_detaillees;consolide_ROBSS_FSV;IV.tab16;G28;CSSS (yc additionnelle);2021;3664;MEUR;1000000;366400000000;False;serie_documentaire_etape_non_inferree;https://www.securite-sociale.fr/files/live/sites/SSFR/files/medias/PLFSS/2023/Annexe%203_Tableaux.xlsx
2023;2022;recettes_detaillees;consolide_ROBSS_FSV;IV.tab16;I28;CSSS (yc additionnelle);2022 (p);4375;MEUR;1000000;437500000000;False;prevision_explicitement_etiquetee;https://www.securite-sociale.fr/files/live/sites/SSFR/files/medias/PLFSS/2023/Annexe%203_Tableaux.xlsx
2023;2023;recettes_detaillees;consolide_ROBSS_FSV;IV.tab16;K28;CSSS (yc additionnelle);2023 (p);4613;MEUR;1000000;461300000000;False;prevision_explicitement_etiquetee;https://www.securite-sociale.fr/files/live/sites/SSFR/files/medias/PLFSS/2023/Annexe%203_Tableaux.xlsx
2023;2019;recettes_detaillees;consolide_ROBSS_FSV;IV.tab16;C29;Taxe alcools et boissons non-alcoolisées;2019;4442;MEUR;1000000;444200000000;False;serie_documentaire_etape_non_inferree;https://www.securite-sociale.fr/files/live/sites/SSFR/files/medias/PLFSS/2023/Annexe%203_Tableaux.xlsx
2023;2020;recettes_detaillees;consolide_ROBSS_FSV;IV.tab16;E29;Taxe alcools et boissons non-alcoolisées;2020;4194;MEUR;1000000;419400000000;False;serie_documentaire_etape_non_inferree;https://www.securite-sociale.fr/files/live/sites/SSFR/files/medias/PLFSS/2023/Annexe%203_Tableaux.xlsx
2023;2021;recettes_detaillees;consolide_ROBSS_FSV;IV.tab16;G29;Taxe alcools et boissons non-alcoolisées;2021;4432;MEUR;1000000;443200000000;False;serie_documentaire_etape_non_inferree;https://www.securite-sociale.fr/files/live/sites/SSFR/files/medias/PLFSS/2023/Annexe%203_Tableaux.xlsx
2023;2022;recettes_detaillees;consolide_ROBSS_FSV;IV.tab16;I29;Taxe alcools et boissons non-alcoolisées;2022 (p);4300;MEUR;1000000;430000000000;False;prevision_explicitement_etiquetee;https://www.securite-sociale.fr/files/live/sites/SSFR/files/medias/PLFSS/2023/Annexe%203_Tableaux.xlsx
2023;2023;recettes_detaillees;consolide_ROBSS_FSV;IV.tab16;K29;Taxe alcools et boissons non-alcoolisées;2023 (p);4375;MEUR;1000000;437500000000;False;prevision_explicitement_etiquetee;https://www.securite-sociale.fr/files/live/sites/SSFR/files/medias/PLFSS/2023/Annexe%203_Tableaux.xlsx
2023;2019;recettes_detaillees;consolide_ROBSS_FSV;IV.tab16;C30;Autres recettes fiscales;2019;6720;MEUR;1000000;672000000000;False;serie_documentaire_etape_non_inferree;https://www.securite-sociale.fr/files/live/sites/SSFR/files/medias/PLFSS/2023/Annexe%203_Tableaux.xlsx
2023;2020;recettes_detaillees;consolide_ROBSS_FSV;IV.tab16;E30;Autres recettes fiscales;2020;8083;MEUR;1000000;808300000000;False;serie_documentaire_etape_non_inferree;https://www.securite-sociale.fr/files/live/sites/SSFR/files/medias/PLFSS/2023/Annexe%203_Tableaux.xlsx
2023;2021;recettes_detaillees;consolide_ROBSS_FSV;IV.tab16;G30;Autres recettes fiscales;2021;7484;MEUR;1000000;748400000000;False;serie_documentaire_etape_non_inferree;https://www.securite-sociale.fr/files/live/sites/SSFR/files/medias/PLFSS/2023/Annexe%203_Tableaux.xlsx
2023;2022;recettes_detaillees;consolide_ROBSS_FSV;IV.tab16;I30;Autres recettes fiscales;2022 (p);8387;MEUR;1000000;838700000000;False;prevision_explicitement_etiquetee;https://www.securite-sociale.fr/files/live/sites/SSFR/files/medias/PLFSS/2023/Annexe%203_Tableaux.xlsx
2023;2023;recettes_detaillees;consolide_ROBSS_FSV;IV.tab16;K30;Autres recettes fiscales;2023 (p);9283;MEUR;1000000;928300000000;False;prevision_explicitement_etiquetee;https://www.securite-sociale.fr/files/live/sites/SSFR/files/medias/PLFSS/2023/Annexe%203_Tableaux.xlsx
2023;2019;recettes_detaillees;consolide_ROBSS_FSV;IV.tab16;C31;Contribution de l'employeur principal;2019;41115;MEUR;1000000;4111500000000;False;serie_documentaire_etape_non_inferree;https://www.securite-sociale.fr/files/live/sites/SSFR/files/medias/PLFSS/2023/Annexe%203_Tableaux.xlsx
2023;2020;recettes_detaillees;consolide_ROBSS_FSV;IV.tab16;E31;Contribution de l'employeur principal;2020;42120;MEUR;1000000;4212000000000;False;serie_documentaire_etape_non_inferree;https://www.securite-sociale.fr/files/live/sites/SSFR/files/medias/PLFSS/2023/Annexe%203_Tableaux.xlsx
2023;2021;recettes_detaillees;consolide_ROBSS_FSV;IV.tab16;G31;Contribution de l'employeur principal;2021;42323;MEUR;1000000;4232300000000;False;serie_documentaire_etape_non_inferree;https://www.securite-sociale.fr/files/live/sites/SSFR/files/medias/PLFSS/2023/Annexe%203_Tableaux.xlsx
2023;2022;recettes_detaillees;consolide_ROBSS_FSV;IV.tab16;I31;Contribution de l'employeur principal;2022 (p);44611;MEUR;1000000;4461100000000;False;prevision_explicitement_etiquetee;https://www.securite-sociale.fr/files/live/sites/SSFR/files/medias/PLFSS/2023/Annexe%203_Tableaux.xlsx
2023;2023;recettes_detaillees;consolide_ROBSS_FSV;IV.tab16;K31;Contribution de l'employeur principal;2023 (p);46518;MEUR;1000000;4651800000000;False;prevision_explicitement_etiquetee;https://www.securite-sociale.fr/files/live/sites/SSFR/files/medias/PLFSS/2023/Annexe%203_Tableaux.xlsx
2023;2019;recettes_detaillees;consolide_ROBSS_FSV;IV.tab16;C32;Charges liées au non-recouvrement;2019;-1799;MEUR;1000000;-179900000000;False;serie_documentaire_etape_non_inferree;https://www.securite-sociale.fr/files/live/sites/SSFR/files/medias/PLFSS/2023/Annexe%203_Tableaux.xlsx
2023;2020;recettes_detaillees;consolide_ROBSS_FSV;IV.tab16;E32;Charges liées au non-recouvrement;2020;-7599;MEUR;1000000;-759900000000;False;serie_documentaire_etape_non_inferree;https://www.securite-sociale.fr/files/live/sites/SSFR/files/medias/PLFSS/2023/Annexe%203_Tableaux.xlsx
2023;2021;recettes_detaillees;consolide_ROBSS_FSV;IV.tab16;G32;Charges liées au non-recouvrement;2021;-478;MEUR;1000000;-47800000000;False;serie_documentaire_etape_non_inferree;https://www.securite-sociale.fr/files/live/sites/SSFR/files/medias/PLFSS/2023/Annexe%203_Tableaux.xlsx
2023;2022;recettes_detaillees;consolide_ROBSS_FSV;IV.tab16;I32;Charges liées au non-recouvrement;2022 (p);-1373;MEUR;1000000;-137300000000;False;prevision_explicitement_etiquetee;https://www.securite-sociale.fr/files/live/sites/SSFR/files/medias/PLFSS/2023/Annexe%203_Tableaux.xlsx
2023;2023;recettes_detaillees;consolide_ROBSS_FSV;IV.tab16;K32;Charges liées au non-recouvrement;2023 (p);-2126;MEUR;1000000;-212600000000;False;prevision_explicitement_etiquetee;https://www.securite-sociale.fr/files/live/sites/SSFR/files/medias/PLFSS/2023/Annexe%203_Tableaux.xlsx
2023;2019;recettes_detaillees;consolide_ROBSS_FSV;IV.tab16;C33;Sur cotisations sociales;2019;-1877;MEUR;1000000;-187700000000;False;serie_documentaire_etape_non_inferree;https://www.securite-sociale.fr/files/live/sites/SSFR/files/medias/PLFSS/2023/Annexe%203_Tableaux.xlsx
2023;2020;recettes_detaillees;consolide_ROBSS_FSV;IV.tab16;E33;Sur cotisations sociales;2020;-5826;MEUR;1000000;-582600000000;False;serie_documentaire_etape_non_inferree;https://www.securite-sociale.fr/files/live/sites/SSFR/files/medias/PLFSS/2023/Annexe%203_Tableaux.xlsx
2023;2021;recettes_detaillees;consolide_ROBSS_FSV;IV.tab16;G33;Sur cotisations sociales;2021;-461;MEUR;1000000;-46100000000;False;serie_documentaire_etape_non_inferree;https://www.securite-sociale.fr/files/live/sites/SSFR/files/medias/PLFSS/2023/Annexe%203_Tableaux.xlsx
2023;2022;recettes_detaillees;consolide_ROBSS_FSV;IV.tab16;I33;Sur cotisations sociales;2022 (p);-852;MEUR;1000000;-85200000000;False;prevision_explicitement_etiquetee;https://www.securite-sociale.fr/files/live/sites/SSFR/files/medias/PLFSS/2023/Annexe%203_Tableaux.xlsx
2023;2023;recettes_detaillees;consolide_ROBSS_FSV;IV.tab16;K33;Sur cotisations sociales;2023 (p);-1604;MEUR;1000000;-160400000000;False;prevision_explicitement_etiquetee;https://www.securite-sociale.fr/files/live/sites/SSFR/files/medias/PLFSS/2023/Annexe%203_Tableaux.xlsx
2023;2019;recettes_detaillees;consolide_ROBSS_FSV;IV.tab16;C34;Sur CSG (hors capital);2019;-102;MEUR;1000000;-10200000000;False;serie_documentaire_etape_non_inferree;https://www.securite-sociale.fr/files/live/sites/SSFR/files/medias/PLFSS/2023/Annexe%203_Tableaux.xlsx
2023;2020;recettes_detaillees;consolide_ROBSS_FSV;IV.tab16;E34;Sur CSG (hors capital);2020;-1556;MEUR;1000000;-155600000000;False;serie_documentaire_etape_non_inferree;https://www.securite-sociale.fr/files/live/sites/SSFR/files/medias/PLFSS/2023/Annexe%203_Tableaux.xlsx
2023;2021;recettes_detaillees;consolide_ROBSS_FSV;IV.tab16;G34;Sur CSG (hors capital);2021;123;MEUR;1000000;12300000000;False;serie_documentaire_etape_non_inferree;https://www.securite-sociale.fr/files/live/sites/SSFR/files/medias/PLFSS/2023/Annexe%203_Tableaux.xlsx
2023;2022;recettes_detaillees;consolide_ROBSS_FSV;IV.tab16;I34;Sur CSG (hors capital);2022 (p);-514;MEUR;1000000;-51400000000;False;prevision_explicitement_etiquetee;https://www.securite-sociale.fr/files/live/sites/SSFR/files/medias/PLFSS/2023/Annexe%203_Tableaux.xlsx
2023;2023;recettes_detaillees;consolide_ROBSS_FSV;IV.tab16;K34;Sur CSG (hors capital);2023 (p);-516;MEUR;1000000;-51600000000;False;prevision_explicitement_etiquetee;https://www.securite-sociale.fr/files/live/sites/SSFR/files/medias/PLFSS/2023/Annexe%203_Tableaux.xlsx
2023;2019;recettes_detaillees;consolide_ROBSS_FSV;IV.tab16;C35;Sur autres produits;2019;180;MEUR;1000000;18000000000;False;serie_documentaire_etape_non_inferree;https://www.securite-sociale.fr/files/live/sites/SSFR/files/medias/PLFSS/2023/Annexe%203_Tableaux.xlsx
2023;2020;recettes_detaillees;consolide_ROBSS_FSV;IV.tab16;E35;Sur autres produits;2020;-216;MEUR;1000000;-21600000000;False;serie_documentaire_etape_non_inferree;https://www.securite-sociale.fr/files/live/sites/SSFR/files/medias/PLFSS/2023/Annexe%203_Tableaux.xlsx
2023;2021;recettes_detaillees;consolide_ROBSS_FSV;IV.tab16;G35;Sur autres produits;2021;-140;MEUR;1000000;-14000000000;False;serie_documentaire_etape_non_inferree;https://www.securite-sociale.fr/files/live/sites/SSFR/files/medias/PLFSS/2023/Annexe%203_Tableaux.xlsx
2023;2022;recettes_detaillees;consolide_ROBSS_FSV;IV.tab16;I35;Sur autres produits;2022 (p);-6;MEUR;1000000;-600000000;False;prevision_explicitement_etiquetee;https://www.securite-sociale.fr/files/live/sites/SSFR/files/medias/PLFSS/2023/Annexe%203_Tableaux.xlsx
2023;2023;recettes_detaillees;consolide_ROBSS_FSV;IV.tab16;K35;Sur autres produits;2023 (p);-6;MEUR;1000000;-600000000;False;prevision_explicitement_etiquetee;https://www.securite-sociale.fr/files/live/sites/SSFR/files/medias/PLFSS/2023/Annexe%203_Tableaux.xlsx
2023;2019;recettes_detaillees;consolide_ROBSS_FSV;IV.tab16;C36;TRANSFERTS NETS;2019;10767;MEUR;1000000;1076700000000;False;serie_documentaire_etape_non_inferree;https://www.securite-sociale.fr/files/live/sites/SSFR/files/medias/PLFSS/2023/Annexe%203_Tableaux.xlsx
2023;2020;recettes_detaillees;consolide_ROBSS_FSV;IV.tab16;E36;TRANSFERTS NETS;2020;16170;MEUR;1000000;1617000000000;False;serie_documentaire_etape_non_inferree;https://www.securite-sociale.fr/files/live/sites/SSFR/files/medias/PLFSS/2023/Annexe%203_Tableaux.xlsx
2023;2021;recettes_detaillees;consolide_ROBSS_FSV;IV.tab16;G36;TRANSFERTS NETS;2021;11229;MEUR;1000000;1122900000000;False;serie_documentaire_etape_non_inferree;https://www.securite-sociale.fr/files/live/sites/SSFR/files/medias/PLFSS/2023/Annexe%203_Tableaux.xlsx
2023;2022;recettes_detaillees;consolide_ROBSS_FSV;IV.tab16;I36;TRANSFERTS NETS;2022 (p);11152;MEUR;1000000;1115200000000;False;prevision_explicitement_etiquetee;https://www.securite-sociale.fr/files/live/sites/SSFR/files/medias/PLFSS/2023/Annexe%203_Tableaux.xlsx
2023;2023;recettes_detaillees;consolide_ROBSS_FSV;IV.tab16;K36;TRANSFERTS NETS;2023 (p);11181;MEUR;1000000;1118100000000;False;prevision_explicitement_etiquetee;https://www.securite-sociale.fr/files/live/sites/SSFR/files/medias/PLFSS/2023/Annexe%203_Tableaux.xlsx
2023;2019;recettes_detaillees;consolide_ROBSS_FSV;IV.tab16;C37;Tranferts avec régimes de base;2019;512;MEUR;1000000;51200000000;False;serie_documentaire_etape_non_inferree;https://www.securite-sociale.fr/files/live/sites/SSFR/files/medias/PLFSS/2023/Annexe%203_Tableaux.xlsx
2023;2020;recettes_detaillees;consolide_ROBSS_FSV;IV.tab16;E37;Tranferts avec régimes de base;2020;5576;MEUR;1000000;557600000000;False;serie_documentaire_etape_non_inferree;https://www.securite-sociale.fr/files/live/sites/SSFR/files/medias/PLFSS/2023/Annexe%203_Tableaux.xlsx
2023;2021;recettes_detaillees;consolide_ROBSS_FSV;IV.tab16;G37;Tranferts avec régimes de base;2021;769;MEUR;1000000;76900000000;False;serie_documentaire_etape_non_inferree;https://www.securite-sociale.fr/files/live/sites/SSFR/files/medias/PLFSS/2023/Annexe%203_Tableaux.xlsx
2023;2022;recettes_detaillees;consolide_ROBSS_FSV;IV.tab16;I37;Tranferts avec régimes de base;2022 (p);622;MEUR;1000000;62200000000;False;prevision_explicitement_etiquetee;https://www.securite-sociale.fr/files/live/sites/SSFR/files/medias/PLFSS/2023/Annexe%203_Tableaux.xlsx
2023;2023;recettes_detaillees;consolide_ROBSS_FSV;IV.tab16;K37;Tranferts avec régimes de base;2023 (p);435;MEUR;1000000;43500000000;False;prevision_explicitement_etiquetee;https://www.securite-sociale.fr/files/live/sites/SSFR/files/medias/PLFSS/2023/Annexe%203_Tableaux.xlsx
2023;2019;recettes_detaillees;consolide_ROBSS_FSV;IV.tab16;C38;Transferts avec les fonds;2019;1401;MEUR;1000000;140100000000;False;serie_documentaire_etape_non_inferree;https://www.securite-sociale.fr/files/live/sites/SSFR/files/medias/PLFSS/2023/Annexe%203_Tableaux.xlsx
2023;2020;recettes_detaillees;consolide_ROBSS_FSV;IV.tab16;E38;Transferts avec les fonds;2020;1527;MEUR;1000000;152700000000;False;serie_documentaire_etape_non_inferree;https://www.securite-sociale.fr/files/live/sites/SSFR/files/medias/PLFSS/2023/Annexe%203_Tableaux.xlsx
2023;2021;recettes_detaillees;consolide_ROBSS_FSV;IV.tab16;G38;Transferts avec les fonds;2021;2;MEUR;1000000;200000000;False;serie_documentaire_etape_non_inferree;https://www.securite-sociale.fr/files/live/sites/SSFR/files/medias/PLFSS/2023/Annexe%203_Tableaux.xlsx
2023;2022;recettes_detaillees;consolide_ROBSS_FSV;IV.tab16;I38;Transferts avec les fonds;2022 (p);3;MEUR;1000000;300000000;False;prevision_explicitement_etiquetee;https://www.securite-sociale.fr/files/live/sites/SSFR/files/medias/PLFSS/2023/Annexe%203_Tableaux.xlsx
2023;2023;recettes_detaillees;consolide_ROBSS_FSV;IV.tab16;K38;Transferts avec les fonds;2023 (p);3;MEUR;1000000;300000000;False;prevision_explicitement_etiquetee;https://www.securite-sociale.fr/files/live/sites/SSFR/files/medias/PLFSS/2023/Annexe%203_Tableaux.xlsx
2023;2019;recettes_detaillees;consolide_ROBSS_FSV;IV.tab16;C39;Contributions publiques;2019;7664;MEUR;1000000;766400000000;False;serie_documentaire_etape_non_inferree;https://www.securite-sociale.fr/files/live/sites/SSFR/files/medias/PLFSS/2023/Annexe%203_Tableaux.xlsx
2023;2020;recettes_detaillees;consolide_ROBSS_FSV;IV.tab16;E39;Contributions publiques;2020;7839;MEUR;1000000;783900000000;False;serie_documentaire_etape_non_inferree;https://www.securite-sociale.fr/files/live/sites/SSFR/files/medias/PLFSS/2023/Annexe%203_Tableaux.xlsx
2023;2021;recettes_detaillees;consolide_ROBSS_FSV;IV.tab16;G39;Contributions publiques;2021;9016;MEUR;1000000;901600000000;False;serie_documentaire_etape_non_inferree;https://www.securite-sociale.fr/files/live/sites/SSFR/files/medias/PLFSS/2023/Annexe%203_Tableaux.xlsx
2023;2022;recettes_detaillees;consolide_ROBSS_FSV;IV.tab16;I39;Contributions publiques;2022 (p);9184;MEUR;1000000;918400000000;False;prevision_explicitement_etiquetee;https://www.securite-sociale.fr/files/live/sites/SSFR/files/medias/PLFSS/2023/Annexe%203_Tableaux.xlsx
2023;2023;recettes_detaillees;consolide_ROBSS_FSV;IV.tab16;K39;Contributions publiques;2023 (p);9299;MEUR;1000000;929900000000;False;prevision_explicitement_etiquetee;https://www.securite-sociale.fr/files/live/sites/SSFR/files/medias/PLFSS/2023/Annexe%203_Tableaux.xlsx
2023;2019;recettes_detaillees;consolide_ROBSS_FSV;IV.tab16;C40;Transferts avec les complémentaires;2019;1191;MEUR;1000000;119100000000;False;serie_documentaire_etape_non_inferree;https://www.securite-sociale.fr/files/live/sites/SSFR/files/medias/PLFSS/2023/Annexe%203_Tableaux.xlsx
2023;2020;recettes_detaillees;consolide_ROBSS_FSV;IV.tab16;E40;Transferts avec les complémentaires;2020;1227;MEUR;1000000;122700000000;False;serie_documentaire_etape_non_inferree;https://www.securite-sociale.fr/files/live/sites/SSFR/files/medias/PLFSS/2023/Annexe%203_Tableaux.xlsx
2023;2021;recettes_detaillees;consolide_ROBSS_FSV;IV.tab16;G40;Transferts avec les complémentaires;2021;1441;MEUR;1000000;144100000000;False;serie_documentaire_etape_non_inferree;https://www.securite-sociale.fr/files/live/sites/SSFR/files/medias/PLFSS/2023/Annexe%203_Tableaux.xlsx
2023;2022;recettes_detaillees;consolide_ROBSS_FSV;IV.tab16;I40;Transferts avec les complémentaires;2022 (p);1343;MEUR;1000000;134300000000;False;prevision_explicitement_etiquetee;https://www.securite-sociale.fr/files/live/sites/SSFR/files/medias/PLFSS/2023/Annexe%203_Tableaux.xlsx
2023;2023;recettes_detaillees;consolide_ROBSS_FSV;IV.tab16;K40;Transferts avec les complémentaires;2023 (p);1444;MEUR;1000000;144400000000;False;prevision_explicitement_etiquetee;https://www.securite-sociale.fr/files/live/sites/SSFR/files/medias/PLFSS/2023/Annexe%203_Tableaux.xlsx
2023;2019;recettes_detaillees;consolide_ROBSS_FSV;IV.tab16;C41;AUTRES PRODUITS NETS;2019;7706;MEUR;1000000;770600000000;False;serie_documentaire_etape_non_inferree;https://www.securite-sociale.fr/files/live/sites/SSFR/files/medias/PLFSS/2023/Annexe%203_Tableaux.xlsx
2023;2020;recettes_detaillees;consolide_ROBSS_FSV;IV.tab16;E41;AUTRES PRODUITS NETS;2020;8836;MEUR;1000000;883600000000;False;serie_documentaire_etape_non_inferree;https://www.securite-sociale.fr/files/live/sites/SSFR/files/medias/PLFSS/2023/Annexe%203_Tableaux.xlsx
2023;2021;recettes_detaillees;consolide_ROBSS_FSV;IV.tab16;G41;AUTRES PRODUITS NETS;2021;10598;MEUR;1000000;1059800000000;False;serie_documentaire_etape_non_inferree;https://www.securite-sociale.fr/files/live/sites/SSFR/files/medias/PLFSS/2023/Annexe%203_Tableaux.xlsx
2023;2022;recettes_detaillees;consolide_ROBSS_FSV;IV.tab16;I41;AUTRES PRODUITS NETS;2022 (p);12577;MEUR;1000000;1257700000000;False;prevision_explicitement_etiquetee;https://www.securite-sociale.fr/files/live/sites/SSFR/files/medias/PLFSS/2023/Annexe%203_Tableaux.xlsx
2023;2023;recettes_detaillees;consolide_ROBSS_FSV;IV.tab16;K41;AUTRES PRODUITS NETS;2023 (p);13100;MEUR;1000000;1310000000000;False;prevision_explicitement_etiquetee;https://www.securite-sociale.fr/files/live/sites/SSFR/files/medias/PLFSS/2023/Annexe%203_Tableaux.xlsx
2023;2019;depenses_detaillees;consolide_ROBSS_FSV;IV.tab21;C4;Prestations sociales nettes;2019;487386;MEUR;1000000;48738600000000;False;serie_documentaire_etape_non_inferree;https://www.securite-sociale.fr/files/live/sites/SSFR/files/medias/PLFSS/2023/Annexe%203_Tableaux.xlsx
2023;2020;depenses_detaillees;consolide_ROBSS_FSV;IV.tab21;E4;Prestations sociales nettes;2020;509805;MEUR;1000000;50980500000000;False;serie_documentaire_etape_non_inferree;https://www.securite-sociale.fr/files/live/sites/SSFR/files/medias/PLFSS/2023/Annexe%203_Tableaux.xlsx
2023;2021;depenses_detaillees;consolide_ROBSS_FSV;IV.tab21;G4;Prestations sociales nettes;2021;532862;MEUR;1000000;53286200000000;False;serie_documentaire_etape_non_inferree;https://www.securite-sociale.fr/files/live/sites/SSFR/files/medias/PLFSS/2023/Annexe%203_Tableaux.xlsx
2023;2022;depenses_detaillees;consolide_ROBSS_FSV;IV.tab21;J4;Prestations sociales nettes;2022(p);554716;MEUR;1000000;55471600000000;False;prevision_explicitement_etiquetee;https://www.securite-sociale.fr/files/live/sites/SSFR/files/medias/PLFSS/2023/Annexe%203_Tableaux.xlsx
2023;2023;depenses_detaillees;consolide_ROBSS_FSV;IV.tab21;L4;Prestations sociales nettes;2023(p);569860;MEUR;1000000;56986000000000;False;prevision_explicitement_etiquetee;https://www.securite-sociale.fr/files/live/sites/SSFR/files/medias/PLFSS/2023/Annexe%203_Tableaux.xlsx
2023;2019;depenses_detaillees;consolide_ROBSS_FSV;IV.tab21;C5;Prestations légales;2019;481055;MEUR;1000000;48105500000000;False;serie_documentaire_etape_non_inferree;https://www.securite-sociale.fr/files/live/sites/SSFR/files/medias/PLFSS/2023/Annexe%203_Tableaux.xlsx
2023;2020;depenses_detaillees;consolide_ROBSS_FSV;IV.tab21;E5;Prestations légales;2020;503460;MEUR;1000000;50346000000000;False;serie_documentaire_etape_non_inferree;https://www.securite-sociale.fr/files/live/sites/SSFR/files/medias/PLFSS/2023/Annexe%203_Tableaux.xlsx
2023;2021;depenses_detaillees;consolide_ROBSS_FSV;IV.tab21;G5;Prestations légales;2021;526244;MEUR;1000000;52624400000000;False;serie_documentaire_etape_non_inferree;https://www.securite-sociale.fr/files/live/sites/SSFR/files/medias/PLFSS/2023/Annexe%203_Tableaux.xlsx
2023;2022;depenses_detaillees;consolide_ROBSS_FSV;IV.tab21;J5;Prestations légales;2022(p);547713;MEUR;1000000;54771300000000;False;prevision_explicitement_etiquetee;https://www.securite-sociale.fr/files/live/sites/SSFR/files/medias/PLFSS/2023/Annexe%203_Tableaux.xlsx
2023;2023;depenses_detaillees;consolide_ROBSS_FSV;IV.tab21;L5;Prestations légales;2023(p);562727;MEUR;1000000;56272700000000;False;prevision_explicitement_etiquetee;https://www.securite-sociale.fr/files/live/sites/SSFR/files/medias/PLFSS/2023/Annexe%203_Tableaux.xlsx
2023;2019;depenses_detaillees;consolide_ROBSS_FSV;IV.tab21;C6;Prestations extralégales;2019;6331;MEUR;1000000;633100000000;False;serie_documentaire_etape_non_inferree;https://www.securite-sociale.fr/files/live/sites/SSFR/files/medias/PLFSS/2023/Annexe%203_Tableaux.xlsx
2023;2020;depenses_detaillees;consolide_ROBSS_FSV;IV.tab21;E6;Prestations extralégales;2020;6344;MEUR;1000000;634400000000;False;serie_documentaire_etape_non_inferree;https://www.securite-sociale.fr/files/live/sites/SSFR/files/medias/PLFSS/2023/Annexe%203_Tableaux.xlsx
2023;2021;depenses_detaillees;consolide_ROBSS_FSV;IV.tab21;G6;Prestations extralégales;2021;6618;MEUR;1000000;661800000000;False;serie_documentaire_etape_non_inferree;https://www.securite-sociale.fr/files/live/sites/SSFR/files/medias/PLFSS/2023/Annexe%203_Tableaux.xlsx
2023;2022;depenses_detaillees;consolide_ROBSS_FSV;IV.tab21;J6;Prestations extralégales;2022(p);7003;MEUR;1000000;700300000000;False;prevision_explicitement_etiquetee;https://www.securite-sociale.fr/files/live/sites/SSFR/files/medias/PLFSS/2023/Annexe%203_Tableaux.xlsx
2023;2023;depenses_detaillees;consolide_ROBSS_FSV;IV.tab21;L6;Prestations extralégales;2023(p);7134;MEUR;1000000;713400000000;False;prevision_explicitement_etiquetee;https://www.securite-sociale.fr/files/live/sites/SSFR/files/medias/PLFSS/2023/Annexe%203_Tableaux.xlsx
2023;2019;depenses_detaillees;consolide_ROBSS_FSV;IV.tab21;C7;Transferts versés nets;2019;8793;MEUR;1000000;879300000000;False;serie_documentaire_etape_non_inferree;https://www.securite-sociale.fr/files/live/sites/SSFR/files/medias/PLFSS/2023/Annexe%203_Tableaux.xlsx
2023;2020;depenses_detaillees;consolide_ROBSS_FSV;IV.tab21;E7;Transferts versés nets;2020;13813;MEUR;1000000;1381300000000;False;serie_documentaire_etape_non_inferree;https://www.securite-sociale.fr/files/live/sites/SSFR/files/medias/PLFSS/2023/Annexe%203_Tableaux.xlsx
2023;2021;depenses_detaillees;consolide_ROBSS_FSV;IV.tab21;G7;Transferts versés nets;2021;20824;MEUR;1000000;2082400000000;False;serie_documentaire_etape_non_inferree;https://www.securite-sociale.fr/files/live/sites/SSFR/files/medias/PLFSS/2023/Annexe%203_Tableaux.xlsx
2023;2022;depenses_detaillees;consolide_ROBSS_FSV;IV.tab21;J7;Transferts versés nets;2022(p);21143;MEUR;1000000;2114300000000;False;prevision_explicitement_etiquetee;https://www.securite-sociale.fr/files/live/sites/SSFR/files/medias/PLFSS/2023/Annexe%203_Tableaux.xlsx
2023;2023;depenses_detaillees;consolide_ROBSS_FSV;IV.tab21;L7;Transferts versés nets;2023(p);18223;MEUR;1000000;1822300000000;False;prevision_explicitement_etiquetee;https://www.securite-sociale.fr/files/live/sites/SSFR/files/medias/PLFSS/2023/Annexe%203_Tableaux.xlsx
2023;2019;depenses_detaillees;consolide_ROBSS_FSV;IV.tab21;C8;Transferts vers les régimes de base;2019;685;MEUR;1000000;68500000000;False;serie_documentaire_etape_non_inferree;https://www.securite-sociale.fr/files/live/sites/SSFR/files/medias/PLFSS/2023/Annexe%203_Tableaux.xlsx
2023;2020;depenses_detaillees;consolide_ROBSS_FSV;IV.tab21;E8;Transferts vers les régimes de base;2020;697;MEUR;1000000;69700000000;False;serie_documentaire_etape_non_inferree;https://www.securite-sociale.fr/files/live/sites/SSFR/files/medias/PLFSS/2023/Annexe%203_Tableaux.xlsx
2023;2021;depenses_detaillees;consolide_ROBSS_FSV;IV.tab21;G8;Transferts vers les régimes de base;2021;2268;MEUR;1000000;226800000000;False;serie_documentaire_etape_non_inferree;https://www.securite-sociale.fr/files/live/sites/SSFR/files/medias/PLFSS/2023/Annexe%203_Tableaux.xlsx
2023;2022;depenses_detaillees;consolide_ROBSS_FSV;IV.tab21;J8;Transferts vers les régimes de base;2022(p);2546;MEUR;1000000;254600000000;False;prevision_explicitement_etiquetee;https://www.securite-sociale.fr/files/live/sites/SSFR/files/medias/PLFSS/2023/Annexe%203_Tableaux.xlsx
2023;2023;depenses_detaillees;consolide_ROBSS_FSV;IV.tab21;L8;Transferts vers les régimes de base;2023(p);2690;MEUR;1000000;269000000000;False;prevision_explicitement_etiquetee;https://www.securite-sociale.fr/files/live/sites/SSFR/files/medias/PLFSS/2023/Annexe%203_Tableaux.xlsx
2023;2019;depenses_detaillees;consolide_ROBSS_FSV;IV.tab21;C9;Transferts vers les fonds;2019;5573;MEUR;1000000;557300000000;False;serie_documentaire_etape_non_inferree;https://www.securite-sociale.fr/files/live/sites/SSFR/files/medias/PLFSS/2023/Annexe%203_Tableaux.xlsx
2023;2020;depenses_detaillees;consolide_ROBSS_FSV;IV.tab21;E9;Transferts vers les fonds;2020;10839;MEUR;1000000;1083900000000;False;serie_documentaire_etape_non_inferree;https://www.securite-sociale.fr/files/live/sites/SSFR/files/medias/PLFSS/2023/Annexe%203_Tableaux.xlsx
2023;2021;depenses_detaillees;consolide_ROBSS_FSV;IV.tab21;G9;Transferts vers les fonds;2021;12144;MEUR;1000000;1214400000000;False;serie_documentaire_etape_non_inferree;https://www.securite-sociale.fr/files/live/sites/SSFR/files/medias/PLFSS/2023/Annexe%203_Tableaux.xlsx
2023;2022;depenses_detaillees;consolide_ROBSS_FSV;IV.tab21;J9;Transferts vers les fonds;2022(p);11911;MEUR;1000000;1191100000000;False;prevision_explicitement_etiquetee;https://www.securite-sociale.fr/files/live/sites/SSFR/files/medias/PLFSS/2023/Annexe%203_Tableaux.xlsx
2023;2023;depenses_detaillees;consolide_ROBSS_FSV;IV.tab21;L9;Transferts vers les fonds;2023(p);8390;MEUR;1000000;839000000000;False;prevision_explicitement_etiquetee;https://www.securite-sociale.fr/files/live/sites/SSFR/files/medias/PLFSS/2023/Annexe%203_Tableaux.xlsx
2023;2019;depenses_detaillees;consolide_ROBSS_FSV;IV.tab21;C10;Autres transferts;2019;2534;MEUR;1000000;253400000000;False;serie_documentaire_etape_non_inferree;https://www.securite-sociale.fr/files/live/sites/SSFR/files/medias/PLFSS/2023/Annexe%203_Tableaux.xlsx
2023;2020;depenses_detaillees;consolide_ROBSS_FSV;IV.tab21;E10;Autres transferts;2020;2276;MEUR;1000000;227600000000;False;serie_documentaire_etape_non_inferree;https://www.securite-sociale.fr/files/live/sites/SSFR/files/medias/PLFSS/2023/Annexe%203_Tableaux.xlsx
2023;2021;depenses_detaillees;consolide_ROBSS_FSV;IV.tab21;G10;Autres transferts;2021;6412;MEUR;1000000;641200000000;False;serie_documentaire_etape_non_inferree;https://www.securite-sociale.fr/files/live/sites/SSFR/files/medias/PLFSS/2023/Annexe%203_Tableaux.xlsx
2023;2022;depenses_detaillees;consolide_ROBSS_FSV;IV.tab21;J10;Autres transferts;2022(p);6686;MEUR;1000000;668600000000;False;prevision_explicitement_etiquetee;https://www.securite-sociale.fr/files/live/sites/SSFR/files/medias/PLFSS/2023/Annexe%203_Tableaux.xlsx
2023;2023;depenses_detaillees;consolide_ROBSS_FSV;IV.tab21;L10;Autres transferts;2023(p);7143;MEUR;1000000;714300000000;False;prevision_explicitement_etiquetee;https://www.securite-sociale.fr/files/live/sites/SSFR/files/medias/PLFSS/2023/Annexe%203_Tableaux.xlsx
2023;2019;depenses_detaillees;consolide_ROBSS_FSV;IV.tab21;C11;Charges de gestion courante;2019;12584;MEUR;1000000;1258400000000;False;serie_documentaire_etape_non_inferree;https://www.securite-sociale.fr/files/live/sites/SSFR/files/medias/PLFSS/2023/Annexe%203_Tableaux.xlsx
2023;2020;depenses_detaillees;consolide_ROBSS_FSV;IV.tab21;E11;Charges de gestion courante;2020;12530;MEUR;1000000;1253000000000;False;serie_documentaire_etape_non_inferree;https://www.securite-sociale.fr/files/live/sites/SSFR/files/medias/PLFSS/2023/Annexe%203_Tableaux.xlsx
2023;2021;depenses_detaillees;consolide_ROBSS_FSV;IV.tab21;G11;Charges de gestion courante;2021;12757;MEUR;1000000;1275700000000;False;serie_documentaire_etape_non_inferree;https://www.securite-sociale.fr/files/live/sites/SSFR/files/medias/PLFSS/2023/Annexe%203_Tableaux.xlsx
2023;2022;depenses_detaillees;consolide_ROBSS_FSV;IV.tab21;J11;Charges de gestion courante;2022(p);12875;MEUR;1000000;1287500000000;False;prevision_explicitement_etiquetee;https://www.securite-sociale.fr/files/live/sites/SSFR/files/medias/PLFSS/2023/Annexe%203_Tableaux.xlsx
2023;2023;depenses_detaillees;consolide_ROBSS_FSV;IV.tab21;L11;Charges de gestion courante;2023(p);12820;MEUR;1000000;1282000000000;False;prevision_explicitement_etiquetee;https://www.securite-sociale.fr/files/live/sites/SSFR/files/medias/PLFSS/2023/Annexe%203_Tableaux.xlsx
2023;2019;depenses_detaillees;consolide_ROBSS_FSV;IV.tab21;C12;Charges financières;2019;225;MEUR;1000000;22500000000;False;serie_documentaire_etape_non_inferree;https://www.securite-sociale.fr/files/live/sites/SSFR/files/medias/PLFSS/2023/Annexe%203_Tableaux.xlsx
2023;2020;depenses_detaillees;consolide_ROBSS_FSV;IV.tab21;E12;Charges financières;2020;118;MEUR;1000000;11800000000;False;serie_documentaire_etape_non_inferree;https://www.securite-sociale.fr/files/live/sites/SSFR/files/medias/PLFSS/2023/Annexe%203_Tableaux.xlsx
2023;2021;depenses_detaillees;consolide_ROBSS_FSV;IV.tab21;G12;Charges financières;2021;144;MEUR;1000000;14400000000;False;serie_documentaire_etape_non_inferree;https://www.securite-sociale.fr/files/live/sites/SSFR/files/medias/PLFSS/2023/Annexe%203_Tableaux.xlsx
2023;2022;depenses_detaillees;consolide_ROBSS_FSV;IV.tab21;J12;Charges financières;2022(p);97;MEUR;1000000;9700000000;False;prevision_explicitement_etiquetee;https://www.securite-sociale.fr/files/live/sites/SSFR/files/medias/PLFSS/2023/Annexe%203_Tableaux.xlsx
2023;2023;depenses_detaillees;consolide_ROBSS_FSV;IV.tab21;L12;Charges financières;2023(p);158;MEUR;1000000;15800000000;False;prevision_explicitement_etiquetee;https://www.securite-sociale.fr/files/live/sites/SSFR/files/medias/PLFSS/2023/Annexe%203_Tableaux.xlsx
2023;2019;depenses_detaillees;consolide_ROBSS_FSV;IV.tab21;C13;Autres charges;2019;730;MEUR;1000000;73000000000;False;serie_documentaire_etape_non_inferree;https://www.securite-sociale.fr/files/live/sites/SSFR/files/medias/PLFSS/2023/Annexe%203_Tableaux.xlsx
2023;2020;depenses_detaillees;consolide_ROBSS_FSV;IV.tab21;E13;Autres charges;2020;681;MEUR;1000000;68100000000;False;serie_documentaire_etape_non_inferree;https://www.securite-sociale.fr/files/live/sites/SSFR/files/medias/PLFSS/2023/Annexe%203_Tableaux.xlsx
2023;2021;depenses_detaillees;consolide_ROBSS_FSV;IV.tab21;G13;Autres charges;2021;691;MEUR;1000000;69100000000;False;serie_documentaire_etape_non_inferree;https://www.securite-sociale.fr/files/live/sites/SSFR/files/medias/PLFSS/2023/Annexe%203_Tableaux.xlsx
2023;2022;depenses_detaillees;consolide_ROBSS_FSV;IV.tab21;J13;Autres charges;2022(p);759;MEUR;1000000;75900000000;False;prevision_explicitement_etiquetee;https://www.securite-sociale.fr/files/live/sites/SSFR/files/medias/PLFSS/2023/Annexe%203_Tableaux.xlsx
2023;2023;depenses_detaillees;consolide_ROBSS_FSV;IV.tab21;L13;Autres charges;2023(p);703;MEUR;1000000;70300000000;False;prevision_explicitement_etiquetee;https://www.securite-sociale.fr/files/live/sites/SSFR/files/medias/PLFSS/2023/Annexe%203_Tableaux.xlsx
2023;2019;depenses_detaillees;consolide_ROBSS_FSV;IV.tab21;C14;Ensemble des charges nettes des ROBSS et du FSV;2019;509717;MEUR;1000000;50971700000000;False;serie_documentaire_etape_non_inferree;https://www.securite-sociale.fr/files/live/sites/SSFR/files/medias/PLFSS/2023/Annexe%203_Tableaux.xlsx
2023;2020;depenses_detaillees;consolide_ROBSS_FSV;IV.tab21;E14;Ensemble des charges nettes des ROBSS et du FSV;2020;536947;MEUR;1000000;53694700000000;False;serie_documentaire_etape_non_inferree;https://www.securite-sociale.fr/files/live/sites/SSFR/files/medias/PLFSS/2023/Annexe%203_Tableaux.xlsx
2023;2021;depenses_detaillees;consolide_ROBSS_FSV;IV.tab21;G14;Ensemble des charges nettes des ROBSS et du FSV;2021;567278;MEUR;1000000;56727800000000;False;serie_documentaire_etape_non_inferree;https://www.securite-sociale.fr/files/live/sites/SSFR/files/medias/PLFSS/2023/Annexe%203_Tableaux.xlsx
2023;2022;depenses_detaillees;consolide_ROBSS_FSV;IV.tab21;J14;Ensemble des charges nettes des ROBSS et du FSV;2022(p);589590;MEUR;1000000;58959000000000;False;prevision_explicitement_etiquetee;https://www.securite-sociale.fr/files/live/sites/SSFR/files/medias/PLFSS/2023/Annexe%203_Tableaux.xlsx
2023;2023;depenses_detaillees;consolide_ROBSS_FSV;IV.tab21;L14;Ensemble des charges nettes des ROBSS et du FSV;2023(p);601764;MEUR;1000000;60176400000000;False;prevision_explicitement_etiquetee;https://www.securite-sociale.fr/files/live/sites/SSFR/files/medias/PLFSS/2023/Annexe%203_Tableaux.xlsx
